image_name,predict_score,mos
./Datasets/KADID10K/images/I01_01_01.png,0.022325685247778893,0.8925000000000001
./Datasets/KADID10K/images/I01_01_02.png,0.1011456772685051,0.8325
./Datasets/KADID10K/images/I01_01_03.png,0.16588380932807922,0.4175
./Datasets/KADID10K/images/I01_01_04.png,0.32004547119140625,0.16749999999999998
./Datasets/KADID10K/images/I01_01_05.png,0.6693581342697144,0.025000000000000022
./Datasets/KADID10K/images/I01_02_01.png,0.1365448236465454,0.7075
./Datasets/KADID10K/images/I01_02_02.png,0.17301031947135925,0.3175
./Datasets/KADID10K/images/I01_02_03.png,0.37554287910461426,0.1325
./Datasets/KADID10K/images/I01_02_04.png,0.5102510452270508,0.057499999999999996
./Datasets/KADID10K/images/I01_02_05.png,0.5988418459892273,0.04999999999999999
./Datasets/KADID10K/images/I01_03_01.png,0.022325685247778893,0.9325000000000001
./Datasets/KADID10K/images/I01_03_02.png,0.08212732523679733,0.7425
./Datasets/KADID10K/images/I01_03_03.png,0.16180378198623657,0.42500000000000004
./Datasets/KADID10K/images/I01_03_04.png,0.19553625583648682,0.25749999999999995
./Datasets/KADID10K/images/I01_03_05.png,0.2669629752635956,0.125
./Datasets/KADID10K/images/I01_04_01.png,0.013720331713557243,0.9325000000000001
./Datasets/KADID10K/images/I01_04_02.png,0.09473895281553268,0.2925
./Datasets/KADID10K/images/I01_04_03.png,0.19798438251018524,0.09250000000000003
./Datasets/KADID10K/images/I01_04_04.png,0.2488923817873001,0.125
./Datasets/KADID10K/images/I01_04_05.png,0.3029603958129883,0.1175
./Datasets/KADID10K/images/I01_05_01.png,0.1460605263710022,0.75
./Datasets/KADID10K/images/I01_05_02.png,0.20496565103530884,0.30000000000000004
./Datasets/KADID10K/images/I01_05_03.png,0.2230393886566162,0.14250000000000002
./Datasets/KADID10K/images/I01_05_04.png,0.23094306886196136,0.08250000000000002
./Datasets/KADID10K/images/I01_05_05.png,0.22799016535282135,0.15000000000000002
./Datasets/KADID10K/images/I01_06_01.png,0.0007439187029376626,0.8075000000000001
./Datasets/KADID10K/images/I01_06_02.png,0.0002421598619548604,0.8500000000000001
./Datasets/KADID10K/images/I01_06_03.png,4.691367212217301e-05,0.725
./Datasets/KADID10K/images/I01_06_04.png,1.560691998747643e-05,0.475
./Datasets/KADID10K/images/I01_06_05.png,9.220833590006805e-07,0.3175
./Datasets/KADID10K/images/I01_07_01.png,0.036322228610515594,0.4325
./Datasets/KADID10K/images/I01_07_02.png,0.10949701815843582,0.375
./Datasets/KADID10K/images/I01_07_03.png,0.1900215893983841,0.3175
./Datasets/KADID10K/images/I01_07_04.png,0.2563723623752594,0.36750000000000005
./Datasets/KADID10K/images/I01_07_05.png,0.4060225486755371,0.30000000000000004
./Datasets/KADID10K/images/I01_08_01.png,0.022325685247778893,0.925
./Datasets/KADID10K/images/I01_08_02.png,0.11681418865919113,0.6925
./Datasets/KADID10K/images/I01_08_03.png,0.18744948506355286,0.4325
./Datasets/KADID10K/images/I01_08_04.png,0.19137275218963623,0.2425
./Datasets/KADID10K/images/I01_08_05.png,0.25023242831230164,0.16749999999999998
./Datasets/KADID10K/images/I01_09_01.png,0.02777188830077648,0.8999999999999999
./Datasets/KADID10K/images/I01_09_02.png,0.04881727695465088,0.9175
./Datasets/KADID10K/images/I01_09_03.png,0.08365258574485779,0.8500000000000001
./Datasets/KADID10K/images/I01_09_04.png,0.32307329773902893,0.475
./Datasets/KADID10K/images/I01_09_05.png,0.5503460168838501,0.09250000000000003
./Datasets/KADID10K/images/I01_10_01.png,0.1175210028886795,0.8425
./Datasets/KADID10K/images/I01_10_02.png,0.13786718249320984,0.7325
./Datasets/KADID10K/images/I01_10_03.png,0.24730892479419708,0.6925
./Datasets/KADID10K/images/I01_10_04.png,0.5948061347007751,0.14500000000000002
./Datasets/KADID10K/images/I01_10_05.png,0.7844581604003906,0.04249999999999998
./Datasets/KADID10K/images/I01_11_01.png,0.09046214818954468,0.7575000000000001
./Datasets/KADID10K/images/I01_11_02.png,0.17477229237556458,0.5675
./Datasets/KADID10K/images/I01_11_03.png,0.1871575117111206,0.4175
./Datasets/KADID10K/images/I01_11_04.png,0.25745272636413574,0.3175
./Datasets/KADID10K/images/I01_11_05.png,0.32898280024528503,0.3425
./Datasets/KADID10K/images/I01_12_01.png,0.04129170998930931,0.8574999999999999
./Datasets/KADID10K/images/I01_12_02.png,0.12445326149463654,0.675
./Datasets/KADID10K/images/I01_12_03.png,0.2181699424982071,0.4425
./Datasets/KADID10K/images/I01_12_04.png,0.2853071689605713,0.3425
./Datasets/KADID10K/images/I01_12_05.png,0.30003851652145386,0.2425
./Datasets/KADID10K/images/I01_13_01.png,0.008474430069327354,0.6675
./Datasets/KADID10K/images/I01_13_02.png,0.00016587736899964511,0.4675
./Datasets/KADID10K/images/I01_13_03.png,9.334857895737514e-05,0.4
./Datasets/KADID10K/images/I01_13_04.png,0.004375293385237455,0.26749999999999996
./Datasets/KADID10K/images/I01_13_05.png,0.030512891709804535,0.25749999999999995
./Datasets/KADID10K/images/I01_14_01.png,0.02680729702115059,0.8925000000000001
./Datasets/KADID10K/images/I01_14_02.png,0.0724731907248497,0.6425
./Datasets/KADID10K/images/I01_14_03.png,0.14075788855552673,0.5325
./Datasets/KADID10K/images/I01_14_04.png,0.2350166141986847,0.375
./Datasets/KADID10K/images/I01_14_05.png,0.3102196753025055,0.3175
./Datasets/KADID10K/images/I01_15_01.png,0.31919875741004944,0.6425
./Datasets/KADID10K/images/I01_15_02.png,0.41882210969924927,0.4075
./Datasets/KADID10K/images/I01_15_03.png,0.4773385226726532,0.1925
./Datasets/KADID10K/images/I01_15_04.png,0.5539150238037109,0.09999999999999998
./Datasets/KADID10K/images/I01_15_05.png,0.601963460445404,0.08250000000000002
./Datasets/KADID10K/images/I01_16_01.png,0.021078838035464287,0.8425
./Datasets/KADID10K/images/I01_16_02.png,0.020997053012251854,0.8674999999999999
./Datasets/KADID10K/images/I01_16_03.png,0.01795816980302334,0.735
./Datasets/KADID10K/images/I01_16_04.png,0.022469405084848404,0.5425
./Datasets/KADID10K/images/I01_16_05.png,0.1015557199716568,0.29500000000000004
./Datasets/KADID10K/images/I01_17_01.png,0.02351849153637886,0.875
./Datasets/KADID10K/images/I01_17_02.png,0.02382439188659191,0.8925000000000001
./Datasets/KADID10K/images/I01_17_03.png,0.02386598475277424,0.8325
./Datasets/KADID10K/images/I01_17_04.png,0.027227867394685745,0.6
./Datasets/KADID10K/images/I01_17_05.png,0.03211553767323494,0.2825
./Datasets/KADID10K/images/I01_18_01.png,0.013943438418209553,0.875
./Datasets/KADID10K/images/I01_18_02.png,0.016861386597156525,0.8925000000000001
./Datasets/KADID10K/images/I01_18_03.png,0.022325685247778893,0.8925000000000001
./Datasets/KADID10K/images/I01_18_04.png,0.008577055297791958,0.8425
./Datasets/KADID10K/images/I01_18_05.png,0.010494571179151535,0.7425
./Datasets/KADID10K/images/I01_19_01.png,0.04578148201107979,0.8825000000000001
./Datasets/KADID10K/images/I01_19_02.png,0.06240047141909599,0.7325
./Datasets/KADID10K/images/I01_19_03.png,0.19322317838668823,0.4425
./Datasets/KADID10K/images/I01_19_04.png,0.23648123443126678,0.1325
./Datasets/KADID10K/images/I01_19_05.png,0.1923796534538269,0.09250000000000003
./Datasets/KADID10K/images/I01_20_01.png,0.024221688508987427,0.8825000000000001
./Datasets/KADID10K/images/I01_20_02.png,0.03228018805384636,0.725
./Datasets/KADID10K/images/I01_20_03.png,0.03118239901959896,0.75
./Datasets/KADID10K/images/I01_20_04.png,0.027997564524412155,0.5825
./Datasets/KADID10K/images/I01_20_05.png,0.018727656453847885,0.5575
./Datasets/KADID10K/images/I01_21_01.png,0.04505016282200813,0.5925
./Datasets/KADID10K/images/I01_21_02.png,0.04268480837345123,0.39249999999999996
./Datasets/KADID10K/images/I01_21_03.png,0.07340412586927414,0.25749999999999995
./Datasets/KADID10K/images/I01_21_04.png,0.11434857547283173,0.2825
./Datasets/KADID10K/images/I01_21_05.png,0.2545410990715027,0.10749999999999998
./Datasets/KADID10K/images/I01_22_01.png,0.05473833531141281,0.9075
./Datasets/KADID10K/images/I01_22_02.png,0.09781967103481293,0.75
./Datasets/KADID10K/images/I01_22_03.png,0.11634080857038498,0.75
./Datasets/KADID10K/images/I01_22_04.png,0.1147271916270256,0.55
./Datasets/KADID10K/images/I01_22_05.png,0.13995954394340515,0.30000000000000004
./Datasets/KADID10K/images/I01_23_01.png,0.02458401583135128,0.4325
./Datasets/KADID10K/images/I01_23_02.png,0.048173073679208755,0.2925
./Datasets/KADID10K/images/I01_23_03.png,0.05894092842936516,0.30000000000000004
./Datasets/KADID10K/images/I01_23_04.png,0.09345727413892746,0.3425
./Datasets/KADID10K/images/I01_23_05.png,0.06223268806934357,0.14250000000000002
./Datasets/KADID10K/images/I01_24_01.png,0.0013460847549140453,0.6425
./Datasets/KADID10K/images/I01_24_02.png,0.0023158532567322254,0.375
./Datasets/KADID10K/images/I01_24_03.png,0.0046400041319429874,0.21750000000000003
./Datasets/KADID10K/images/I01_24_04.png,0.021704884245991707,0.15000000000000002
./Datasets/KADID10K/images/I01_24_05.png,0.06586728990077972,0.09999999999999998
./Datasets/KADID10K/images/I01_25_01.png,0.008092830888926983,0.6075
./Datasets/KADID10K/images/I01_25_02.png,0.007566641550511122,0.7175
./Datasets/KADID10K/images/I01_25_03.png,0.011970292776823044,0.815
./Datasets/KADID10K/images/I01_25_04.png,0.035210415720939636,0.7925
./Datasets/KADID10K/images/I01_25_05.png,0.08984910696744919,0.5675
./Datasets/KADID10K/images/I02_01_01.png,0.0022240905091166496,0.875
./Datasets/KADID10K/images/I02_01_02.png,0.03878861665725708,0.7925
./Datasets/KADID10K/images/I02_01_03.png,0.34332960844039917,0.26749999999999996
./Datasets/KADID10K/images/I02_01_04.png,0.5365377068519592,0.14250000000000002
./Datasets/KADID10K/images/I02_01_05.png,0.772366464138031,0.0675
./Datasets/KADID10K/images/I02_02_01.png,0.14289222657680511,0.55
./Datasets/KADID10K/images/I02_02_02.png,0.3849831819534302,0.3175
./Datasets/KADID10K/images/I02_02_03.png,0.5490061044692993,0.14250000000000002
./Datasets/KADID10K/images/I02_02_04.png,0.630164623260498,0.04249999999999998
./Datasets/KADID10K/images/I02_02_05.png,0.673271119594574,0.0
./Datasets/KADID10K/images/I02_03_01.png,0.0022240905091166496,0.8999999999999999
./Datasets/KADID10K/images/I02_03_02.png,0.06480671465396881,0.6925
./Datasets/KADID10K/images/I02_03_03.png,0.42707303166389465,0.3325
./Datasets/KADID10K/images/I02_03_04.png,0.30037128925323486,0.2
./Datasets/KADID10K/images/I02_03_05.png,0.30357885360717773,0.04999999999999999
./Datasets/KADID10K/images/I02_04_01.png,0.012344906106591225,0.825
./Datasets/KADID10K/images/I02_04_02.png,0.012078670784831047,0.4175
./Datasets/KADID10K/images/I02_04_03.png,0.007963407784700394,0.21750000000000003
./Datasets/KADID10K/images/I02_04_04.png,0.016435770317912102,0.1925
./Datasets/KADID10K/images/I02_04_05.png,0.045062627643346786,0.1325
./Datasets/KADID10K/images/I02_05_01.png,0.08537096530199051,0.6925
./Datasets/KADID10K/images/I02_05_02.png,0.2715884745121002,0.2
./Datasets/KADID10K/images/I02_05_03.png,0.3449432849884033,0.08250000000000002
./Datasets/KADID10K/images/I02_05_04.png,0.35711807012557983,0.09250000000000003
./Datasets/KADID10K/images/I02_05_05.png,0.3605237603187561,0.1175
./Datasets/KADID10K/images/I02_06_01.png,0.0019046403467655182,0.8
./Datasets/KADID10K/images/I02_06_02.png,0.002895274432376027,0.7675000000000001
./Datasets/KADID10K/images/I02_06_03.png,0.006415843963623047,0.7425
./Datasets/KADID10K/images/I02_06_04.png,0.018085556104779243,0.675
./Datasets/KADID10K/images/I02_06_05.png,0.014161922968924046,0.4075
./Datasets/KADID10K/images/I02_07_01.png,0.010313950479030609,0.36750000000000005
./Datasets/KADID10K/images/I02_07_02.png,0.024831295013427734,0.3425
./Datasets/KADID10K/images/I02_07_03.png,0.03852715343236923,0.265
./Datasets/KADID10K/images/I02_07_04.png,0.05306698754429817,0.2425
./Datasets/KADID10K/images/I02_07_05.png,0.06841622292995453,0.1325
./Datasets/KADID10K/images/I02_08_01.png,0.0022240905091166496,0.8500000000000001
./Datasets/KADID10K/images/I02_08_02.png,0.019476160407066345,0.6
./Datasets/KADID10K/images/I02_08_03.png,0.05048440024256706,0.515
./Datasets/KADID10K/images/I02_08_04.png,0.11542697250843048,0.2425
./Datasets/KADID10K/images/I02_08_05.png,0.17927441000938416,0.09250000000000003
./Datasets/KADID10K/images/I02_09_01.png,0.11226531118154526,0.8925000000000001
./Datasets/KADID10K/images/I02_09_02.png,0.30983689427375793,0.6825
./Datasets/KADID10K/images/I02_09_03.png,0.3957021236419678,0.5175
./Datasets/KADID10K/images/I02_09_04.png,0.5820239186286926,0.1325
./Datasets/KADID10K/images/I02_09_05.png,0.769802987575531,0.0675
./Datasets/KADID10K/images/I02_10_01.png,0.0709233209490776,0.8999999999999999
./Datasets/KADID10K/images/I02_10_02.png,0.0731588825583458,0.8325
./Datasets/KADID10K/images/I02_10_03.png,0.15546005964279175,0.7825
./Datasets/KADID10K/images/I02_10_04.png,0.4339591860771179,0.4
./Datasets/KADID10K/images/I02_10_05.png,0.7348790168762207,0.15000000000000002
./Datasets/KADID10K/images/I02_11_01.png,0.019690372049808502,0.8174999999999999
./Datasets/KADID10K/images/I02_11_02.png,0.0755063146352768,0.675
./Datasets/KADID10K/images/I02_11_03.png,0.12219391018152237,0.6
./Datasets/KADID10K/images/I02_11_04.png,0.20562684535980225,0.4325
./Datasets/KADID10K/images/I02_11_05.png,0.32547900080680847,0.32499999999999996
./Datasets/KADID10K/images/I02_12_01.png,0.005341593641787767,0.9075
./Datasets/KADID10K/images/I02_12_02.png,0.04150760546326637,0.7649999999999999
./Datasets/KADID10K/images/I02_12_03.png,0.13747841119766235,0.6675
./Datasets/KADID10K/images/I02_12_04.png,0.25926753878593445,0.4
./Datasets/KADID10K/images/I02_12_05.png,0.3153047263622284,0.3425
./Datasets/KADID10K/images/I02_13_01.png,0.00884292833507061,0.8
./Datasets/KADID10K/images/I02_13_02.png,0.06427071243524551,0.5825
./Datasets/KADID10K/images/I02_13_03.png,0.16463705897331238,0.4325
./Datasets/KADID10K/images/I02_13_04.png,0.25891533493995667,0.38249999999999995
./Datasets/KADID10K/images/I02_13_05.png,0.3123374581336975,0.2425
./Datasets/KADID10K/images/I02_14_01.png,0.005781830288469791,0.8325
./Datasets/KADID10K/images/I02_14_02.png,0.02078706957399845,0.5925
./Datasets/KADID10K/images/I02_14_03.png,0.04832620173692703,0.42500000000000004
./Datasets/KADID10K/images/I02_14_04.png,0.10466761887073517,0.3325
./Datasets/KADID10K/images/I02_14_05.png,0.19378329813480377,0.25
./Datasets/KADID10K/images/I02_15_01.png,0.3736276924610138,0.6425
./Datasets/KADID10K/images/I02_15_02.png,0.5095599293708801,0.4425
./Datasets/KADID10K/images/I02_15_03.png,0.5463240742683411,0.25749999999999995
./Datasets/KADID10K/images/I02_15_04.png,0.6190647482872009,0.125
./Datasets/KADID10K/images/I02_15_05.png,0.6692063808441162,0.125
./Datasets/KADID10K/images/I02_16_01.png,0.003176440019160509,0.8500000000000001
./Datasets/KADID10K/images/I02_16_02.png,0.004093629773706198,0.8500000000000001
./Datasets/KADID10K/images/I02_16_03.png,0.00623634597286582,0.6925
./Datasets/KADID10K/images/I02_16_04.png,0.016717765480279922,0.475
./Datasets/KADID10K/images/I02_16_05.png,0.012636135332286358,0.20750000000000002
./Datasets/KADID10K/images/I02_17_01.png,0.0016624960117042065,0.875
./Datasets/KADID10K/images/I02_17_02.png,0.0011830978328362107,0.9075
./Datasets/KADID10K/images/I02_17_03.png,0.0006147974054329097,0.8325
./Datasets/KADID10K/images/I02_17_04.png,0.00018655705207493156,0.6575
./Datasets/KADID10K/images/I02_17_05.png,0.0002847944851964712,0.22499999999999998
./Datasets/KADID10K/images/I02_18_01.png,0.001764599233865738,0.7825
./Datasets/KADID10K/images/I02_18_02.png,0.001892543863505125,0.9075
./Datasets/KADID10K/images/I02_18_03.png,0.0022240905091166496,0.9325000000000001
./Datasets/KADID10K/images/I02_18_04.png,0.0003932273539248854,0.8325
./Datasets/KADID10K/images/I02_18_05.png,0.0003138619940727949,0.7575000000000001
./Datasets/KADID10K/images/I02_19_01.png,0.025169972330331802,0.7925
./Datasets/KADID10K/images/I02_19_02.png,0.045079559087753296,0.75
./Datasets/KADID10K/images/I02_19_03.png,0.21193329989910126,0.5575
./Datasets/KADID10K/images/I02_19_04.png,0.3305602967739105,0.14250000000000002
./Datasets/KADID10K/images/I02_19_05.png,0.30448025465011597,0.07500000000000001
./Datasets/KADID10K/images/I02_20_01.png,0.0033727409318089485,0.875
./Datasets/KADID10K/images/I02_20_02.png,0.002958460943773389,0.8674999999999999
./Datasets/KADID10K/images/I02_20_03.png,0.0033716384787112474,0.8500000000000001
./Datasets/KADID10K/images/I02_20_04.png,0.004391100257635117,0.7075
./Datasets/KADID10K/images/I02_20_05.png,0.005166833754628897,0.8500000000000001
./Datasets/KADID10K/images/I02_21_01.png,0.006964035797864199,0.8
./Datasets/KADID10K/images/I02_21_02.png,0.021046096459031105,0.5575
./Datasets/KADID10K/images/I02_21_03.png,0.07341355085372925,0.5325
./Datasets/KADID10K/images/I02_21_04.png,0.11740497499704361,0.4175
./Datasets/KADID10K/images/I02_21_05.png,0.5117701888084412,0.09250000000000003
./Datasets/KADID10K/images/I02_22_01.png,0.002585470676422119,0.9325000000000001
./Datasets/KADID10K/images/I02_22_02.png,0.0024319374933838844,0.815
./Datasets/KADID10K/images/I02_22_03.png,0.002945829415693879,0.8500000000000001
./Datasets/KADID10K/images/I02_22_04.png,0.007281807716935873,0.7325
./Datasets/KADID10K/images/I02_22_05.png,0.016328053548932076,0.55
./Datasets/KADID10K/images/I02_23_01.png,0.00206663622520864,0.275
./Datasets/KADID10K/images/I02_23_02.png,0.005116714164614677,0.42500000000000004
./Datasets/KADID10K/images/I02_23_03.png,0.008591091260313988,0.3175
./Datasets/KADID10K/images/I02_23_04.png,0.006641600746661425,0.30000000000000004
./Datasets/KADID10K/images/I02_23_05.png,0.010267846286296844,0.26749999999999996
./Datasets/KADID10K/images/I02_24_01.png,0.0004301884619053453,0.5175
./Datasets/KADID10K/images/I02_24_02.png,0.0004793100233655423,0.23249999999999998
./Datasets/KADID10K/images/I02_24_03.png,0.0005632295506075025,0.1175
./Datasets/KADID10K/images/I02_24_04.png,0.001007131882943213,0.057499999999999996
./Datasets/KADID10K/images/I02_24_05.png,0.002980740973725915,0.04999999999999999
./Datasets/KADID10K/images/I02_25_01.png,9.676082117948681e-05,0.5925
./Datasets/KADID10K/images/I02_25_02.png,0.00011532739154063165,0.675
./Datasets/KADID10K/images/I02_25_03.png,0.0003488469519652426,0.8174999999999999
./Datasets/KADID10K/images/I02_25_04.png,0.010043281130492687,0.7749999999999999
./Datasets/KADID10K/images/I02_25_05.png,0.03801466152071953,0.5825
./Datasets/KADID10K/images/I03_01_01.png,0.005292091518640518,0.925
./Datasets/KADID10K/images/I03_01_02.png,0.04385310411453247,0.9075
./Datasets/KADID10K/images/I03_01_03.png,0.3119400143623352,0.5
./Datasets/KADID10K/images/I03_01_04.png,0.5418508648872375,0.20750000000000002
./Datasets/KADID10K/images/I03_01_05.png,0.775761604309082,0.04249999999999998
./Datasets/KADID10K/images/I03_02_01.png,0.1813553124666214,0.7575000000000001
./Datasets/KADID10K/images/I03_02_02.png,0.34651756286621094,0.42500000000000004
./Datasets/KADID10K/images/I03_02_03.png,0.5768586993217468,0.175
./Datasets/KADID10K/images/I03_02_04.png,0.6916424036026001,0.1175
./Datasets/KADID10K/images/I03_02_05.png,0.745398998260498,0.057499999999999996
./Datasets/KADID10K/images/I03_03_01.png,0.005292091518640518,0.8999999999999999
./Datasets/KADID10K/images/I03_03_02.png,0.10510223358869553,0.8425
./Datasets/KADID10K/images/I03_03_03.png,0.2674906551837921,0.48250000000000004
./Datasets/KADID10K/images/I03_03_04.png,0.32625818252563477,0.3075
./Datasets/KADID10K/images/I03_03_05.png,0.5452538132667542,0.15749999999999997
./Datasets/KADID10K/images/I03_04_01.png,0.02484249137341976,0.8999999999999999
./Datasets/KADID10K/images/I03_04_02.png,0.13622073829174042,0.475
./Datasets/KADID10K/images/I03_04_03.png,0.296856552362442,0.1325
./Datasets/KADID10K/images/I03_04_04.png,0.360021710395813,0.04999999999999999
./Datasets/KADID10K/images/I03_04_05.png,0.4198663830757141,0.025000000000000022
./Datasets/KADID10K/images/I03_05_01.png,0.016122974455356598,0.9450000000000001
./Datasets/KADID10K/images/I03_05_02.png,0.07011763751506805,0.4125
./Datasets/KADID10K/images/I03_05_03.png,0.14002148807048798,0.25
./Datasets/KADID10K/images/I03_05_04.png,0.16132265329360962,0.21750000000000003
./Datasets/KADID10K/images/I03_05_05.png,0.1793193370103836,0.3075
./Datasets/KADID10K/images/I03_06_01.png,0.012410270981490612,0.75
./Datasets/KADID10K/images/I03_06_02.png,0.011388257145881653,0.7
./Datasets/KADID10K/images/I03_06_03.png,0.009712837636470795,0.5825
./Datasets/KADID10K/images/I03_06_04.png,0.00483628548681736,0.4575
./Datasets/KADID10K/images/I03_06_05.png,0.00415771035477519,0.1925
./Datasets/KADID10K/images/I03_07_01.png,0.017836496233940125,0.3425
./Datasets/KADID10K/images/I03_07_02.png,0.02038509212434292,0.16749999999999998
./Datasets/KADID10K/images/I03_07_03.png,0.03317360579967499,0.10749999999999998
./Datasets/KADID10K/images/I03_07_04.png,0.0662987232208252,0.1325
./Datasets/KADID10K/images/I03_07_05.png,0.12310206145048141,0.1175
./Datasets/KADID10K/images/I03_08_01.png,0.005292091518640518,0.8825000000000001
./Datasets/KADID10K/images/I03_08_02.png,0.06594745814800262,0.5325
./Datasets/KADID10K/images/I03_08_03.png,0.18126656115055084,0.36750000000000005
./Datasets/KADID10K/images/I03_08_04.png,0.23926249146461487,0.09250000000000003
./Datasets/KADID10K/images/I03_08_05.png,0.21975423395633698,0.057499999999999996
./Datasets/KADID10K/images/I03_09_01.png,0.028079958632588387,0.8500000000000001
./Datasets/KADID10K/images/I03_09_02.png,0.23218736052513123,0.65
./Datasets/KADID10K/images/I03_09_03.png,0.3247889280319214,0.525
./Datasets/KADID10K/images/I03_09_04.png,0.649517297744751,0.1925
./Datasets/KADID10K/images/I03_09_05.png,0.7975271940231323,0.025000000000000022
./Datasets/KADID10K/images/I03_10_01.png,0.14487826824188232,0.8674999999999999
./Datasets/KADID10K/images/I03_10_02.png,0.171919047832489,0.7925
./Datasets/KADID10K/images/I03_10_03.png,0.22208982706069946,0.675
./Datasets/KADID10K/images/I03_10_04.png,0.4674660861492157,0.3075
./Datasets/KADID10K/images/I03_10_05.png,0.7176735997200012,0.1325
./Datasets/KADID10K/images/I03_11_01.png,0.04497775807976723,0.7425
./Datasets/KADID10K/images/I03_11_02.png,0.12044326215982437,0.65
./Datasets/KADID10K/images/I03_11_03.png,0.1727248579263687,0.5675
./Datasets/KADID10K/images/I03_11_04.png,0.2686578333377838,0.48250000000000004
./Datasets/KADID10K/images/I03_11_05.png,0.366269588470459,0.375
./Datasets/KADID10K/images/I03_12_01.png,0.015446829609572887,0.8925000000000001
./Datasets/KADID10K/images/I03_12_02.png,0.10450275987386703,0.7175
./Datasets/KADID10K/images/I03_12_03.png,0.20213425159454346,0.5425
./Datasets/KADID10K/images/I03_12_04.png,0.29985886812210083,0.475
./Datasets/KADID10K/images/I03_12_05.png,0.34581559896469116,0.4
./Datasets/KADID10K/images/I03_13_01.png,0.002166385529562831,0.8500000000000001
./Datasets/KADID10K/images/I03_13_02.png,0.0017168148187920451,0.6425
./Datasets/KADID10K/images/I03_13_03.png,0.003528198227286339,0.4575
./Datasets/KADID10K/images/I03_13_04.png,0.030564626678824425,0.32499999999999996
./Datasets/KADID10K/images/I03_13_05.png,0.14213186502456665,0.35
./Datasets/KADID10K/images/I03_14_01.png,0.01414402760565281,0.8500000000000001
./Datasets/KADID10K/images/I03_14_02.png,0.06989413499832153,0.625
./Datasets/KADID10K/images/I03_14_03.png,0.12652942538261414,0.5075
./Datasets/KADID10K/images/I03_14_04.png,0.23341073095798492,0.38249999999999995
./Datasets/KADID10K/images/I03_14_05.png,0.3981330394744873,0.2925
./Datasets/KADID10K/images/I03_15_01.png,0.23082619905471802,0.7825
./Datasets/KADID10K/images/I03_15_02.png,0.4822070002555847,0.575
./Datasets/KADID10K/images/I03_15_03.png,0.5413826107978821,0.38249999999999995
./Datasets/KADID10K/images/I03_15_04.png,0.6365647315979004,0.22499999999999998
./Datasets/KADID10K/images/I03_15_05.png,0.6849833130836487,0.10749999999999998
./Datasets/KADID10K/images/I03_16_01.png,0.007931049913167953,0.8425
./Datasets/KADID10K/images/I03_16_02.png,0.010550977662205696,0.8174999999999999
./Datasets/KADID10K/images/I03_16_03.png,0.020653467625379562,0.4675
./Datasets/KADID10K/images/I03_16_04.png,0.059788718819618225,0.32499999999999996
./Datasets/KADID10K/images/I03_16_05.png,0.1564638912677765,0.09999999999999998
./Datasets/KADID10K/images/I03_17_01.png,0.00438923854380846,0.875
./Datasets/KADID10K/images/I03_17_02.png,0.0036341885570436716,0.9075
./Datasets/KADID10K/images/I03_17_03.png,0.002715939423069358,0.8500000000000001
./Datasets/KADID10K/images/I03_17_04.png,0.001451126765459776,0.6675
./Datasets/KADID10K/images/I03_17_05.png,0.002188572194427252,0.4425
./Datasets/KADID10K/images/I03_18_01.png,0.005416675936430693,0.8075000000000001
./Datasets/KADID10K/images/I03_18_02.png,0.004336413461714983,0.9325000000000001
./Datasets/KADID10K/images/I03_18_03.png,0.005292091518640518,0.875
./Datasets/KADID10K/images/I03_18_04.png,0.0019451818661764264,0.8674999999999999
./Datasets/KADID10K/images/I03_18_05.png,0.0007971248123794794,0.8
./Datasets/KADID10K/images/I03_19_01.png,0.02663005329668522,0.7925
./Datasets/KADID10K/images/I03_19_02.png,0.08429817110300064,0.5825
./Datasets/KADID10K/images/I03_19_03.png,0.21518445014953613,0.5425
./Datasets/KADID10K/images/I03_19_04.png,0.41429775953292847,0.1925
./Datasets/KADID10K/images/I03_19_05.png,0.42881739139556885,0.09250000000000003
./Datasets/KADID10K/images/I03_20_01.png,0.00717891426756978,0.8425
./Datasets/KADID10K/images/I03_20_02.png,0.005412657279521227,0.9175
./Datasets/KADID10K/images/I03_20_03.png,0.006077962927520275,0.8075000000000001
./Datasets/KADID10K/images/I03_20_04.png,0.0065673282369971275,0.7925
./Datasets/KADID10K/images/I03_20_05.png,0.0073196906596422195,0.6575
./Datasets/KADID10K/images/I03_21_01.png,0.014148290269076824,0.7425
./Datasets/KADID10K/images/I03_21_02.png,0.04672345146536827,0.44999999999999996
./Datasets/KADID10K/images/I03_21_03.png,0.1536446064710617,0.4325
./Datasets/KADID10K/images/I03_21_04.png,0.2563951313495636,0.4675
./Datasets/KADID10K/images/I03_21_05.png,0.7005831003189087,0.09749999999999998
./Datasets/KADID10K/images/I03_22_01.png,0.014118390157818794,0.8500000000000001
./Datasets/KADID10K/images/I03_22_02.png,0.01665547862648964,0.8999999999999999
./Datasets/KADID10K/images/I03_22_03.png,0.018080582842230797,0.8075000000000001
./Datasets/KADID10K/images/I03_22_04.png,0.020964086055755615,0.7675000000000001
./Datasets/KADID10K/images/I03_22_05.png,0.04241802170872688,0.75
./Datasets/KADID10K/images/I03_23_01.png,0.008614737540483475,0.55
./Datasets/KADID10K/images/I03_23_02.png,0.008557436987757683,0.32499999999999996
./Datasets/KADID10K/images/I03_23_03.png,0.012306662276387215,0.36750000000000005
./Datasets/KADID10K/images/I03_23_04.png,0.014055490493774414,0.275
./Datasets/KADID10K/images/I03_23_05.png,0.0258540790528059,0.30000000000000004
./Datasets/KADID10K/images/I03_24_01.png,0.004077961668372154,0.6675
./Datasets/KADID10K/images/I03_24_02.png,0.008735212497413158,0.36750000000000005
./Datasets/KADID10K/images/I03_24_03.png,0.030243517830967903,0.22499999999999998
./Datasets/KADID10K/images/I03_24_04.png,0.185113787651062,0.09999999999999998
./Datasets/KADID10K/images/I03_24_05.png,0.3774578869342804,0.03249999999999997
./Datasets/KADID10K/images/I03_25_01.png,0.0014734889846295118,0.6675
./Datasets/KADID10K/images/I03_25_02.png,0.0014126376481726766,0.71
./Datasets/KADID10K/images/I03_25_03.png,0.00256208423525095,0.9075
./Datasets/KADID10K/images/I03_25_04.png,0.009976626373827457,0.8500000000000001
./Datasets/KADID10K/images/I03_25_05.png,0.026587842032313347,0.6675
./Datasets/KADID10K/images/I04_01_01.png,0.0,0.9424999999999999
./Datasets/KADID10K/images/I04_01_02.png,0.0,0.825
./Datasets/KADID10K/images/I04_01_03.png,0.0,0.375
./Datasets/KADID10K/images/I04_01_04.png,0.9919039607048035,0.14250000000000002
./Datasets/KADID10K/images/I04_01_05.png,0.7119807600975037,0.04999999999999999
./Datasets/KADID10K/images/I04_02_01.png,0.0,0.6425
./Datasets/KADID10K/images/I04_02_02.png,0.0,0.35750000000000004
./Datasets/KADID10K/images/I04_02_03.png,0.9351804852485657,0.125
./Datasets/KADID10K/images/I04_02_04.png,0.5650971531867981,0.10749999999999998
./Datasets/KADID10K/images/I04_02_05.png,0.5784396529197693,0.04999999999999999
./Datasets/KADID10K/images/I04_03_01.png,0.0,0.925
./Datasets/KADID10K/images/I04_03_02.png,0.0,0.7925
./Datasets/KADID10K/images/I04_03_03.png,0.0,0.4075
./Datasets/KADID10K/images/I04_03_04.png,2.7084459361503832e-05,0.23249999999999998
./Datasets/KADID10K/images/I04_03_05.png,0.34094372391700745,0.15000000000000002
./Datasets/KADID10K/images/I04_04_01.png,0.0,0.8325
./Datasets/KADID10K/images/I04_04_02.png,0.0,0.5175
./Datasets/KADID10K/images/I04_04_03.png,0.0,0.3425
./Datasets/KADID10K/images/I04_04_04.png,0.0,0.2425
./Datasets/KADID10K/images/I04_04_05.png,0.0,0.16749999999999998
./Datasets/KADID10K/images/I04_05_01.png,0.0003330284671392292,0.675
./Datasets/KADID10K/images/I04_05_02.png,0.20534789562225342,0.20750000000000002
./Datasets/KADID10K/images/I04_05_03.png,0.22203178703784943,0.23249999999999998
./Datasets/KADID10K/images/I04_05_04.png,0.21861426532268524,0.10749999999999998
./Datasets/KADID10K/images/I04_05_05.png,0.21471087634563446,0.1175
./Datasets/KADID10K/images/I04_06_01.png,0.0,0.8425
./Datasets/KADID10K/images/I04_06_02.png,0.0,0.8574999999999999
./Datasets/KADID10K/images/I04_06_03.png,0.0,0.7075
./Datasets/KADID10K/images/I04_06_04.png,0.0,0.6175
./Datasets/KADID10K/images/I04_06_05.png,0.0,0.4325
./Datasets/KADID10K/images/I04_07_01.png,0.0,0.42500000000000004
./Datasets/KADID10K/images/I04_07_02.png,6.467649621838799e-39,0.4075
./Datasets/KADID10K/images/I04_07_03.png,5.409107258348336e-29,0.42500000000000004
./Datasets/KADID10K/images/I04_07_04.png,9.762313052012876e-24,0.39249999999999996
./Datasets/KADID10K/images/I04_07_05.png,1.8477183402865194e-05,0.29000000000000004
./Datasets/KADID10K/images/I04_08_01.png,0.0,0.925
./Datasets/KADID10K/images/I04_08_02.png,0.0,0.6075
./Datasets/KADID10K/images/I04_08_03.png,1.2310790723556093e-27,0.5325
./Datasets/KADID10K/images/I04_08_04.png,0.0,0.3325
./Datasets/KADID10K/images/I04_08_05.png,0.0,0.20750000000000002
./Datasets/KADID10K/images/I04_09_01.png,0.0,0.8999999999999999
./Datasets/KADID10K/images/I04_09_02.png,0.0,0.8500000000000001
./Datasets/KADID10K/images/I04_09_03.png,0.0,0.7675000000000001
./Datasets/KADID10K/images/I04_09_04.png,0.0,0.1825
./Datasets/KADID10K/images/I04_09_05.png,0.5943477153778076,0.057499999999999996
./Datasets/KADID10K/images/I04_10_01.png,0.0,0.8174999999999999
./Datasets/KADID10K/images/I04_10_02.png,0.0,0.7749999999999999
./Datasets/KADID10K/images/I04_10_03.png,0.0,0.7175
./Datasets/KADID10K/images/I04_10_04.png,1.0,0.21750000000000003
./Datasets/KADID10K/images/I04_10_05.png,0.6488775610923767,0.057499999999999996
./Datasets/KADID10K/images/I04_11_01.png,0.0,0.6575
./Datasets/KADID10K/images/I04_11_02.png,1.0,0.6425
./Datasets/KADID10K/images/I04_11_03.png,0.0,0.5075
./Datasets/KADID10K/images/I04_11_04.png,0.0,0.35
./Datasets/KADID10K/images/I04_11_05.png,0.0,0.32499999999999996
./Datasets/KADID10K/images/I04_12_01.png,0.0,0.8325
./Datasets/KADID10K/images/I04_12_02.png,0.0,0.5675
./Datasets/KADID10K/images/I04_12_03.png,0.0,0.55
./Datasets/KADID10K/images/I04_12_04.png,0.0,0.375
./Datasets/KADID10K/images/I04_12_05.png,0.0,0.30000000000000004
./Datasets/KADID10K/images/I04_13_01.png,0.0,0.6075
./Datasets/KADID10K/images/I04_13_02.png,0.0,0.4575
./Datasets/KADID10K/images/I04_13_03.png,0.0,0.4325
./Datasets/KADID10K/images/I04_13_04.png,0.0,0.30000000000000004
./Datasets/KADID10K/images/I04_13_05.png,0.0,0.21750000000000003
./Datasets/KADID10K/images/I04_14_01.png,0.0,0.8825000000000001
./Datasets/KADID10K/images/I04_14_02.png,0.0,0.5575
./Datasets/KADID10K/images/I04_14_03.png,0.0,0.4575
./Datasets/KADID10K/images/I04_14_04.png,0.0,0.35
./Datasets/KADID10K/images/I04_14_05.png,0.0,0.275
./Datasets/KADID10K/images/I04_15_01.png,0.0,0.7
./Datasets/KADID10K/images/I04_15_02.png,0.788923442363739,0.42500000000000004
./Datasets/KADID10K/images/I04_15_03.png,0.46938949823379517,0.3075
./Datasets/KADID10K/images/I04_15_04.png,0.5210778117179871,0.16749999999999998
./Datasets/KADID10K/images/I04_15_05.png,0.5727083683013916,0.0675
./Datasets/KADID10K/images/I04_16_01.png,0.0,0.8925000000000001
./Datasets/KADID10K/images/I04_16_02.png,0.0,0.8674999999999999
./Datasets/KADID10K/images/I04_16_03.png,0.0,0.7075
./Datasets/KADID10K/images/I04_16_04.png,0.0,0.4325
./Datasets/KADID10K/images/I04_16_05.png,0.0,0.25749999999999995
./Datasets/KADID10K/images/I04_17_01.png,0.0,0.8825000000000001
./Datasets/KADID10K/images/I04_17_02.png,0.0,0.8999999999999999
./Datasets/KADID10K/images/I04_17_03.png,0.0,0.7425
./Datasets/KADID10K/images/I04_17_04.png,0.0,0.6
./Datasets/KADID10K/images/I04_17_05.png,4.2049619810382325e-20,0.2425
./Datasets/KADID10K/images/I04_18_01.png,0.0,0.8174999999999999
./Datasets/KADID10K/images/I04_18_02.png,0.0,0.9075
./Datasets/KADID10K/images/I04_18_03.png,0.0,0.9675
./Datasets/KADID10K/images/I04_18_04.png,0.0,0.8925000000000001
./Datasets/KADID10K/images/I04_18_05.png,0.0,0.6575
./Datasets/KADID10K/images/I04_19_01.png,0.0,0.8325
./Datasets/KADID10K/images/I04_19_02.png,0.0,0.725
./Datasets/KADID10K/images/I04_19_03.png,0.0,0.5075
./Datasets/KADID10K/images/I04_19_04.png,0.27188965678215027,0.15000000000000002
./Datasets/KADID10K/images/I04_19_05.png,0.1685803383588791,0.08250000000000002
./Datasets/KADID10K/images/I04_20_01.png,0.0,0.8999999999999999
./Datasets/KADID10K/images/I04_20_02.png,0.0,0.7749999999999999
./Datasets/KADID10K/images/I04_20_03.png,0.0,0.7749999999999999
./Datasets/KADID10K/images/I04_20_04.png,0.0,0.65
./Datasets/KADID10K/images/I04_20_05.png,0.0,0.7749999999999999
./Datasets/KADID10K/images/I04_21_01.png,0.0,0.8500000000000001
./Datasets/KADID10K/images/I04_21_02.png,0.0,0.5425
./Datasets/KADID10K/images/I04_21_03.png,1.1255492639242364e-22,0.5075
./Datasets/KADID10K/images/I04_21_04.png,2.619885825781714e-38,0.48250000000000004
./Datasets/KADID10K/images/I04_21_05.png,0.27834469079971313,0.0675
./Datasets/KADID10K/images/I04_22_01.png,0.0,0.7925
./Datasets/KADID10K/images/I04_22_02.png,0.0,0.67
./Datasets/KADID10K/images/I04_22_03.png,0.0,0.65
./Datasets/KADID10K/images/I04_22_04.png,0.0,0.5925
./Datasets/KADID10K/images/I04_22_05.png,0.0,0.475
./Datasets/KADID10K/images/I04_23_01.png,0.0,0.3175
./Datasets/KADID10K/images/I04_23_02.png,0.0,0.3425
./Datasets/KADID10K/images/I04_23_03.png,0.0,0.21750000000000003
./Datasets/KADID10K/images/I04_23_04.png,0.0,0.3075
./Datasets/KADID10K/images/I04_23_05.png,0.0,0.30000000000000004
./Datasets/KADID10K/images/I04_24_01.png,0.0,0.6925
./Datasets/KADID10K/images/I04_24_02.png,0.0,0.4
./Datasets/KADID10K/images/I04_24_03.png,0.0,0.25
./Datasets/KADID10K/images/I04_24_04.png,4.670923689440806e-34,0.16749999999999998
./Datasets/KADID10K/images/I04_24_05.png,0.01337311789393425,0.125
./Datasets/KADID10K/images/I04_25_01.png,0.0,0.6525
./Datasets/KADID10K/images/I04_25_02.png,0.0,0.6825
./Datasets/KADID10K/images/I04_25_03.png,0.0,0.725
./Datasets/KADID10K/images/I04_25_04.png,0.0,0.8075000000000001
./Datasets/KADID10K/images/I04_25_05.png,0.0,0.6075
./Datasets/KADID10K/images/I05_01_01.png,0.0075841001234948635,0.8999999999999999
./Datasets/KADID10K/images/I05_01_02.png,0.03739850968122482,0.8674999999999999
./Datasets/KADID10K/images/I05_01_03.png,0.27618494629859924,0.4575
./Datasets/KADID10K/images/I05_01_04.png,0.48772507905960083,0.175
./Datasets/KADID10K/images/I05_01_05.png,0.7357396483421326,0.04249999999999998
./Datasets/KADID10K/images/I05_02_01.png,0.09839336574077606,0.6675
./Datasets/KADID10K/images/I05_02_02.png,0.3354214131832123,0.4075
./Datasets/KADID10K/images/I05_02_03.png,0.44184502959251404,0.14250000000000002
./Datasets/KADID10K/images/I05_02_04.png,0.5559375286102295,0.08250000000000002
./Datasets/KADID10K/images/I05_02_05.png,0.5841355919837952,0.09250000000000003
./Datasets/KADID10K/images/I05_03_01.png,0.0075841001234948635,0.8674999999999999
./Datasets/KADID10K/images/I05_03_02.png,0.0373275950551033,0.725
./Datasets/KADID10K/images/I05_03_03.png,0.4567214846611023,0.42000000000000004
./Datasets/KADID10K/images/I05_03_04.png,0.44471314549446106,0.21750000000000003
./Datasets/KADID10K/images/I05_03_05.png,0.5112953782081604,0.1325
./Datasets/KADID10K/images/I05_04_01.png,0.014259382151067257,0.8925000000000001
./Datasets/KADID10K/images/I05_04_02.png,0.010912580415606499,0.5
./Datasets/KADID10K/images/I05_04_03.png,0.009736067615449429,0.1925
./Datasets/KADID10K/images/I05_04_04.png,0.013609751127660275,0.14250000000000002
./Datasets/KADID10K/images/I05_04_05.png,0.05367165803909302,0.1325
./Datasets/KADID10K/images/I05_05_01.png,0.03867030516266823,0.8075000000000001
./Datasets/KADID10K/images/I05_05_02.png,0.05518997833132744,0.3175
./Datasets/KADID10K/images/I05_05_03.png,0.12689056992530823,0.20750000000000002
./Datasets/KADID10K/images/I05_05_04.png,0.16835252940654755,0.16749999999999998
./Datasets/KADID10K/images/I05_05_05.png,0.17381146550178528,0.15749999999999997
./Datasets/KADID10K/images/I05_06_01.png,0.006100062746554613,0.8325
./Datasets/KADID10K/images/I05_06_02.png,0.004924727603793144,0.8425
./Datasets/KADID10K/images/I05_06_03.png,0.0024861760903149843,0.8174999999999999
./Datasets/KADID10K/images/I05_06_04.png,0.003120564855635166,0.6575
./Datasets/KADID10K/images/I05_06_05.png,0.001384476781822741,0.475
./Datasets/KADID10K/images/I05_07_01.png,0.0027602422051131725,0.39249999999999996
./Datasets/KADID10K/images/I05_07_02.png,0.02273697592318058,0.3325
./Datasets/KADID10K/images/I05_07_03.png,0.056038253009319305,0.275
./Datasets/KADID10K/images/I05_07_04.png,0.07461655139923096,0.3075
./Datasets/KADID10K/images/I05_07_05.png,0.007305477745831013,0.3075
./Datasets/KADID10K/images/I05_08_01.png,0.0075841001234948635,0.9325000000000001
./Datasets/KADID10K/images/I05_08_02.png,0.0414225310087204,0.5925
./Datasets/KADID10K/images/I05_08_03.png,0.09347225725650787,0.4425
./Datasets/KADID10K/images/I05_08_04.png,0.23277531564235687,0.15749999999999997
./Datasets/KADID10K/images/I05_08_05.png,0.276871919631958,0.175
./Datasets/KADID10K/images/I05_09_01.png,0.1764470338821411,0.825
./Datasets/KADID10K/images/I05_09_02.png,0.3496960699558258,0.4
./Datasets/KADID10K/images/I05_09_03.png,0.44514963030815125,0.3425
./Datasets/KADID10K/images/I05_09_04.png,0.6055240631103516,0.14250000000000002
./Datasets/KADID10K/images/I05_09_05.png,0.7611312866210938,0.057499999999999996
./Datasets/KADID10K/images/I05_10_01.png,0.0659051164984703,0.8574999999999999
./Datasets/KADID10K/images/I05_10_02.png,0.11150146275758743,0.8500000000000001
./Datasets/KADID10K/images/I05_10_03.png,0.1879854053258896,0.825
./Datasets/KADID10K/images/I05_10_04.png,0.5308777093887329,0.36750000000000005
./Datasets/KADID10K/images/I05_10_05.png,0.7201274633407593,0.0675
./Datasets/KADID10K/images/I05_11_01.png,0.04927856847643852,0.8500000000000001
./Datasets/KADID10K/images/I05_11_02.png,0.12071429193019867,0.8075000000000001
./Datasets/KADID10K/images/I05_11_03.png,0.1866394728422165,0.7075
./Datasets/KADID10K/images/I05_11_04.png,0.31376367807388306,0.5825
./Datasets/KADID10K/images/I05_11_05.png,0.40004318952560425,0.38249999999999995
./Datasets/KADID10K/images/I05_12_01.png,0.013591372407972813,0.8825000000000001
./Datasets/KADID10K/images/I05_12_02.png,0.1074506938457489,0.8574999999999999
./Datasets/KADID10K/images/I05_12_03.png,0.2417057305574417,0.7649999999999999
./Datasets/KADID10K/images/I05_12_04.png,0.32182347774505615,0.5075
./Datasets/KADID10K/images/I05_12_05.png,0.36516302824020386,0.44999999999999996
./Datasets/KADID10K/images/I05_13_01.png,0.014649324119091034,0.6175
./Datasets/KADID10K/images/I05_13_02.png,0.05600971356034279,0.4075
./Datasets/KADID10K/images/I05_13_03.png,0.12688957154750824,0.32499999999999996
./Datasets/KADID10K/images/I05_13_04.png,0.2961699366569519,0.26749999999999996
./Datasets/KADID10K/images/I05_13_05.png,0.38497456908226013,0.26749999999999996
./Datasets/KADID10K/images/I05_14_01.png,0.007604148704558611,0.8425
./Datasets/KADID10K/images/I05_14_02.png,0.009256789460778236,0.8425
./Datasets/KADID10K/images/I05_14_03.png,0.012012612074613571,0.8674999999999999
./Datasets/KADID10K/images/I05_14_04.png,0.032643795013427734,0.8
./Datasets/KADID10K/images/I05_14_05.png,0.09649523347616196,0.6525
./Datasets/KADID10K/images/I05_15_01.png,0.3561658561229706,0.625
./Datasets/KADID10K/images/I05_15_02.png,0.5282299518585205,0.42500000000000004
./Datasets/KADID10K/images/I05_15_03.png,0.5660497546195984,0.2925
./Datasets/KADID10K/images/I05_15_04.png,0.6246702671051025,0.21750000000000003
./Datasets/KADID10K/images/I05_15_05.png,0.6773592233657837,0.1175
./Datasets/KADID10K/images/I05_16_01.png,0.007693898864090443,0.8574999999999999
./Datasets/KADID10K/images/I05_16_02.png,0.007779089733958244,0.8425
./Datasets/KADID10K/images/I05_16_03.png,0.0071231345646083355,0.6675
./Datasets/KADID10K/images/I05_16_04.png,0.006336561404168606,0.525
./Datasets/KADID10K/images/I05_16_05.png,0.010844702832400799,0.3175
./Datasets/KADID10K/images/I05_17_01.png,0.007124824915081263,0.875
./Datasets/KADID10K/images/I05_17_02.png,0.006561572197824717,0.8674999999999999
./Datasets/KADID10K/images/I05_17_03.png,0.0053025963716208935,0.6325
./Datasets/KADID10K/images/I05_17_04.png,0.004953875206410885,0.42500000000000004
./Datasets/KADID10K/images/I05_17_05.png,0.04243921488523483,0.07500000000000001
./Datasets/KADID10K/images/I05_18_01.png,0.005165936890989542,0.8500000000000001
./Datasets/KADID10K/images/I05_18_02.png,0.006303176283836365,0.8674999999999999
./Datasets/KADID10K/images/I05_18_03.png,0.0075841001234948635,0.8425
./Datasets/KADID10K/images/I05_18_04.png,0.007232068572193384,0.75
./Datasets/KADID10K/images/I05_18_05.png,0.014185676351189613,0.4425
./Datasets/KADID10K/images/I05_19_01.png,0.036581818014383316,0.7575000000000001
./Datasets/KADID10K/images/I05_19_02.png,0.0753544420003891,0.6325
./Datasets/KADID10K/images/I05_19_03.png,0.22736002504825592,0.5325
./Datasets/KADID10K/images/I05_19_04.png,0.353927880525589,0.25
./Datasets/KADID10K/images/I05_19_05.png,0.3329312205314636,0.057499999999999996
./Datasets/KADID10K/images/I05_20_01.png,0.008920597843825817,0.8674999999999999
./Datasets/KADID10K/images/I05_20_02.png,0.009456255473196507,0.8825000000000001
./Datasets/KADID10K/images/I05_20_03.png,0.009452727623283863,0.8500000000000001
./Datasets/KADID10K/images/I05_20_04.png,0.010497448965907097,0.8574999999999999
./Datasets/KADID10K/images/I05_20_05.png,0.018276872113347054,0.7425
./Datasets/KADID10K/images/I05_21_01.png,0.01741327904164791,0.7925
./Datasets/KADID10K/images/I05_21_02.png,0.04189292713999748,0.675
./Datasets/KADID10K/images/I05_21_03.png,0.06981071829795837,0.6
./Datasets/KADID10K/images/I05_21_04.png,0.11290253698825836,0.5675
./Datasets/KADID10K/images/I05_21_05.png,0.541273832321167,0.09999999999999998
./Datasets/KADID10K/images/I05_22_01.png,0.005629445891827345,0.825
./Datasets/KADID10K/images/I05_22_02.png,0.005895976908504963,0.8825000000000001
./Datasets/KADID10K/images/I05_22_03.png,0.007801134139299393,0.7675000000000001
./Datasets/KADID10K/images/I05_22_04.png,0.027478056028485298,0.7575000000000001
./Datasets/KADID10K/images/I05_22_05.png,0.012141020968556404,0.7925
./Datasets/KADID10K/images/I05_23_01.png,0.010290039703249931,0.3325
./Datasets/KADID10K/images/I05_23_02.png,0.016815483570098877,0.275
./Datasets/KADID10K/images/I05_23_03.png,0.014519215561449528,0.21750000000000003
./Datasets/KADID10K/images/I05_23_04.png,0.019860664382576942,0.2
./Datasets/KADID10K/images/I05_23_05.png,0.016920821741223335,0.2
./Datasets/KADID10K/images/I05_24_01.png,0.002598557621240616,0.5175
./Datasets/KADID10K/images/I05_24_02.png,0.0009235321776941419,0.22499999999999998
./Datasets/KADID10K/images/I05_24_03.png,0.00017479782400187105,0.1925
./Datasets/KADID10K/images/I05_24_04.png,1.0927299626928288e-05,0.057499999999999996
./Datasets/KADID10K/images/I05_24_05.png,0.00015600913320668042,0.04999999999999999
./Datasets/KADID10K/images/I05_25_01.png,0.006732781417667866,0.475
./Datasets/KADID10K/images/I05_25_02.png,0.005205627530813217,0.625
./Datasets/KADID10K/images/I05_25_03.png,0.0054433876648545265,0.75
./Datasets/KADID10K/images/I05_25_04.png,0.012027250602841377,0.8075000000000001
./Datasets/KADID10K/images/I05_25_05.png,0.028919095173478127,0.65
./Datasets/KADID10K/images/I06_01_01.png,0.07289748638868332,0.925
./Datasets/KADID10K/images/I06_01_02.png,0.14598271250724792,0.8325
./Datasets/KADID10K/images/I06_01_03.png,0.3447780907154083,0.6075
./Datasets/KADID10K/images/I06_01_04.png,0.5926259756088257,0.2825
./Datasets/KADID10K/images/I06_01_05.png,0.8263278603553772,0.1325
./Datasets/KADID10K/images/I06_02_01.png,0.23801012337207794,0.7825
./Datasets/KADID10K/images/I06_02_02.png,0.4079839885234833,0.65
./Datasets/KADID10K/images/I06_02_03.png,0.601063072681427,0.2825
./Datasets/KADID10K/images/I06_02_04.png,0.6900503635406494,0.14250000000000002
./Datasets/KADID10K/images/I06_02_05.png,0.756550133228302,0.15749999999999997
./Datasets/KADID10K/images/I06_03_01.png,0.07289748638868332,0.8674999999999999
./Datasets/KADID10K/images/I06_03_02.png,0.18967655301094055,0.8174999999999999
./Datasets/KADID10K/images/I06_03_03.png,0.48342087864875793,0.5675
./Datasets/KADID10K/images/I06_03_04.png,0.42670634388923645,0.475
./Datasets/KADID10K/images/I06_03_05.png,0.5539042353630066,0.2925
./Datasets/KADID10K/images/I06_04_01.png,0.08927476406097412,0.8999999999999999
./Datasets/KADID10K/images/I06_04_02.png,0.01987725868821144,0.3175
./Datasets/KADID10K/images/I06_04_03.png,0.010749289765954018,0.275
./Datasets/KADID10K/images/I06_04_04.png,0.010246208868920803,0.3175
./Datasets/KADID10K/images/I06_04_05.png,0.015189341269433498,0.1925
./Datasets/KADID10K/images/I06_05_01.png,0.1643783301115036,0.8574999999999999
./Datasets/KADID10K/images/I06_05_02.png,0.34642595052719116,0.5325
./Datasets/KADID10K/images/I06_05_03.png,0.3879241943359375,0.30000000000000004
./Datasets/KADID10K/images/I06_05_04.png,0.37916991114616394,0.2
./Datasets/KADID10K/images/I06_05_05.png,0.3954913020133972,0.2
./Datasets/KADID10K/images/I06_06_01.png,0.1009541004896164,0.8500000000000001
./Datasets/KADID10K/images/I06_06_02.png,0.13249830901622772,0.6825
./Datasets/KADID10K/images/I06_06_03.png,0.17325523495674133,0.7175
./Datasets/KADID10K/images/I06_06_04.png,0.12312257289886475,0.5825
./Datasets/KADID10K/images/I06_06_05.png,0.014733471907675266,0.35
./Datasets/KADID10K/images/I06_07_01.png,0.07059445232152939,0.4175
./Datasets/KADID10K/images/I06_07_02.png,0.1004675030708313,0.4425
./Datasets/KADID10K/images/I06_07_03.png,0.13014961779117584,0.3075
./Datasets/KADID10K/images/I06_07_04.png,0.13149546086788177,0.3075
./Datasets/KADID10K/images/I06_07_05.png,0.08997984230518341,0.26749999999999996
./Datasets/KADID10K/images/I06_08_01.png,0.07289748638868332,0.8999999999999999
./Datasets/KADID10K/images/I06_08_02.png,0.17487631738185883,0.5575
./Datasets/KADID10K/images/I06_08_03.png,0.19475708901882172,0.4675
./Datasets/KADID10K/images/I06_08_04.png,0.3388463258743286,0.2925
./Datasets/KADID10K/images/I06_08_05.png,0.42297065258026123,0.1925
./Datasets/KADID10K/images/I06_09_01.png,0.08437046408653259,0.8574999999999999
./Datasets/KADID10K/images/I06_09_02.png,0.1748751401901245,0.8425
./Datasets/KADID10K/images/I06_09_03.png,0.2202945351600647,0.875
./Datasets/KADID10K/images/I06_09_04.png,0.5308476686477661,0.6575
./Datasets/KADID10K/images/I06_09_05.png,0.791459858417511,0.22499999999999998
./Datasets/KADID10K/images/I06_10_01.png,0.29527297616004944,0.8999999999999999
./Datasets/KADID10K/images/I06_10_02.png,0.2722700238227844,0.8674999999999999
./Datasets/KADID10K/images/I06_10_03.png,0.4186885952949524,0.8325
./Datasets/KADID10K/images/I06_10_04.png,0.7353330850601196,0.15000000000000002
./Datasets/KADID10K/images/I06_10_05.png,0.8960267901420593,0.057499999999999996
./Datasets/KADID10K/images/I06_11_01.png,0.3530375361442566,0.7675000000000001
./Datasets/KADID10K/images/I06_11_02.png,0.4342058300971985,0.6
./Datasets/KADID10K/images/I06_11_03.png,0.545214056968689,0.48250000000000004
./Datasets/KADID10K/images/I06_11_04.png,0.5508344173431396,0.4575
./Datasets/KADID10K/images/I06_11_05.png,0.6120837926864624,0.2825
./Datasets/KADID10K/images/I06_12_01.png,0.20729492604732513,0.8875
./Datasets/KADID10K/images/I06_12_02.png,0.4348064661026001,0.675
./Datasets/KADID10K/images/I06_12_03.png,0.5503211617469788,0.55
./Datasets/KADID10K/images/I06_12_04.png,0.5779682397842407,0.4675
./Datasets/KADID10K/images/I06_12_05.png,0.5994386672973633,0.3325
./Datasets/KADID10K/images/I06_13_01.png,0.22418257594108582,0.5925
./Datasets/KADID10K/images/I06_13_02.png,0.37633216381073,0.375
./Datasets/KADID10K/images/I06_13_03.png,0.37345388531684875,0.32499999999999996
./Datasets/KADID10K/images/I06_13_04.png,0.4024064242839813,0.30000000000000004
./Datasets/KADID10K/images/I06_13_05.png,0.49501386284828186,0.2825
./Datasets/KADID10K/images/I06_14_01.png,0.191849485039711,0.8574999999999999
./Datasets/KADID10K/images/I06_14_02.png,0.4118562936782837,0.6575
./Datasets/KADID10K/images/I06_14_03.png,0.4911224842071533,0.525
./Datasets/KADID10K/images/I06_14_04.png,0.5766792297363281,0.42500000000000004
./Datasets/KADID10K/images/I06_14_05.png,0.6200894117355347,0.26749999999999996
./Datasets/KADID10K/images/I06_15_01.png,0.5131808519363403,0.5575
./Datasets/KADID10K/images/I06_15_02.png,0.598078727722168,0.49250000000000005
./Datasets/KADID10K/images/I06_15_03.png,0.6372117400169373,0.375
./Datasets/KADID10K/images/I06_15_04.png,0.6753615736961365,0.14250000000000002
./Datasets/KADID10K/images/I06_15_05.png,0.7201534509658813,0.09250000000000003
./Datasets/KADID10K/images/I06_16_01.png,0.07822589576244354,0.7575000000000001
./Datasets/KADID10K/images/I06_16_02.png,0.08596107363700867,0.6825
./Datasets/KADID10K/images/I06_16_03.png,0.07807610929012299,0.515
./Datasets/KADID10K/images/I06_16_04.png,0.0608544647693634,0.375
./Datasets/KADID10K/images/I06_16_05.png,0.004035508260130882,0.09999999999999998
./Datasets/KADID10K/images/I06_17_01.png,0.06946036964654922,0.8825000000000001
./Datasets/KADID10K/images/I06_17_02.png,0.06484862416982651,0.8674999999999999
./Datasets/KADID10K/images/I06_17_03.png,0.05158925801515579,0.7425
./Datasets/KADID10K/images/I06_17_04.png,0.02320687659084797,0.6075
./Datasets/KADID10K/images/I06_17_05.png,0.0013643275015056133,0.4425
./Datasets/KADID10K/images/I06_18_01.png,0.07250908762216568,0.7
./Datasets/KADID10K/images/I06_18_02.png,0.05783853679895401,0.7675000000000001
./Datasets/KADID10K/images/I06_18_03.png,0.07289748638868332,0.8825000000000001
./Datasets/KADID10K/images/I06_18_04.png,0.059750303626060486,0.7575000000000001
./Datasets/KADID10K/images/I06_18_05.png,0.050197500735521317,0.6925
./Datasets/KADID10K/images/I06_19_01.png,0.09927787631750107,0.8500000000000001
./Datasets/KADID10K/images/I06_19_02.png,0.15767568349838257,0.8999999999999999
./Datasets/KADID10K/images/I06_19_03.png,0.2719692587852478,0.6075
./Datasets/KADID10K/images/I06_19_04.png,0.43868058919906616,0.30000000000000004
./Datasets/KADID10K/images/I06_19_05.png,0.40761345624923706,0.125
./Datasets/KADID10K/images/I06_20_01.png,0.07953260838985443,0.8325
./Datasets/KADID10K/images/I06_20_02.png,0.07971437275409698,0.525
./Datasets/KADID10K/images/I06_20_03.png,0.11182109266519547,0.7425
./Datasets/KADID10K/images/I06_20_04.png,0.05916370078921318,0.3325
./Datasets/KADID10K/images/I06_20_05.png,0.13375116884708405,0.4425
./Datasets/KADID10K/images/I06_21_01.png,0.17240244150161743,0.7925
./Datasets/KADID10K/images/I06_21_02.png,0.1927533894777298,0.6575
./Datasets/KADID10K/images/I06_21_03.png,0.22574950754642487,0.5575
./Datasets/KADID10K/images/I06_21_04.png,0.22627392411231995,0.475
./Datasets/KADID10K/images/I06_21_05.png,0.4484633803367615,0.20750000000000002
./Datasets/KADID10K/images/I06_22_01.png,0.09983017295598984,0.725
./Datasets/KADID10K/images/I06_22_02.png,0.1377750039100647,0.6925
./Datasets/KADID10K/images/I06_22_03.png,0.22368907928466797,0.675
./Datasets/KADID10K/images/I06_22_04.png,0.2619152069091797,0.55
./Datasets/KADID10K/images/I06_22_05.png,0.2343859076499939,0.2425
./Datasets/KADID10K/images/I06_23_01.png,0.08634688705205917,0.3325
./Datasets/KADID10K/images/I06_23_02.png,0.07113397866487503,0.4075
./Datasets/KADID10K/images/I06_23_03.png,0.18849395215511322,0.2925
./Datasets/KADID10K/images/I06_23_04.png,0.15831148624420166,0.2425
./Datasets/KADID10K/images/I06_23_05.png,0.2405814677476883,0.31499999999999995
./Datasets/KADID10K/images/I06_24_01.png,0.03141209855675697,0.6425
./Datasets/KADID10K/images/I06_24_02.png,0.015071233734488487,0.475
./Datasets/KADID10K/images/I06_24_03.png,0.013426371850073338,0.3175
./Datasets/KADID10K/images/I06_24_04.png,0.020121034234762192,0.20750000000000002
./Datasets/KADID10K/images/I06_24_05.png,0.014855928719043732,0.057499999999999996
./Datasets/KADID10K/images/I06_25_01.png,0.057917580008506775,0.5
./Datasets/KADID10K/images/I06_25_02.png,0.06714516133069992,0.7075
./Datasets/KADID10K/images/I06_25_03.png,0.07541551440954208,0.7825
./Datasets/KADID10K/images/I06_25_04.png,0.08404805511236191,0.5575
./Datasets/KADID10K/images/I06_25_05.png,0.08472467958927155,0.35750000000000004
./Datasets/KADID10K/images/I07_01_01.png,0.034825362265110016,0.875
./Datasets/KADID10K/images/I07_01_02.png,0.11539077013731003,0.8500000000000001
./Datasets/KADID10K/images/I07_01_03.png,0.27320605516433716,0.375
./Datasets/KADID10K/images/I07_01_04.png,0.4034038782119751,0.1825
./Datasets/KADID10K/images/I07_01_05.png,0.681958019733429,0.09250000000000003
./Datasets/KADID10K/images/I07_02_01.png,0.18463890254497528,0.675
./Datasets/KADID10K/images/I07_02_02.png,0.2936960756778717,0.44999999999999996
./Datasets/KADID10K/images/I07_02_03.png,0.44580379128456116,0.16749999999999998
./Datasets/KADID10K/images/I07_02_04.png,0.5453159213066101,0.10749999999999998
./Datasets/KADID10K/images/I07_02_05.png,0.5989771485328674,0.125
./Datasets/KADID10K/images/I07_03_01.png,0.034825362265110016,0.9175
./Datasets/KADID10K/images/I07_03_02.png,0.11900866031646729,0.8325
./Datasets/KADID10K/images/I07_03_03.png,0.2820627987384796,0.4425
./Datasets/KADID10K/images/I07_03_04.png,0.2646540403366089,0.26749999999999996
./Datasets/KADID10K/images/I07_03_05.png,0.3553614020347595,0.1325
./Datasets/KADID10K/images/I07_04_01.png,0.04135376587510109,0.8674999999999999
./Datasets/KADID10K/images/I07_04_02.png,0.17243854701519012,0.1825
./Datasets/KADID10K/images/I07_04_03.png,0.1503002792596817,0.10749999999999998
./Datasets/KADID10K/images/I07_04_04.png,0.10730911791324615,0.015000000000000013
./Datasets/KADID10K/images/I07_04_05.png,0.049363963305950165,0.03249999999999997
./Datasets/KADID10K/images/I07_05_01.png,0.10918164998292923,0.8574999999999999
./Datasets/KADID10K/images/I07_05_02.png,0.1254207342863083,0.49250000000000005
./Datasets/KADID10K/images/I07_05_03.png,0.15705423057079315,0.125
./Datasets/KADID10K/images/I07_05_04.png,0.1606384515762329,0.2
./Datasets/KADID10K/images/I07_05_05.png,0.18091066181659698,0.15749999999999997
./Datasets/KADID10K/images/I07_06_01.png,0.03349604457616806,0.6825
./Datasets/KADID10K/images/I07_06_02.png,0.047430139034986496,0.7649999999999999
./Datasets/KADID10K/images/I07_06_03.png,0.027065133675932884,0.6925
./Datasets/KADID10K/images/I07_06_04.png,0.026001935824751854,0.5
./Datasets/KADID10K/images/I07_06_05.png,0.013858061283826828,0.2
./Datasets/KADID10K/images/I07_07_01.png,0.021854611113667488,0.42500000000000004
./Datasets/KADID10K/images/I07_07_02.png,0.017063207924365997,0.23249999999999998
./Datasets/KADID10K/images/I07_07_03.png,0.016480691730976105,0.3175
./Datasets/KADID10K/images/I07_07_04.png,0.026778029277920723,0.125
./Datasets/KADID10K/images/I07_07_05.png,0.19415968656539917,0.0675
./Datasets/KADID10K/images/I07_08_01.png,0.034825362265110016,0.8825000000000001
./Datasets/KADID10K/images/I07_08_02.png,0.08865150064229965,0.42500000000000004
./Datasets/KADID10K/images/I07_08_03.png,0.1466202437877655,0.2425
./Datasets/KADID10K/images/I07_08_04.png,0.23457574844360352,0.175
./Datasets/KADID10K/images/I07_08_05.png,0.2493487298488617,0.125
./Datasets/KADID10K/images/I07_09_01.png,0.04960453137755394,0.9325000000000001
./Datasets/KADID10K/images/I07_09_02.png,0.07531097531318665,0.9075
./Datasets/KADID10K/images/I07_09_03.png,0.0870203897356987,0.9075
./Datasets/KADID10K/images/I07_09_04.png,0.26772233843803406,0.65
./Datasets/KADID10K/images/I07_09_05.png,0.5944361686706543,0.175
./Datasets/KADID10K/images/I07_10_01.png,0.10177373141050339,0.7749999999999999
./Datasets/KADID10K/images/I07_10_02.png,0.17039448022842407,0.7175
./Datasets/KADID10K/images/I07_10_03.png,0.21589617431163788,0.7175
./Datasets/KADID10K/images/I07_10_04.png,0.5531437397003174,0.15000000000000002
./Datasets/KADID10K/images/I07_10_05.png,0.8020727038383484,0.057499999999999996
./Datasets/KADID10K/images/I07_11_01.png,0.13574600219726562,0.5875
./Datasets/KADID10K/images/I07_11_02.png,0.2089345008134842,0.42500000000000004
./Datasets/KADID10K/images/I07_11_03.png,0.24241633713245392,0.4
./Datasets/KADID10K/images/I07_11_04.png,0.26241591572761536,0.33499999999999996
./Datasets/KADID10K/images/I07_11_05.png,0.3969045579433441,0.3075
./Datasets/KADID10K/images/I07_12_01.png,0.0704532191157341,0.8075000000000001
./Datasets/KADID10K/images/I07_12_02.png,0.20940883457660675,0.5325
./Datasets/KADID10K/images/I07_12_03.png,0.2530395984649658,0.4425
./Datasets/KADID10K/images/I07_12_04.png,0.3126869201660156,0.35
./Datasets/KADID10K/images/I07_12_05.png,0.3617873787879944,0.265
./Datasets/KADID10K/images/I07_13_01.png,0.045059479773044586,0.6825
./Datasets/KADID10K/images/I07_13_02.png,0.03767517954111099,0.5
./Datasets/KADID10K/images/I07_13_03.png,0.024888837710022926,0.4325
./Datasets/KADID10K/images/I07_13_04.png,0.06445498764514923,0.2825
./Datasets/KADID10K/images/I07_13_05.png,0.1181781142950058,0.25
./Datasets/KADID10K/images/I07_14_01.png,0.07936102896928787,0.7749999999999999
./Datasets/KADID10K/images/I07_14_02.png,0.18845362961292267,0.4425
./Datasets/KADID10K/images/I07_14_03.png,0.2594301998615265,0.4
./Datasets/KADID10K/images/I07_14_04.png,0.34387314319610596,0.2925
./Datasets/KADID10K/images/I07_14_05.png,0.47018182277679443,0.15000000000000002
./Datasets/KADID10K/images/I07_15_01.png,0.22669634222984314,0.55
./Datasets/KADID10K/images/I07_15_02.png,0.39252009987831116,0.3175
./Datasets/KADID10K/images/I07_15_03.png,0.4466381072998047,0.1925
./Datasets/KADID10K/images/I07_15_04.png,0.5607394576072693,0.1175
./Datasets/KADID10K/images/I07_15_05.png,0.5994895696640015,0.09250000000000003
./Datasets/KADID10K/images/I07_16_01.png,0.03784880042076111,0.925
./Datasets/KADID10K/images/I07_16_02.png,0.04061296954751015,0.8
./Datasets/KADID10K/images/I07_16_03.png,0.026644855737686157,0.625
./Datasets/KADID10K/images/I07_16_04.png,0.019911710172891617,0.25
./Datasets/KADID10K/images/I07_16_05.png,0.15008990466594696,0.04249999999999998
./Datasets/KADID10K/images/I07_17_01.png,0.03283499553799629,0.925
./Datasets/KADID10K/images/I07_17_02.png,0.029876500368118286,0.9075
./Datasets/KADID10K/images/I07_17_03.png,0.024487599730491638,0.7749999999999999
./Datasets/KADID10K/images/I07_17_04.png,0.015178453177213669,0.6075
./Datasets/KADID10K/images/I07_17_05.png,0.012757332995533943,0.4
./Datasets/KADID10K/images/I07_18_01.png,0.005142735317349434,0.55
./Datasets/KADID10K/images/I07_18_02.png,0.022335274145007133,0.825
./Datasets/KADID10K/images/I07_18_03.png,0.034825362265110016,0.875
./Datasets/KADID10K/images/I07_18_04.png,0.02850131317973137,0.8574999999999999
./Datasets/KADID10K/images/I07_18_05.png,0.019432296976447105,0.75
./Datasets/KADID10K/images/I07_19_01.png,0.03989721089601517,0.8574999999999999
./Datasets/KADID10K/images/I07_19_02.png,0.05812833085656166,0.875
./Datasets/KADID10K/images/I07_19_03.png,0.17607130110263824,0.625
./Datasets/KADID10K/images/I07_19_04.png,0.30161669850349426,0.23249999999999998
./Datasets/KADID10K/images/I07_19_05.png,0.2906084358692169,0.09250000000000003
./Datasets/KADID10K/images/I07_20_01.png,0.035310886800289154,0.575
./Datasets/KADID10K/images/I07_20_02.png,0.03138666972517967,0.49250000000000005
./Datasets/KADID10K/images/I07_20_03.png,0.04209115728735924,0.49250000000000005
./Datasets/KADID10K/images/I07_20_04.png,0.039904214441776276,0.4125
./Datasets/KADID10K/images/I07_20_05.png,0.0437939316034317,0.4575
./Datasets/KADID10K/images/I07_21_01.png,0.05168941244482994,0.6825
./Datasets/KADID10K/images/I07_21_02.png,0.07711567729711533,0.48250000000000004
./Datasets/KADID10K/images/I07_21_03.png,0.1227550134062767,0.6075
./Datasets/KADID10K/images/I07_21_04.png,0.13377104699611664,0.525
./Datasets/KADID10K/images/I07_21_05.png,0.29361796379089355,0.1325
./Datasets/KADID10K/images/I07_22_01.png,0.04256253316998482,0.7425
./Datasets/KADID10K/images/I07_22_02.png,0.06343600153923035,0.625
./Datasets/KADID10K/images/I07_22_03.png,0.06844669580459595,0.65
./Datasets/KADID10K/images/I07_22_04.png,0.04399494081735611,0.4575
./Datasets/KADID10K/images/I07_22_05.png,0.09300727397203445,0.26749999999999996
./Datasets/KADID10K/images/I07_23_01.png,0.04599764943122864,0.44999999999999996
./Datasets/KADID10K/images/I07_23_02.png,0.06561718136072159,0.3175
./Datasets/KADID10K/images/I07_23_03.png,0.0706990510225296,0.25
./Datasets/KADID10K/images/I07_23_04.png,0.11137676239013672,0.25
./Datasets/KADID10K/images/I07_23_05.png,0.08234071731567383,0.15000000000000002
./Datasets/KADID10K/images/I07_24_01.png,0.004064638167619705,0.7
./Datasets/KADID10K/images/I07_24_02.png,0.0016208752058446407,0.4575
./Datasets/KADID10K/images/I07_24_03.png,0.000901761173736304,0.275
./Datasets/KADID10K/images/I07_24_04.png,0.0009694590698927641,0.2
./Datasets/KADID10K/images/I07_24_05.png,0.002106879837810993,0.0675
./Datasets/KADID10K/images/I07_25_01.png,0.0028748575132340193,0.4675
./Datasets/KADID10K/images/I07_25_02.png,0.010985569097101688,0.7575000000000001
./Datasets/KADID10K/images/I07_25_03.png,0.0234356801956892,0.9075
./Datasets/KADID10K/images/I07_25_04.png,0.04544830322265625,0.8574999999999999
./Datasets/KADID10K/images/I07_25_05.png,0.0729680135846138,0.6425
./Datasets/KADID10K/images/I08_01_01.png,0.023846890777349472,0.95
./Datasets/KADID10K/images/I08_01_02.png,0.12558072805404663,0.8500000000000001
./Datasets/KADID10K/images/I08_01_03.png,0.2743282616138458,0.5
./Datasets/KADID10K/images/I08_01_04.png,0.45362281799316406,0.25
./Datasets/KADID10K/images/I08_01_05.png,0.7580164670944214,0.1175
./Datasets/KADID10K/images/I08_02_01.png,0.18579314649105072,0.8174999999999999
./Datasets/KADID10K/images/I08_02_02.png,0.3000296354293823,0.55
./Datasets/KADID10K/images/I08_02_03.png,0.49226367473602295,0.20750000000000002
./Datasets/KADID10K/images/I08_02_04.png,0.6238113641738892,0.1325
./Datasets/KADID10K/images/I08_02_05.png,0.7052702307701111,0.08250000000000002
./Datasets/KADID10K/images/I08_03_01.png,0.023846890777349472,0.9750000000000001
./Datasets/KADID10K/images/I08_03_02.png,0.10650265961885452,0.8325
./Datasets/KADID10K/images/I08_03_03.png,0.24594250321388245,0.5575
./Datasets/KADID10K/images/I08_03_04.png,0.29930412769317627,0.3325
./Datasets/KADID10K/images/I08_03_05.png,0.39122262597084045,0.20750000000000002
./Datasets/KADID10K/images/I08_04_01.png,0.04674576222896576,0.875
./Datasets/KADID10K/images/I08_04_02.png,0.15337905287742615,0.4675
./Datasets/KADID10K/images/I08_04_03.png,0.23834723234176636,0.175
./Datasets/KADID10K/images/I08_04_04.png,0.23947179317474365,0.16749999999999998
./Datasets/KADID10K/images/I08_04_05.png,0.23213356733322144,0.1825
./Datasets/KADID10K/images/I08_05_01.png,0.134031742811203,0.8500000000000001
./Datasets/KADID10K/images/I08_05_02.png,0.18534739315509796,0.48250000000000004
./Datasets/KADID10K/images/I08_05_03.png,0.2102784663438797,0.2425
./Datasets/KADID10K/images/I08_05_04.png,0.22723987698554993,0.1825
./Datasets/KADID10K/images/I08_05_05.png,0.21257589757442474,0.14250000000000002
./Datasets/KADID10K/images/I08_06_01.png,0.0014737421879544854,0.6925
./Datasets/KADID10K/images/I08_06_02.png,0.0008845523116178811,0.7
./Datasets/KADID10K/images/I08_06_03.png,0.000680126715451479,0.5675
./Datasets/KADID10K/images/I08_06_04.png,4.668499241233803e-05,0.44999999999999996
./Datasets/KADID10K/images/I08_06_05.png,0.0003599865594878793,0.26749999999999996
./Datasets/KADID10K/images/I08_07_01.png,0.06434198468923569,0.4675
./Datasets/KADID10K/images/I08_07_02.png,0.0833037942647934,0.4075
./Datasets/KADID10K/images/I08_07_03.png,0.09571867436170578,0.25749999999999995
./Datasets/KADID10K/images/I08_07_04.png,0.08865006268024445,0.22499999999999998
./Datasets/KADID10K/images/I08_07_05.png,0.1279456466436386,0.3325
./Datasets/KADID10K/images/I08_08_01.png,0.023846890777349472,0.9175
./Datasets/KADID10K/images/I08_08_02.png,0.08129117637872696,0.5925
./Datasets/KADID10K/images/I08_08_03.png,0.07591225206851959,0.5175
./Datasets/KADID10K/images/I08_08_04.png,0.12015113234519958,0.2825
./Datasets/KADID10K/images/I08_08_05.png,0.12360838800668716,0.15000000000000002
./Datasets/KADID10K/images/I08_09_01.png,0.046967990696430206,0.875
./Datasets/KADID10K/images/I08_09_02.png,0.08581007272005081,0.9325000000000001
./Datasets/KADID10K/images/I08_09_03.png,0.14205609261989594,0.9075
./Datasets/KADID10K/images/I08_09_04.png,0.331482857465744,0.6325
./Datasets/KADID10K/images/I08_09_05.png,0.5524235367774963,0.14250000000000002
./Datasets/KADID10K/images/I08_10_01.png,0.13833416998386383,0.8925000000000001
./Datasets/KADID10K/images/I08_10_02.png,0.1484099179506302,0.825
./Datasets/KADID10K/images/I08_10_03.png,0.18332645297050476,0.7075
./Datasets/KADID10K/images/I08_10_04.png,0.5966216325759888,0.125
./Datasets/KADID10K/images/I08_10_05.png,0.7971323728561401,0.04999999999999999
./Datasets/KADID10K/images/I08_11_01.png,0.03953208401799202,0.6175
./Datasets/KADID10K/images/I08_11_02.png,0.09540721029043198,0.49250000000000005
./Datasets/KADID10K/images/I08_11_03.png,0.11533401161432266,0.38249999999999995
./Datasets/KADID10K/images/I08_11_04.png,0.18149234354496002,0.38
./Datasets/KADID10K/images/I08_11_05.png,0.31370654702186584,0.2925
./Datasets/KADID10K/images/I08_12_01.png,0.023256273940205574,0.8574999999999999
./Datasets/KADID10K/images/I08_12_02.png,0.06840656697750092,0.625
./Datasets/KADID10K/images/I08_12_03.png,0.12176252156496048,0.48250000000000004
./Datasets/KADID10K/images/I08_12_04.png,0.19298893213272095,0.3425
./Datasets/KADID10K/images/I08_12_05.png,0.24738197028636932,0.35
./Datasets/KADID10K/images/I08_13_01.png,0.00012375008373055607,0.5825
./Datasets/KADID10K/images/I08_13_02.png,2.054513288385351e-06,0.42500000000000004
./Datasets/KADID10K/images/I08_13_03.png,3.28510668623494e-06,0.44999999999999996
./Datasets/KADID10K/images/I08_13_04.png,0.00043882025056518614,0.35750000000000004
./Datasets/KADID10K/images/I08_13_05.png,0.0025389580987393856,0.275
./Datasets/KADID10K/images/I08_14_01.png,0.018522989004850388,0.925
./Datasets/KADID10K/images/I08_14_02.png,0.044480085372924805,0.65
./Datasets/KADID10K/images/I08_14_03.png,0.05282993242144585,0.4175
./Datasets/KADID10K/images/I08_14_04.png,0.09514903277158737,0.4
./Datasets/KADID10K/images/I08_14_05.png,0.1608344167470932,0.2925
./Datasets/KADID10K/images/I08_15_01.png,0.17379888892173767,0.7
./Datasets/KADID10K/images/I08_15_02.png,0.32535549998283386,0.38249999999999995
./Datasets/KADID10K/images/I08_15_03.png,0.5200768113136292,0.25749999999999995
./Datasets/KADID10K/images/I08_15_04.png,0.6188919544219971,0.15749999999999997
./Datasets/KADID10K/images/I08_15_05.png,0.6469059586524963,0.1325
./Datasets/KADID10K/images/I08_16_01.png,0.025130461901426315,0.9175
./Datasets/KADID10K/images/I08_16_02.png,0.025922074913978577,0.8174999999999999
./Datasets/KADID10K/images/I08_16_03.png,0.022185564041137695,0.6825
./Datasets/KADID10K/images/I08_16_04.png,0.01242693793028593,0.38249999999999995
./Datasets/KADID10K/images/I08_16_05.png,0.05503362417221069,0.15749999999999997
./Datasets/KADID10K/images/I08_17_01.png,0.020913640037178993,0.9075
./Datasets/KADID10K/images/I08_17_02.png,0.01994357444345951,0.9175
./Datasets/KADID10K/images/I08_17_03.png,0.01703176647424698,0.8674999999999999
./Datasets/KADID10K/images/I08_17_04.png,0.006395962089300156,0.675
./Datasets/KADID10K/images/I08_17_05.png,0.002586422488093376,0.36750000000000005
./Datasets/KADID10K/images/I08_18_01.png,0.010736504569649696,0.8500000000000001
./Datasets/KADID10K/images/I08_18_02.png,0.01373819075524807,0.875
./Datasets/KADID10K/images/I08_18_03.png,0.023846890777349472,0.95
./Datasets/KADID10K/images/I08_18_04.png,0.008430346846580505,0.8825000000000001
./Datasets/KADID10K/images/I08_18_05.png,0.0029216560069471598,0.7825
./Datasets/KADID10K/images/I08_19_01.png,0.04171030595898628,0.925
./Datasets/KADID10K/images/I08_19_02.png,0.10373266041278839,0.8574999999999999
./Datasets/KADID10K/images/I08_19_03.png,0.1925850510597229,0.7925
./Datasets/KADID10K/images/I08_19_04.png,0.2128852754831314,0.21750000000000003
./Datasets/KADID10K/images/I08_19_05.png,0.23202680051326752,0.08750000000000002
./Datasets/KADID10K/images/I08_20_01.png,0.02741866558790207,0.8925000000000001
./Datasets/KADID10K/images/I08_20_02.png,0.03040279820561409,0.8500000000000001
./Datasets/KADID10K/images/I08_20_03.png,0.03808526322245598,0.625
./Datasets/KADID10K/images/I08_20_04.png,0.022199811413884163,0.7425
./Datasets/KADID10K/images/I08_20_05.png,0.03876785561442375,0.65
./Datasets/KADID10K/images/I08_21_01.png,0.04720667749643326,0.7675000000000001
./Datasets/KADID10K/images/I08_21_02.png,0.08611433953046799,0.625
./Datasets/KADID10K/images/I08_21_03.png,0.14102517068386078,0.5325
./Datasets/KADID10K/images/I08_21_04.png,0.1631588190793991,0.48250000000000004
./Datasets/KADID10K/images/I08_21_05.png,0.221572607755661,0.15749999999999997
./Datasets/KADID10K/images/I08_22_01.png,0.05130775645375252,0.4075
./Datasets/KADID10K/images/I08_22_02.png,0.0866602212190628,0.48250000000000004
./Datasets/KADID10K/images/I08_22_03.png,0.19235894083976746,0.375
./Datasets/KADID10K/images/I08_22_04.png,0.27798640727996826,0.2825
./Datasets/KADID10K/images/I08_22_05.png,0.26820793747901917,0.15000000000000002
./Datasets/KADID10K/images/I08_23_01.png,0.03144408389925957,0.4575
./Datasets/KADID10K/images/I08_23_02.png,0.03476418927311897,0.44999999999999996
./Datasets/KADID10K/images/I08_23_03.png,0.027909545227885246,0.3175
./Datasets/KADID10K/images/I08_23_04.png,0.043989453464746475,0.25749999999999995
./Datasets/KADID10K/images/I08_23_05.png,0.0803011879324913,0.2925
./Datasets/KADID10K/images/I08_24_01.png,0.000705086684320122,0.7749999999999999
./Datasets/KADID10K/images/I08_24_02.png,0.0003095598367508501,0.44999999999999996
./Datasets/KADID10K/images/I08_24_03.png,0.00038999630487523973,0.36750000000000005
./Datasets/KADID10K/images/I08_24_04.png,0.00797346793115139,0.15000000000000002
./Datasets/KADID10K/images/I08_24_05.png,0.10306048393249512,0.07500000000000001
./Datasets/KADID10K/images/I08_25_01.png,0.0008340027998201549,0.7175
./Datasets/KADID10K/images/I08_25_02.png,0.0024960984010249376,0.75
./Datasets/KADID10K/images/I08_25_03.png,0.006741939578205347,0.8574999999999999
./Datasets/KADID10K/images/I08_25_04.png,0.06086049973964691,0.8825000000000001
./Datasets/KADID10K/images/I08_25_05.png,0.13545754551887512,0.675
./Datasets/KADID10K/images/I09_01_01.png,0.14425450563430786,0.9325000000000001
./Datasets/KADID10K/images/I09_01_02.png,0.27325931191444397,0.6925
./Datasets/KADID10K/images/I09_01_03.png,0.4281577169895172,0.23249999999999998
./Datasets/KADID10K/images/I09_01_04.png,0.5877820253372192,0.09999999999999998
./Datasets/KADID10K/images/I09_01_05.png,0.7036583423614502,0.04999999999999999
./Datasets/KADID10K/images/I09_02_01.png,0.35255080461502075,0.525
./Datasets/KADID10K/images/I09_02_02.png,0.5104624032974243,0.2825
./Datasets/KADID10K/images/I09_02_03.png,0.5845802426338196,0.09250000000000003
./Datasets/KADID10K/images/I09_02_04.png,0.6338517069816589,0.14250000000000002
./Datasets/KADID10K/images/I09_02_05.png,0.6354150176048279,0.017500000000000016
./Datasets/KADID10K/images/I09_03_01.png,0.14425450563430786,0.875
./Datasets/KADID10K/images/I09_03_02.png,0.3117639124393463,0.6675
./Datasets/KADID10K/images/I09_03_03.png,0.4621185064315796,0.2825
./Datasets/KADID10K/images/I09_03_04.png,0.28629446029663086,0.16749999999999998
./Datasets/KADID10K/images/I09_03_05.png,0.4919869601726532,0.07500000000000001
./Datasets/KADID10K/images/I09_04_01.png,0.23901157081127167,0.8174999999999999
./Datasets/KADID10K/images/I09_04_02.png,0.15835241973400116,0.4
./Datasets/KADID10K/images/I09_04_03.png,0.1962723731994629,0.15000000000000002
./Datasets/KADID10K/images/I09_04_04.png,0.22909696400165558,0.16749999999999998
./Datasets/KADID10K/images/I09_04_05.png,0.22384586930274963,0.1175
./Datasets/KADID10K/images/I09_05_01.png,0.29693832993507385,0.6525
./Datasets/KADID10K/images/I09_05_02.png,0.3081305921077728,0.2
./Datasets/KADID10K/images/I09_05_03.png,0.4266749918460846,0.1175
./Datasets/KADID10K/images/I09_05_04.png,0.4463651478290558,0.125
./Datasets/KADID10K/images/I09_05_05.png,0.42701587080955505,0.09999999999999998
./Datasets/KADID10K/images/I09_06_01.png,0.09711913764476776,0.725
./Datasets/KADID10K/images/I09_06_02.png,0.08108081668615341,0.7075
./Datasets/KADID10K/images/I09_06_03.png,0.07701954245567322,0.6925
./Datasets/KADID10K/images/I09_06_04.png,0.009800137020647526,0.42500000000000004
./Datasets/KADID10K/images/I09_06_05.png,0.0034440853632986546,0.32499999999999996
./Datasets/KADID10K/images/I09_07_01.png,0.21968163549900055,0.4675
./Datasets/KADID10K/images/I09_07_02.png,0.2830350399017334,0.4325
./Datasets/KADID10K/images/I09_07_03.png,0.3188014030456543,0.3175
./Datasets/KADID10K/images/I09_07_04.png,0.35208433866500854,0.26749999999999996
./Datasets/KADID10K/images/I09_07_05.png,0.34406015276908875,0.32499999999999996
./Datasets/KADID10K/images/I09_08_01.png,0.14425450563430786,0.8425
./Datasets/KADID10K/images/I09_08_02.png,0.23186001181602478,0.525
./Datasets/KADID10K/images/I09_08_03.png,0.36043593287467957,0.36750000000000005
./Datasets/KADID10K/images/I09_08_04.png,0.49819374084472656,0.14500000000000002
./Datasets/KADID10K/images/I09_08_05.png,0.5217384099960327,0.15000000000000002
./Datasets/KADID10K/images/I09_09_01.png,0.2567310333251953,0.7749999999999999
./Datasets/KADID10K/images/I09_09_02.png,0.3315373659133911,0.5825
./Datasets/KADID10K/images/I09_09_03.png,0.3888162076473236,0.4075
./Datasets/KADID10K/images/I09_09_04.png,0.5774429440498352,0.1925
./Datasets/KADID10K/images/I09_09_05.png,0.7400931119918823,0.04249999999999998
./Datasets/KADID10K/images/I09_10_01.png,0.22269147634506226,0.7325
./Datasets/KADID10K/images/I09_10_02.png,0.2674388885498047,0.8425
./Datasets/KADID10K/images/I09_10_03.png,0.32754242420196533,0.6675
./Datasets/KADID10K/images/I09_10_04.png,0.600477933883667,0.23249999999999998
./Datasets/KADID10K/images/I09_10_05.png,0.824311375617981,0.057499999999999996
./Datasets/KADID10K/images/I09_11_01.png,0.21227103471755981,0.825
./Datasets/KADID10K/images/I09_11_02.png,0.2515255808830261,0.5825
./Datasets/KADID10K/images/I09_11_03.png,0.361733615398407,0.5
./Datasets/KADID10K/images/I09_11_04.png,0.37741419672966003,0.38249999999999995
./Datasets/KADID10K/images/I09_11_05.png,0.4579229950904846,0.275
./Datasets/KADID10K/images/I09_12_01.png,0.14174988865852356,0.9175
./Datasets/KADID10K/images/I09_12_02.png,0.24920408427715302,0.6925
./Datasets/KADID10K/images/I09_12_03.png,0.3132343888282776,0.4575
./Datasets/KADID10K/images/I09_12_04.png,0.3796134889125824,0.42500000000000004
./Datasets/KADID10K/images/I09_12_05.png,0.46379345655441284,0.30000000000000004
./Datasets/KADID10K/images/I09_13_01.png,0.16683830320835114,0.7425
./Datasets/KADID10K/images/I09_13_02.png,0.24692723155021667,0.39249999999999996
./Datasets/KADID10K/images/I09_13_03.png,0.23919622600078583,0.4575
./Datasets/KADID10K/images/I09_13_04.png,0.3426273763179779,0.355
./Datasets/KADID10K/images/I09_13_05.png,0.3969062864780426,0.3375
./Datasets/KADID10K/images/I09_14_01.png,0.14478498697280884,0.8325
./Datasets/KADID10K/images/I09_14_02.png,0.20885521173477173,0.525
./Datasets/KADID10K/images/I09_14_03.png,0.2743043303489685,0.475
./Datasets/KADID10K/images/I09_14_04.png,0.3365006148815155,0.3175
./Datasets/KADID10K/images/I09_14_05.png,0.43546372652053833,0.15749999999999997
./Datasets/KADID10K/images/I09_15_01.png,0.4353099763393402,0.5925
./Datasets/KADID10K/images/I09_15_02.png,0.5476567149162292,0.39249999999999996
./Datasets/KADID10K/images/I09_15_03.png,0.5932686924934387,0.3075
./Datasets/KADID10K/images/I09_15_04.png,0.6733364462852478,0.15000000000000002
./Datasets/KADID10K/images/I09_15_05.png,0.7084725499153137,0.125
./Datasets/KADID10K/images/I09_16_01.png,0.15543235838413239,0.875
./Datasets/KADID10K/images/I09_16_02.png,0.16078336536884308,0.7425
./Datasets/KADID10K/images/I09_16_03.png,0.1438458114862442,0.5075
./Datasets/KADID10K/images/I09_16_04.png,0.07845045626163483,0.3325
./Datasets/KADID10K/images/I09_16_05.png,0.05579999461770058,0.14250000000000002
./Datasets/KADID10K/images/I09_17_01.png,0.13507749140262604,0.8999999999999999
./Datasets/KADID10K/images/I09_17_02.png,0.12227132171392441,0.875
./Datasets/KADID10K/images/I09_17_03.png,0.09795288741588593,0.7825
./Datasets/KADID10K/images/I09_17_04.png,0.060988202691078186,0.5825
./Datasets/KADID10K/images/I09_17_05.png,0.060652852058410645,0.21750000000000003
./Datasets/KADID10K/images/I09_18_01.png,0.08001308143138885,0.825
./Datasets/KADID10K/images/I09_18_02.png,0.11275210976600647,0.8825000000000001
./Datasets/KADID10K/images/I09_18_03.png,0.14425450563430786,0.8825000000000001
./Datasets/KADID10K/images/I09_18_04.png,0.08778683096170425,0.8574999999999999
./Datasets/KADID10K/images/I09_18_05.png,0.08634333312511444,0.7
./Datasets/KADID10K/images/I09_19_01.png,0.17602619528770447,0.7925
./Datasets/KADID10K/images/I09_19_02.png,0.24306704103946686,0.7075
./Datasets/KADID10K/images/I09_19_03.png,0.36572450399398804,0.6075
./Datasets/KADID10K/images/I09_19_04.png,0.36910900473594666,0.20750000000000002
./Datasets/KADID10K/images/I09_19_05.png,0.24905580282211304,0.0675
./Datasets/KADID10K/images/I09_20_01.png,0.16043046116828918,0.8500000000000001
./Datasets/KADID10K/images/I09_20_02.png,0.16630323231220245,0.8425
./Datasets/KADID10K/images/I09_20_03.png,0.14838966727256775,0.7749999999999999
./Datasets/KADID10K/images/I09_20_04.png,0.15383833646774292,0.6825
./Datasets/KADID10K/images/I09_20_05.png,0.22238001227378845,0.575
./Datasets/KADID10K/images/I09_21_01.png,0.21503737568855286,0.7075
./Datasets/KADID10K/images/I09_21_02.png,0.25598740577697754,0.625
./Datasets/KADID10K/images/I09_21_03.png,0.27383947372436523,0.5175
./Datasets/KADID10K/images/I09_21_04.png,0.28924793004989624,0.5425
./Datasets/KADID10K/images/I09_21_05.png,0.5782501697540283,0.14250000000000002
./Datasets/KADID10K/images/I09_22_01.png,0.17895056307315826,0.925
./Datasets/KADID10K/images/I09_22_02.png,0.1846562922000885,0.8325
./Datasets/KADID10K/images/I09_22_03.png,0.18374715745449066,0.8075000000000001
./Datasets/KADID10K/images/I09_22_04.png,0.20641499757766724,0.7749999999999999
./Datasets/KADID10K/images/I09_22_05.png,0.24825124442577362,0.6
./Datasets/KADID10K/images/I09_23_01.png,0.1467650681734085,0.34750000000000003
./Datasets/KADID10K/images/I09_23_02.png,0.1797156035900116,0.3325
./Datasets/KADID10K/images/I09_23_03.png,0.1941525936126709,0.2925
./Datasets/KADID10K/images/I09_23_04.png,0.20002277195453644,0.25749999999999995
./Datasets/KADID10K/images/I09_23_05.png,0.16033734381198883,0.20750000000000002
./Datasets/KADID10K/images/I09_24_01.png,0.05309741199016571,0.5175
./Datasets/KADID10K/images/I09_24_02.png,0.029870105907320976,0.30000000000000004
./Datasets/KADID10K/images/I09_24_03.png,0.01852293126285076,0.21750000000000003
./Datasets/KADID10K/images/I09_24_04.png,0.00641016848385334,0.057499999999999996
./Datasets/KADID10K/images/I09_24_05.png,0.003115556202828884,0.025000000000000022
./Datasets/KADID10K/images/I09_25_01.png,0.02439264953136444,0.5175
./Datasets/KADID10K/images/I09_25_02.png,0.039593655616045,0.6575
./Datasets/KADID10K/images/I09_25_03.png,0.07155472040176392,0.8075000000000001
./Datasets/KADID10K/images/I09_25_04.png,0.18975195288658142,0.7749999999999999
./Datasets/KADID10K/images/I09_25_05.png,0.24631159007549286,0.6425
./Datasets/KADID10K/images/I10_01_01.png,0.0014934735372662544,0.9325000000000001
./Datasets/KADID10K/images/I10_01_02.png,0.03991691395640373,0.8825000000000001
./Datasets/KADID10K/images/I10_01_03.png,0.2675100564956665,0.44999999999999996
./Datasets/KADID10K/images/I10_01_04.png,0.40325728058815,0.16749999999999998
./Datasets/KADID10K/images/I10_01_05.png,0.760551393032074,0.057499999999999996
./Datasets/KADID10K/images/I10_02_01.png,0.1330501288175583,0.725
./Datasets/KADID10K/images/I10_02_02.png,0.28612151741981506,0.39249999999999996
./Datasets/KADID10K/images/I10_02_03.png,0.4933348298072815,0.1925
./Datasets/KADID10K/images/I10_02_04.png,0.5962826013565063,0.0675
./Datasets/KADID10K/images/I10_02_05.png,0.6920308470726013,0.08250000000000002
./Datasets/KADID10K/images/I10_03_01.png,0.0014934735372662544,0.9175
./Datasets/KADID10K/images/I10_03_02.png,0.04035171493887901,0.8
./Datasets/KADID10K/images/I10_03_03.png,0.12020746618509293,0.475
./Datasets/KADID10K/images/I10_03_04.png,0.31022098660469055,0.2925
./Datasets/KADID10K/images/I10_03_05.png,0.32282376289367676,0.09999999999999998
./Datasets/KADID10K/images/I10_04_01.png,0.001399873523041606,0.9075
./Datasets/KADID10K/images/I10_04_02.png,0.007943076081573963,0.48250000000000004
./Datasets/KADID10K/images/I10_04_03.png,0.013796298764646053,0.23249999999999998
./Datasets/KADID10K/images/I10_04_04.png,0.036589186638593674,0.1325
./Datasets/KADID10K/images/I10_04_05.png,0.04335244745016098,0.0675
./Datasets/KADID10K/images/I10_05_01.png,0.004811829887330532,0.9075
./Datasets/KADID10K/images/I10_05_02.png,0.10124805569648743,0.375
./Datasets/KADID10K/images/I10_05_03.png,0.184757262468338,0.1825
./Datasets/KADID10K/images/I10_05_04.png,0.20291335880756378,0.15749999999999997
./Datasets/KADID10K/images/I10_05_05.png,0.13712315261363983,0.20750000000000002
./Datasets/KADID10K/images/I10_06_01.png,0.00010533459862926975,0.6575
./Datasets/KADID10K/images/I10_06_02.png,0.00016919862537179142,0.7075
./Datasets/KADID10K/images/I10_06_03.png,0.0001845755468821153,0.7
./Datasets/KADID10K/images/I10_06_04.png,3.959238529205322e-05,0.5325
./Datasets/KADID10K/images/I10_06_05.png,2.1824984287377447e-05,0.25749999999999995
./Datasets/KADID10K/images/I10_07_01.png,0.006477301940321922,0.5675
./Datasets/KADID10K/images/I10_07_02.png,0.024697810411453247,0.3175
./Datasets/KADID10K/images/I10_07_03.png,0.035626016557216644,0.3075
./Datasets/KADID10K/images/I10_07_04.png,0.03192052245140076,0.3325
./Datasets/KADID10K/images/I10_07_05.png,0.077443927526474,0.20750000000000002
./Datasets/KADID10K/images/I10_08_01.png,0.0014934735372662544,0.9325000000000001
./Datasets/KADID10K/images/I10_08_02.png,0.014015285298228264,0.5075
./Datasets/KADID10K/images/I10_08_03.png,0.032606374472379684,0.3325
./Datasets/KADID10K/images/I10_08_04.png,0.16505762934684753,0.15749999999999997
./Datasets/KADID10K/images/I10_08_05.png,0.17610587179660797,0.0675
./Datasets/KADID10K/images/I10_09_01.png,0.019548585638403893,0.925
./Datasets/KADID10K/images/I10_09_02.png,0.10371865332126617,0.8674999999999999
./Datasets/KADID10K/images/I10_09_03.png,0.2331472933292389,0.7575000000000001
./Datasets/KADID10K/images/I10_09_04.png,0.4512987732887268,0.2425
./Datasets/KADID10K/images/I10_09_05.png,0.7422083616256714,0.03249999999999997
./Datasets/KADID10K/images/I10_10_01.png,0.09657503664493561,0.7675000000000001
./Datasets/KADID10K/images/I10_10_02.png,0.13147416710853577,0.8075000000000001
./Datasets/KADID10K/images/I10_10_03.png,0.2555347681045532,0.6
./Datasets/KADID10K/images/I10_10_04.png,0.6707269549369812,0.14250000000000002
./Datasets/KADID10K/images/I10_10_05.png,0.8419501781463623,0.04249999999999998
./Datasets/KADID10K/images/I10_11_01.png,0.07730613648891449,0.525
./Datasets/KADID10K/images/I10_11_02.png,0.22708751261234283,0.475
./Datasets/KADID10K/images/I10_11_03.png,0.293698251247406,0.4575
./Datasets/KADID10K/images/I10_11_04.png,0.35022199153900146,0.3175
./Datasets/KADID10K/images/I10_11_05.png,0.40528833866119385,0.2
./Datasets/KADID10K/images/I10_12_01.png,0.012399166822433472,0.7575000000000001
./Datasets/KADID10K/images/I10_12_02.png,0.13039834797382355,0.5
./Datasets/KADID10K/images/I10_12_03.png,0.2696188688278198,0.4
./Datasets/KADID10K/images/I10_12_04.png,0.3488345742225647,0.3325
./Datasets/KADID10K/images/I10_12_05.png,0.38271579146385193,0.275
./Datasets/KADID10K/images/I10_13_01.png,0.0004919492639601231,0.6425
./Datasets/KADID10K/images/I10_13_02.png,0.0014306592056527734,0.42500000000000004
./Datasets/KADID10K/images/I10_13_03.png,0.0018509184010326862,0.32499999999999996
./Datasets/KADID10K/images/I10_13_04.png,0.04987311363220215,0.2925
./Datasets/KADID10K/images/I10_13_05.png,0.22692753374576569,0.2425
./Datasets/KADID10K/images/I10_14_01.png,0.0028953980654478073,0.875
./Datasets/KADID10K/images/I10_14_02.png,0.06593670696020126,0.55
./Datasets/KADID10K/images/I10_14_03.png,0.19163993000984192,0.36750000000000005
./Datasets/KADID10K/images/I10_14_04.png,0.30052119493484497,0.26749999999999996
./Datasets/KADID10K/images/I10_14_05.png,0.434829443693161,0.21750000000000003
./Datasets/KADID10K/images/I10_15_01.png,0.39162677526474,0.65
./Datasets/KADID10K/images/I10_15_02.png,0.519995391368866,0.32499999999999996
./Datasets/KADID10K/images/I10_15_03.png,0.5708222985267639,0.25749999999999995
./Datasets/KADID10K/images/I10_15_04.png,0.6505576968193054,0.15749999999999997
./Datasets/KADID10K/images/I10_15_05.png,0.6878190040588379,0.09250000000000003
./Datasets/KADID10K/images/I10_16_01.png,0.001709036878310144,0.8574999999999999
./Datasets/KADID10K/images/I10_16_02.png,0.0018633999861776829,0.7925
./Datasets/KADID10K/images/I10_16_03.png,0.002055372344329953,0.6825
./Datasets/KADID10K/images/I10_16_04.png,0.0017390107968822122,0.4425
./Datasets/KADID10K/images/I10_16_05.png,0.0034135121386498213,0.1825
./Datasets/KADID10K/images/I10_17_01.png,0.0014969883486628532,0.9675
./Datasets/KADID10K/images/I10_17_02.png,0.0011139255948364735,0.825
./Datasets/KADID10K/images/I10_17_03.png,0.0008715471485629678,0.8075000000000001
./Datasets/KADID10K/images/I10_17_04.png,0.0002817408530972898,0.6025
./Datasets/KADID10K/images/I10_17_05.png,0.00017121527343988419,0.3175
./Datasets/KADID10K/images/I10_18_01.png,0.0005672848783433437,0.8325
./Datasets/KADID10K/images/I10_18_02.png,0.0006235562032088637,0.8925000000000001
./Datasets/KADID10K/images/I10_18_03.png,0.0014934735372662544,0.9325000000000001
./Datasets/KADID10K/images/I10_18_04.png,0.00045867369044572115,0.8925000000000001
./Datasets/KADID10K/images/I10_18_05.png,0.00023660706938244402,0.7
./Datasets/KADID10K/images/I10_19_01.png,0.004724900703877211,0.9075
./Datasets/KADID10K/images/I10_19_02.png,0.014697624370455742,0.8075000000000001
./Datasets/KADID10K/images/I10_19_03.png,0.11699564009904861,0.6075
./Datasets/KADID10K/images/I10_19_04.png,0.28033846616744995,0.15749999999999997
./Datasets/KADID10K/images/I10_19_05.png,0.14482221007347107,0.04999999999999999
./Datasets/KADID10K/images/I10_20_01.png,0.001474828808568418,0.8925000000000001
./Datasets/KADID10K/images/I10_20_02.png,0.0019020212348550558,0.8674999999999999
./Datasets/KADID10K/images/I10_20_03.png,0.0018748741131275892,0.8574999999999999
./Datasets/KADID10K/images/I10_20_04.png,0.0025896255392581224,0.8075000000000001
./Datasets/KADID10K/images/I10_20_05.png,0.003795732045546174,0.7425
./Datasets/KADID10K/images/I10_21_01.png,0.0017624166794121265,0.5675
./Datasets/KADID10K/images/I10_21_02.png,0.002118015196174383,0.35
./Datasets/KADID10K/images/I10_21_03.png,0.02272757887840271,0.35750000000000004
./Datasets/KADID10K/images/I10_21_04.png,0.028503619134426117,0.3175
./Datasets/KADID10K/images/I10_21_05.png,0.3433970510959625,0.057499999999999996
./Datasets/KADID10K/images/I10_22_01.png,0.015832092612981796,0.7025
./Datasets/KADID10K/images/I10_22_02.png,0.03931116685271263,0.7175
./Datasets/KADID10K/images/I10_22_03.png,0.04726988449692726,0.49250000000000005
./Datasets/KADID10K/images/I10_22_04.png,0.10771496593952179,0.5075
./Datasets/KADID10K/images/I10_22_05.png,0.16490475833415985,0.275
./Datasets/KADID10K/images/I10_23_01.png,0.002776474691927433,0.48250000000000004
./Datasets/KADID10K/images/I10_23_02.png,0.0036421206314116716,0.25749999999999995
./Datasets/KADID10K/images/I10_23_03.png,0.012287862598896027,0.39249999999999996
./Datasets/KADID10K/images/I10_23_04.png,0.010058624669909477,0.2425
./Datasets/KADID10K/images/I10_23_05.png,0.005769319832324982,0.3075
./Datasets/KADID10K/images/I10_24_01.png,1.1106334568466991e-05,0.6675
./Datasets/KADID10K/images/I10_24_02.png,2.18445575228543e-06,0.4075
./Datasets/KADID10K/images/I10_24_03.png,1.7298151533395867e-06,0.2925
./Datasets/KADID10K/images/I10_24_04.png,3.105008363490924e-05,0.125
./Datasets/KADID10K/images/I10_24_05.png,0.0006506531499326229,0.07500000000000001
./Datasets/KADID10K/images/I10_25_01.png,0.00011739972978830338,0.5575
./Datasets/KADID10K/images/I10_25_02.png,0.00015596124285366386,0.65
./Datasets/KADID10K/images/I10_25_03.png,0.00034280840191058815,0.8425
./Datasets/KADID10K/images/I10_25_04.png,0.007475577294826508,0.8325
./Datasets/KADID10K/images/I10_25_05.png,0.020685002207756042,0.7075
./Datasets/KADID10K/images/I11_01_01.png,0.04632919654250145,0.8999999999999999
./Datasets/KADID10K/images/I11_01_02.png,0.11126086115837097,0.7675000000000001
./Datasets/KADID10K/images/I11_01_03.png,0.24490375816822052,0.375
./Datasets/KADID10K/images/I11_01_04.png,0.5291003584861755,0.1925
./Datasets/KADID10K/images/I11_01_05.png,0.7858788967132568,0.08750000000000002
./Datasets/KADID10K/images/I11_02_01.png,0.14052894711494446,0.6
./Datasets/KADID10K/images/I11_02_02.png,0.2959211766719818,0.26749999999999996
./Datasets/KADID10K/images/I11_02_03.png,0.5421093702316284,0.1925
./Datasets/KADID10K/images/I11_02_04.png,0.6332058906555176,0.09999999999999998
./Datasets/KADID10K/images/I11_02_05.png,0.7008028626441956,0.0675
./Datasets/KADID10K/images/I11_03_01.png,0.04632919654250145,0.925
./Datasets/KADID10K/images/I11_03_02.png,0.1254945695400238,0.6425
./Datasets/KADID10K/images/I11_03_03.png,0.2557656764984131,0.36750000000000005
./Datasets/KADID10K/images/I11_03_04.png,0.23265855014324188,0.275
./Datasets/KADID10K/images/I11_03_05.png,0.4147166609764099,0.1175
./Datasets/KADID10K/images/I11_04_01.png,0.04903152957558632,0.8674999999999999
./Datasets/KADID10K/images/I11_04_02.png,0.11682072281837463,0.4575
./Datasets/KADID10K/images/I11_04_03.png,0.0977669283747673,0.25
./Datasets/KADID10K/images/I11_04_04.png,0.07597104460000992,0.1825
./Datasets/KADID10K/images/I11_04_05.png,0.06254463642835617,0.15000000000000002
./Datasets/KADID10K/images/I11_05_01.png,0.1020747497677803,0.875
./Datasets/KADID10K/images/I11_05_02.png,0.14076444506645203,0.1925
./Datasets/KADID10K/images/I11_05_03.png,0.16833391785621643,0.2425
./Datasets/KADID10K/images/I11_05_04.png,0.1745002269744873,0.25749999999999995
./Datasets/KADID10K/images/I11_05_05.png,0.18649815022945404,0.15000000000000002
./Datasets/KADID10K/images/I11_06_01.png,0.002779169473797083,0.7925
./Datasets/KADID10K/images/I11_06_02.png,0.0026349187828600407,0.7575000000000001
./Datasets/KADID10K/images/I11_06_03.png,0.0044105760753154755,0.7575000000000001
./Datasets/KADID10K/images/I11_06_04.png,0.004906965419650078,0.5
./Datasets/KADID10K/images/I11_06_05.png,0.0001462077780161053,0.22499999999999998
./Datasets/KADID10K/images/I11_07_01.png,0.05119268223643303,0.55
./Datasets/KADID10K/images/I11_07_02.png,0.05261848866939545,0.38249999999999995
./Datasets/KADID10K/images/I11_07_03.png,0.05197465419769287,0.375
./Datasets/KADID10K/images/I11_07_04.png,0.05113394558429718,0.4
./Datasets/KADID10K/images/I11_07_05.png,0.07560896873474121,0.25749999999999995
./Datasets/KADID10K/images/I11_08_01.png,0.04632919654250145,0.8825000000000001
./Datasets/KADID10K/images/I11_08_02.png,0.06690551340579987,0.6075
./Datasets/KADID10K/images/I11_08_03.png,0.14224039018154144,0.475
./Datasets/KADID10K/images/I11_08_04.png,0.23141227662563324,0.25
./Datasets/KADID10K/images/I11_08_05.png,0.23697307705879211,0.1175
./Datasets/KADID10K/images/I11_09_01.png,0.1078583374619484,0.9075
./Datasets/KADID10K/images/I11_09_02.png,0.23464806377887726,0.8174999999999999
./Datasets/KADID10K/images/I11_09_03.png,0.36689308285713196,0.7749999999999999
./Datasets/KADID10K/images/I11_09_04.png,0.5552600026130676,0.3175
./Datasets/KADID10K/images/I11_09_05.png,0.68718022108078,0.09999999999999998
./Datasets/KADID10K/images/I11_10_01.png,0.19666537642478943,0.8574999999999999
./Datasets/KADID10K/images/I11_10_02.png,0.22851508855819702,0.7925
./Datasets/KADID10K/images/I11_10_03.png,0.28750285506248474,0.7575000000000001
./Datasets/KADID10K/images/I11_10_04.png,0.6612908244132996,0.15749999999999997
./Datasets/KADID10K/images/I11_10_05.png,0.8874844908714294,0.03999999999999998
./Datasets/KADID10K/images/I11_11_01.png,0.1472359597682953,0.7425
./Datasets/KADID10K/images/I11_11_02.png,0.22945980727672577,0.475
./Datasets/KADID10K/images/I11_11_03.png,0.27001917362213135,0.44999999999999996
./Datasets/KADID10K/images/I11_11_04.png,0.36255890130996704,0.36750000000000005
./Datasets/KADID10K/images/I11_11_05.png,0.4447456896305084,0.2825
./Datasets/KADID10K/images/I11_12_01.png,0.07507137209177017,0.8825000000000001
./Datasets/KADID10K/images/I11_12_02.png,0.20678898692131042,0.55
./Datasets/KADID10K/images/I11_12_03.png,0.2486584186553955,0.5
./Datasets/KADID10K/images/I11_12_04.png,0.34957125782966614,0.39249999999999996
./Datasets/KADID10K/images/I11_12_05.png,0.4136373698711395,0.2825
./Datasets/KADID10K/images/I11_13_01.png,0.08026383072137833,0.6425
./Datasets/KADID10K/images/I11_13_02.png,0.03763369470834732,0.4175
./Datasets/KADID10K/images/I11_13_03.png,0.09911157935857773,0.3175
./Datasets/KADID10K/images/I11_13_04.png,0.14805664122104645,0.35
./Datasets/KADID10K/images/I11_13_05.png,0.2352093756198883,0.23249999999999998
./Datasets/KADID10K/images/I11_14_01.png,0.07546639442443848,0.8925000000000001
./Datasets/KADID10K/images/I11_14_02.png,0.10182229429483414,0.7
./Datasets/KADID10K/images/I11_14_03.png,0.14737233519554138,0.44999999999999996
./Datasets/KADID10K/images/I11_14_04.png,0.19736799597740173,0.4075
./Datasets/KADID10K/images/I11_14_05.png,0.36587169766426086,0.3075
./Datasets/KADID10K/images/I11_15_01.png,0.40432208776474,0.5325
./Datasets/KADID10K/images/I11_15_02.png,0.5223953723907471,0.3075
./Datasets/KADID10K/images/I11_15_03.png,0.5713404417037964,0.1825
./Datasets/KADID10K/images/I11_15_04.png,0.6707686185836792,0.09250000000000003
./Datasets/KADID10K/images/I11_15_05.png,0.7185198068618774,0.10749999999999998
./Datasets/KADID10K/images/I11_16_01.png,0.05411812290549278,0.8574999999999999
./Datasets/KADID10K/images/I11_16_02.png,0.058115120977163315,0.7675000000000001
./Datasets/KADID10K/images/I11_16_03.png,0.060048799961805344,0.675
./Datasets/KADID10K/images/I11_16_04.png,0.04902060329914093,0.55
./Datasets/KADID10K/images/I11_16_05.png,0.11678997427225113,0.4
./Datasets/KADID10K/images/I11_17_01.png,0.04069753363728523,0.925
./Datasets/KADID10K/images/I11_17_02.png,0.03676832094788551,0.9175
./Datasets/KADID10K/images/I11_17_03.png,0.024027520790696144,0.8999999999999999
./Datasets/KADID10K/images/I11_17_04.png,0.008148621767759323,0.5825
./Datasets/KADID10K/images/I11_17_05.png,0.005455369129776955,0.09250000000000003
./Datasets/KADID10K/images/I11_18_01.png,0.0367453396320343,0.8075000000000001
./Datasets/KADID10K/images/I11_18_02.png,0.04359759762883186,0.8999999999999999
./Datasets/KADID10K/images/I11_18_03.png,0.04632919654250145,0.9199999999999999
./Datasets/KADID10K/images/I11_18_04.png,0.01390290167182684,0.8174999999999999
./Datasets/KADID10K/images/I11_18_05.png,0.004868794232606888,0.6175
./Datasets/KADID10K/images/I11_19_01.png,0.08869241923093796,0.825
./Datasets/KADID10K/images/I11_19_02.png,0.10277941823005676,0.8075000000000001
./Datasets/KADID10K/images/I11_19_03.png,0.19816537201404572,0.5325
./Datasets/KADID10K/images/I11_19_04.png,0.2816798985004425,0.21750000000000003
./Datasets/KADID10K/images/I11_19_05.png,0.3401760160923004,0.09999999999999998
./Datasets/KADID10K/images/I11_20_01.png,0.05196062847971916,0.8674999999999999
./Datasets/KADID10K/images/I11_20_02.png,0.06455643475055695,0.9175
./Datasets/KADID10K/images/I11_20_03.png,0.06470406800508499,0.7925
./Datasets/KADID10K/images/I11_20_04.png,0.09003306925296783,0.7925
./Datasets/KADID10K/images/I11_20_05.png,0.06648895144462585,0.7575000000000001
./Datasets/KADID10K/images/I11_21_01.png,0.05842434614896774,0.875
./Datasets/KADID10K/images/I11_21_02.png,0.09434451162815094,0.725
./Datasets/KADID10K/images/I11_21_03.png,0.08701754361391068,0.6175
./Datasets/KADID10K/images/I11_21_04.png,0.10087551176548004,0.48250000000000004
./Datasets/KADID10K/images/I11_21_05.png,0.20872671902179718,0.1175
./Datasets/KADID10K/images/I11_22_01.png,0.09316328167915344,0.7749999999999999
./Datasets/KADID10K/images/I11_22_02.png,0.17842160165309906,0.6325
./Datasets/KADID10K/images/I11_22_03.png,0.1780160665512085,0.525
./Datasets/KADID10K/images/I11_22_04.png,0.19749505817890167,0.375
./Datasets/KADID10K/images/I11_22_05.png,0.2339969128370285,0.3175
./Datasets/KADID10K/images/I11_23_01.png,0.05579454451799393,0.23249999999999998
./Datasets/KADID10K/images/I11_23_02.png,0.08744556456804276,0.15749999999999997
./Datasets/KADID10K/images/I11_23_03.png,0.09609164297580719,0.375
./Datasets/KADID10K/images/I11_23_04.png,0.11745157837867737,0.26749999999999996
./Datasets/KADID10K/images/I11_23_05.png,0.12013296037912369,0.15000000000000002
./Datasets/KADID10K/images/I11_24_01.png,0.010548762045800686,0.575
./Datasets/KADID10K/images/I11_24_02.png,0.008971147239208221,0.375
./Datasets/KADID10K/images/I11_24_03.png,0.006880905944854021,0.20750000000000002
./Datasets/KADID10K/images/I11_24_04.png,0.009333408437669277,0.15000000000000002
./Datasets/KADID10K/images/I11_24_05.png,0.00785975530743599,0.03249999999999997
./Datasets/KADID10K/images/I11_25_01.png,0.0021764535922557116,0.575
./Datasets/KADID10K/images/I11_25_02.png,0.005166422110050917,0.6425
./Datasets/KADID10K/images/I11_25_03.png,0.01469140499830246,0.825
./Datasets/KADID10K/images/I11_25_04.png,0.09662876278162003,0.6825
./Datasets/KADID10K/images/I11_25_05.png,0.15972502529621124,0.4575
./Datasets/KADID10K/images/I12_01_01.png,0.03223215788602829,0.8825000000000001
./Datasets/KADID10K/images/I12_01_02.png,0.14295831322669983,0.7175
./Datasets/KADID10K/images/I12_01_03.png,0.47947829961776733,0.35
./Datasets/KADID10K/images/I12_01_04.png,0.6285359859466553,0.16749999999999998
./Datasets/KADID10K/images/I12_01_05.png,0.812445878982544,0.04249999999999998
./Datasets/KADID10K/images/I12_02_01.png,0.2874113619327545,0.5325
./Datasets/KADID10K/images/I12_02_02.png,0.54464191198349,0.25
./Datasets/KADID10K/images/I12_02_03.png,0.6386747360229492,0.057499999999999996
./Datasets/KADID10K/images/I12_02_04.png,0.6904995441436768,0.09250000000000003
./Datasets/KADID10K/images/I12_02_05.png,0.73965984582901,0.04999999999999999
./Datasets/KADID10K/images/I12_03_01.png,0.03223215788602829,0.8825000000000001
./Datasets/KADID10K/images/I12_03_02.png,0.13537248969078064,0.675
./Datasets/KADID10K/images/I12_03_03.png,0.5879154205322266,0.265
./Datasets/KADID10K/images/I12_03_04.png,0.6069057583808899,0.15000000000000002
./Datasets/KADID10K/images/I12_03_05.png,0.5090072154998779,0.09250000000000003
./Datasets/KADID10K/images/I12_04_01.png,0.07354412227869034,0.875
./Datasets/KADID10K/images/I12_04_02.png,0.08134417980909348,0.4075
./Datasets/KADID10K/images/I12_04_03.png,0.15865060687065125,0.1825
./Datasets/KADID10K/images/I12_04_04.png,0.2161562442779541,0.1325
./Datasets/KADID10K/images/I12_04_05.png,0.2939787209033966,0.07500000000000001
./Datasets/KADID10K/images/I12_05_01.png,0.18220186233520508,0.5
./Datasets/KADID10K/images/I12_05_02.png,0.25135138630867004,0.2925
./Datasets/KADID10K/images/I12_05_03.png,0.3719434142112732,0.09999999999999998
./Datasets/KADID10K/images/I12_05_04.png,0.38518768548965454,0.04249999999999998
./Datasets/KADID10K/images/I12_05_05.png,0.4085974097251892,0.04999999999999999
./Datasets/KADID10K/images/I12_06_01.png,0.025444529950618744,0.8625
./Datasets/KADID10K/images/I12_06_02.png,0.028625216335058212,0.7649999999999999
./Datasets/KADID10K/images/I12_06_03.png,0.053145624697208405,0.75
./Datasets/KADID10K/images/I12_06_04.png,0.16579706966876984,0.5675
./Datasets/KADID10K/images/I12_06_05.png,0.24166834354400635,0.33999999999999997
./Datasets/KADID10K/images/I12_07_01.png,0.05427759885787964,0.35
./Datasets/KADID10K/images/I12_07_02.png,0.09737854450941086,0.21750000000000003
./Datasets/KADID10K/images/I12_07_03.png,0.13451282680034637,0.4175
./Datasets/KADID10K/images/I12_07_04.png,0.15773822367191315,0.3425
./Datasets/KADID10K/images/I12_07_05.png,0.1833680272102356,0.23249999999999998
./Datasets/KADID10K/images/I12_08_01.png,0.03223215788602829,0.8674999999999999
./Datasets/KADID10K/images/I12_08_02.png,0.07043991982936859,0.625
./Datasets/KADID10K/images/I12_08_03.png,0.14218634366989136,0.5325
./Datasets/KADID10K/images/I12_08_04.png,0.27244672179222107,0.38749999999999996
./Datasets/KADID10K/images/I12_08_05.png,0.2985694408416748,0.15000000000000002
./Datasets/KADID10K/images/I12_09_01.png,0.1874663382768631,0.7825
./Datasets/KADID10K/images/I12_09_02.png,0.3554290533065796,0.5175
./Datasets/KADID10K/images/I12_09_03.png,0.4722254276275635,0.4
./Datasets/KADID10K/images/I12_09_04.png,0.6462724804878235,0.10749999999999998
./Datasets/KADID10K/images/I12_09_05.png,0.804638147354126,0.025000000000000022
./Datasets/KADID10K/images/I12_10_01.png,0.11723055690526962,0.875
./Datasets/KADID10K/images/I12_10_02.png,0.1613769829273224,0.825
./Datasets/KADID10K/images/I12_10_03.png,0.18656767904758453,0.75
./Datasets/KADID10K/images/I12_10_04.png,0.48930594325065613,0.41500000000000004
./Datasets/KADID10K/images/I12_10_05.png,0.7290548086166382,0.23249999999999998
./Datasets/KADID10K/images/I12_11_01.png,0.05620254948735237,0.8700000000000001
./Datasets/KADID10K/images/I12_11_02.png,0.07970461249351501,0.75
./Datasets/KADID10K/images/I12_11_03.png,0.11598662286996841,0.7075
./Datasets/KADID10K/images/I12_11_04.png,0.18993942439556122,0.5175
./Datasets/KADID10K/images/I12_11_05.png,0.3257496654987335,0.38249999999999995
./Datasets/KADID10K/images/I12_12_01.png,0.03397657349705696,0.9075
./Datasets/KADID10K/images/I12_12_02.png,0.0652979388833046,0.8500000000000001
./Datasets/KADID10K/images/I12_12_03.png,0.1471330225467682,0.7325
./Datasets/KADID10K/images/I12_12_04.png,0.22844725847244263,0.5825
./Datasets/KADID10K/images/I12_12_05.png,0.348422110080719,0.49250000000000005
./Datasets/KADID10K/images/I12_13_01.png,0.03461010381579399,0.825
./Datasets/KADID10K/images/I12_13_02.png,0.08100704103708267,0.7075
./Datasets/KADID10K/images/I12_13_03.png,0.11544537544250488,0.5075
./Datasets/KADID10K/images/I12_13_04.png,0.23610717058181763,0.4325
./Datasets/KADID10K/images/I12_13_05.png,0.3192285895347595,0.2925
./Datasets/KADID10K/images/I12_14_01.png,0.03643113747239113,0.8500000000000001
./Datasets/KADID10K/images/I12_14_02.png,0.054391320794820786,0.8674999999999999
./Datasets/KADID10K/images/I12_14_03.png,0.0810670554637909,0.625
./Datasets/KADID10K/images/I12_14_04.png,0.14316466450691223,0.5475
./Datasets/KADID10K/images/I12_14_05.png,0.27743297815322876,0.36750000000000005
./Datasets/KADID10K/images/I12_15_01.png,0.4153040945529938,0.5925
./Datasets/KADID10K/images/I12_15_02.png,0.5206481218338013,0.39249999999999996
./Datasets/KADID10K/images/I12_15_03.png,0.5686028599739075,0.30000000000000004
./Datasets/KADID10K/images/I12_15_04.png,0.638123095035553,0.21750000000000003
./Datasets/KADID10K/images/I12_15_05.png,0.6846891641616821,0.175
./Datasets/KADID10K/images/I12_16_01.png,0.03235980495810509,0.825
./Datasets/KADID10K/images/I12_16_02.png,0.03362708538770676,0.8
./Datasets/KADID10K/images/I12_16_03.png,0.03845321759581566,0.575
./Datasets/KADID10K/images/I12_16_04.png,0.06621795147657394,0.275
./Datasets/KADID10K/images/I12_16_05.png,0.2179601937532425,0.14250000000000002
./Datasets/KADID10K/images/I12_17_01.png,0.032165151089429855,0.8999999999999999
./Datasets/KADID10K/images/I12_17_02.png,0.03191004693508148,0.8999999999999999
./Datasets/KADID10K/images/I12_17_03.png,0.029400859028100967,0.8325
./Datasets/KADID10K/images/I12_17_04.png,0.01926511526107788,0.725
./Datasets/KADID10K/images/I12_17_05.png,0.025959275662899017,0.375
./Datasets/KADID10K/images/I12_18_01.png,0.020937401801347733,0.8574999999999999
./Datasets/KADID10K/images/I12_18_02.png,0.024499403312802315,0.875
./Datasets/KADID10K/images/I12_18_03.png,0.03223215788602829,0.8525
./Datasets/KADID10K/images/I12_18_04.png,0.019145816564559937,0.8075000000000001
./Datasets/KADID10K/images/I12_18_05.png,0.01931156776845455,0.7175
./Datasets/KADID10K/images/I12_19_01.png,0.08040748536586761,0.7749999999999999
./Datasets/KADID10K/images/I12_19_02.png,0.12762568891048431,0.7825
./Datasets/KADID10K/images/I12_19_03.png,0.30653005838394165,0.475
./Datasets/KADID10K/images/I12_19_04.png,0.44950369000434875,0.1175
./Datasets/KADID10K/images/I12_19_05.png,0.36102867126464844,0.04999999999999999
./Datasets/KADID10K/images/I12_20_01.png,0.03658564016222954,0.8425
./Datasets/KADID10K/images/I12_20_02.png,0.04290641471743584,0.75
./Datasets/KADID10K/images/I12_20_03.png,0.04018101468682289,0.7925
./Datasets/KADID10K/images/I12_20_04.png,0.03889119625091553,0.5925
./Datasets/KADID10K/images/I12_20_05.png,0.04679479822516441,0.48250000000000004
./Datasets/KADID10K/images/I12_21_01.png,0.04569001495838165,0.55
./Datasets/KADID10K/images/I12_21_02.png,0.11863142251968384,0.2925
./Datasets/KADID10K/images/I12_21_03.png,0.1630219966173172,0.32499999999999996
./Datasets/KADID10K/images/I12_21_04.png,0.22734898328781128,0.2925
./Datasets/KADID10K/images/I12_21_05.png,0.628823459148407,0.04249999999999998
./Datasets/KADID10K/images/I12_22_01.png,0.02561129815876484,0.8825000000000001
./Datasets/KADID10K/images/I12_22_02.png,0.026656875386834145,0.875
./Datasets/KADID10K/images/I12_22_03.png,0.029562117531895638,0.8174999999999999
./Datasets/KADID10K/images/I12_22_04.png,0.03703068941831589,0.8574999999999999
./Datasets/KADID10K/images/I12_22_05.png,0.05143466591835022,0.7749999999999999
./Datasets/KADID10K/images/I12_23_01.png,0.029675494879484177,0.31499999999999995
./Datasets/KADID10K/images/I12_23_02.png,0.0683763325214386,0.2925
./Datasets/KADID10K/images/I12_23_03.png,0.05072545260190964,0.39249999999999996
./Datasets/KADID10K/images/I12_23_04.png,0.05587327480316162,0.3175
./Datasets/KADID10K/images/I12_23_05.png,0.0649656280875206,0.2825
./Datasets/KADID10K/images/I12_24_01.png,0.025825710967183113,0.5075
./Datasets/KADID10K/images/I12_24_02.png,0.03817235678434372,0.22499999999999998
./Datasets/KADID10K/images/I12_24_03.png,0.07064078748226166,0.25749999999999995
./Datasets/KADID10K/images/I12_24_04.png,0.167861208319664,0.07500000000000001
./Datasets/KADID10K/images/I12_24_05.png,0.18461669981479645,0.057499999999999996
./Datasets/KADID10K/images/I12_25_01.png,0.020784730091691017,0.5175
./Datasets/KADID10K/images/I12_25_02.png,0.019195260480046272,0.7175
./Datasets/KADID10K/images/I12_25_03.png,0.022427065297961235,0.8374999999999999
./Datasets/KADID10K/images/I12_25_04.png,0.05227161571383476,0.8325
./Datasets/KADID10K/images/I12_25_05.png,0.09206803143024445,0.5175
./Datasets/KADID10K/images/I13_01_01.png,1.145276655734051e-05,0.935
./Datasets/KADID10K/images/I13_01_02.png,0.0002716371964197606,0.8500000000000001
./Datasets/KADID10K/images/I13_01_03.png,0.06224381551146507,0.5825
./Datasets/KADID10K/images/I13_01_04.png,0.2241496741771698,0.30000000000000004
./Datasets/KADID10K/images/I13_01_05.png,0.6324740052223206,0.125
./Datasets/KADID10K/images/I13_02_01.png,0.008763686753809452,0.725
./Datasets/KADID10K/images/I13_02_02.png,0.08589155972003937,0.4075
./Datasets/KADID10K/images/I13_02_03.png,0.26924243569374084,0.2425
./Datasets/KADID10K/images/I13_02_04.png,0.39856988191604614,0.125
./Datasets/KADID10K/images/I13_02_05.png,0.5123103857040405,0.057499999999999996
./Datasets/KADID10K/images/I13_03_01.png,1.145276655734051e-05,0.8500000000000001
./Datasets/KADID10K/images/I13_03_02.png,0.000811981619335711,0.8574999999999999
./Datasets/KADID10K/images/I13_03_03.png,0.014968529343605042,0.6075
./Datasets/KADID10K/images/I13_03_04.png,0.04080074653029442,0.3325
./Datasets/KADID10K/images/I13_03_05.png,0.10229580849409103,0.1175
./Datasets/KADID10K/images/I13_04_01.png,0.00012726783461403102,0.8825000000000001
./Datasets/KADID10K/images/I13_04_02.png,0.0012113377451896667,0.49250000000000005
./Datasets/KADID10K/images/I13_04_03.png,0.0031665766146034002,0.42500000000000004
./Datasets/KADID10K/images/I13_04_04.png,0.004332092124968767,0.25749999999999995
./Datasets/KADID10K/images/I13_04_05.png,0.01572497934103012,0.2825
./Datasets/KADID10K/images/I13_05_01.png,0.001360220485366881,0.75
./Datasets/KADID10K/images/I13_05_02.png,0.007900165393948555,0.5
./Datasets/KADID10K/images/I13_05_03.png,0.032207053154706955,0.30000000000000004
./Datasets/KADID10K/images/I13_05_04.png,0.026525769382715225,0.30000000000000004
./Datasets/KADID10K/images/I13_05_05.png,0.02730225771665573,0.26749999999999996
./Datasets/KADID10K/images/I13_06_01.png,6.643406891271297e-08,0.6425
./Datasets/KADID10K/images/I13_06_02.png,7.431739135199678e-08,0.625
./Datasets/KADID10K/images/I13_06_03.png,1.4899383060651417e-08,0.5825
./Datasets/KADID10K/images/I13_06_04.png,3.2558629126100413e-09,0.5325
./Datasets/KADID10K/images/I13_06_05.png,7.10027314720918e-10,0.3325
./Datasets/KADID10K/images/I13_07_01.png,3.1116542231757194e-05,0.5075
./Datasets/KADID10K/images/I13_07_02.png,0.0007911160937510431,0.26749999999999996
./Datasets/KADID10K/images/I13_07_03.png,0.0032610930502414703,0.375
./Datasets/KADID10K/images/I13_07_04.png,0.006183204241096973,0.2925
./Datasets/KADID10K/images/I13_07_05.png,0.013895791955292225,0.275
./Datasets/KADID10K/images/I13_08_01.png,1.145276655734051e-05,0.8574999999999999
./Datasets/KADID10K/images/I13_08_02.png,9.653317829361185e-05,0.6825
./Datasets/KADID10K/images/I13_08_03.png,0.00015965428610797971,0.6
./Datasets/KADID10K/images/I13_08_04.png,0.0008059588144533336,0.2925
./Datasets/KADID10K/images/I13_08_05.png,0.002902112901210785,0.3175
./Datasets/KADID10K/images/I13_09_01.png,4.555842315312475e-05,0.8825000000000001
./Datasets/KADID10K/images/I13_09_02.png,0.0004999120719730854,0.925
./Datasets/KADID10K/images/I13_09_03.png,0.0018497558776289225,0.8700000000000001
./Datasets/KADID10K/images/I13_09_04.png,0.07597780227661133,0.6325
./Datasets/KADID10K/images/I13_09_05.png,0.6090006828308105,0.1825
./Datasets/KADID10K/images/I13_10_01.png,0.0017210951773449779,0.9175
./Datasets/KADID10K/images/I13_10_02.png,0.0035838051699101925,0.8825000000000001
./Datasets/KADID10K/images/I13_10_03.png,0.0070661199279129505,0.7
./Datasets/KADID10K/images/I13_10_04.png,0.4058326780796051,0.25749999999999995
./Datasets/KADID10K/images/I13_10_05.png,0.7879321575164795,0.14250000000000002
./Datasets/KADID10K/images/I13_11_01.png,6.413170194718987e-05,0.7075
./Datasets/KADID10K/images/I13_11_02.png,0.00017090945038944483,0.62
./Datasets/KADID10K/images/I13_11_03.png,0.0005767681286670268,0.525
./Datasets/KADID10K/images/I13_11_04.png,0.0017282151384279132,0.4075
./Datasets/KADID10K/images/I13_11_05.png,0.011010460555553436,0.2825
./Datasets/KADID10K/images/I13_12_01.png,2.311850039404817e-05,0.8925000000000001
./Datasets/KADID10K/images/I13_12_02.png,0.00013640185352414846,0.6675
./Datasets/KADID10K/images/I13_12_03.png,0.0005180886364541948,0.575
./Datasets/KADID10K/images/I13_12_04.png,0.0023725901264697313,0.35750000000000004
./Datasets/KADID10K/images/I13_12_05.png,0.006330013740807772,0.3425
./Datasets/KADID10K/images/I13_13_01.png,6.495320548083328e-08,0.5825
./Datasets/KADID10K/images/I13_13_02.png,1.2575845746709557e-11,0.5175
./Datasets/KADID10K/images/I13_13_03.png,2.373636877328611e-12,0.4425
./Datasets/KADID10K/images/I13_13_04.png,2.7821420722773382e-09,0.32499999999999996
./Datasets/KADID10K/images/I13_13_05.png,1.913108008011477e-06,0.275
./Datasets/KADID10K/images/I13_14_01.png,1.2100723324692808e-05,0.8425
./Datasets/KADID10K/images/I13_14_02.png,4.4943935790797696e-05,0.725
./Datasets/KADID10K/images/I13_14_03.png,0.00010231448686681688,0.6
./Datasets/KADID10K/images/I13_14_04.png,0.0003441590233705938,0.44999999999999996
./Datasets/KADID10K/images/I13_14_05.png,0.0019280960550531745,0.32499999999999996
./Datasets/KADID10K/images/I13_15_01.png,0.02676890231668949,0.7749999999999999
./Datasets/KADID10K/images/I13_15_02.png,0.15899275243282318,0.5
./Datasets/KADID10K/images/I13_15_03.png,0.3078065514564514,0.39249999999999996
./Datasets/KADID10K/images/I13_15_04.png,0.4934280216693878,0.22499999999999998
./Datasets/KADID10K/images/I13_15_05.png,0.5763497948646545,0.22499999999999998
./Datasets/KADID10K/images/I13_16_01.png,1.7888502043206245e-05,0.8574999999999999
./Datasets/KADID10K/images/I13_16_02.png,2.2378000721801072e-05,0.8674999999999999
./Datasets/KADID10K/images/I13_16_03.png,3.2919575460255146e-05,0.6
./Datasets/KADID10K/images/I13_16_04.png,0.00010096998448716477,0.48250000000000004
./Datasets/KADID10K/images/I13_16_05.png,0.0006873764214105904,0.1825
./Datasets/KADID10K/images/I13_17_01.png,8.815422006591689e-06,0.9424999999999999
./Datasets/KADID10K/images/I13_17_02.png,6.677351848338731e-06,0.8925000000000001
./Datasets/KADID10K/images/I13_17_03.png,3.461358801359893e-06,0.8425
./Datasets/KADID10K/images/I13_17_04.png,6.613676646338718e-07,0.65
./Datasets/KADID10K/images/I13_17_05.png,3.318257881801401e-07,0.39249999999999996
./Datasets/KADID10K/images/I13_18_01.png,8.542874638806097e-06,0.7749999999999999
./Datasets/KADID10K/images/I13_18_02.png,7.171917786763515e-06,0.8574999999999999
./Datasets/KADID10K/images/I13_18_03.png,1.145276655734051e-05,0.8999999999999999
./Datasets/KADID10K/images/I13_18_04.png,1.7686880937617389e-06,0.9075
./Datasets/KADID10K/images/I13_18_05.png,5.771599944637273e-07,0.725
./Datasets/KADID10K/images/I13_19_01.png,0.00011642371100606397,0.825
./Datasets/KADID10K/images/I13_19_02.png,0.0008370520663447678,0.6925
./Datasets/KADID10K/images/I13_19_03.png,0.018905004486441612,0.5425
./Datasets/KADID10K/images/I13_19_04.png,0.048820409923791885,0.2425
./Datasets/KADID10K/images/I13_19_05.png,0.06125446781516075,0.1175
./Datasets/KADID10K/images/I13_20_01.png,1.4368780284712557e-05,0.8075000000000001
./Datasets/KADID10K/images/I13_20_02.png,2.4739274522289634e-05,0.7749999999999999
./Datasets/KADID10K/images/I13_20_03.png,1.5826768503757194e-05,0.6875
./Datasets/KADID10K/images/I13_20_04.png,2.8049276806996204e-05,0.6425
./Datasets/KADID10K/images/I13_20_05.png,0.00012222981604281813,0.725
./Datasets/KADID10K/images/I13_21_01.png,4.47866550530307e-05,0.8075000000000001
./Datasets/KADID10K/images/I13_21_02.png,0.00026476188213564456,0.5175
./Datasets/KADID10K/images/I13_21_03.png,0.0012584038777276874,0.55
./Datasets/KADID10K/images/I13_21_04.png,0.0057129887863993645,0.5325
./Datasets/KADID10K/images/I13_21_05.png,0.08171243220567703,0.23249999999999998
./Datasets/KADID10K/images/I13_22_01.png,2.026852234848775e-05,0.6175
./Datasets/KADID10K/images/I13_22_02.png,3.321923213661648e-05,0.725
./Datasets/KADID10K/images/I13_22_03.png,5.454779966385104e-05,0.5325
./Datasets/KADID10K/images/I13_22_04.png,5.1390139560680836e-05,0.4425
./Datasets/KADID10K/images/I13_22_05.png,0.00020116311497986317,0.36750000000000005
./Datasets/KADID10K/images/I13_23_01.png,9.064762707566842e-06,0.49250000000000005
./Datasets/KADID10K/images/I13_23_02.png,0.00010272782674292102,0.4
./Datasets/KADID10K/images/I13_23_03.png,2.518851943023037e-05,0.3325
./Datasets/KADID10K/images/I13_23_04.png,0.0009815178345888853,0.2925
./Datasets/KADID10K/images/I13_23_05.png,0.0016122168162837625,0.2
./Datasets/KADID10K/images/I13_24_01.png,8.719345714780502e-06,0.7925
./Datasets/KADID10K/images/I13_24_02.png,4.835933941649273e-05,0.5
./Datasets/KADID10K/images/I13_24_03.png,0.00027804289129562676,0.39249999999999996
./Datasets/KADID10K/images/I13_24_04.png,0.008332762867212296,0.23249999999999998
./Datasets/KADID10K/images/I13_24_05.png,0.09588339924812317,0.175
./Datasets/KADID10K/images/I13_25_01.png,5.269229177429224e-07,0.7425
./Datasets/KADID10K/images/I13_25_02.png,9.103140428123879e-07,0.7825
./Datasets/KADID10K/images/I13_25_03.png,2.4891935481718974e-06,0.9075
./Datasets/KADID10K/images/I13_25_04.png,6.759237294318154e-05,0.8300000000000001
./Datasets/KADID10K/images/I13_25_05.png,0.0005109044723212719,0.6
./Datasets/KADID10K/images/I14_01_01.png,0.044583603739738464,0.9075
./Datasets/KADID10K/images/I14_01_02.png,0.1658921092748642,0.7749999999999999
./Datasets/KADID10K/images/I14_01_03.png,0.4596390724182129,0.38249999999999995
./Datasets/KADID10K/images/I14_01_04.png,0.5457963347434998,0.16999999999999998
./Datasets/KADID10K/images/I14_01_05.png,0.7658870816230774,0.14250000000000002
./Datasets/KADID10K/images/I14_02_01.png,0.31680193543434143,0.6925
./Datasets/KADID10K/images/I14_02_02.png,0.45823243260383606,0.39249999999999996
./Datasets/KADID10K/images/I14_02_03.png,0.5655117034912109,0.15749999999999997
./Datasets/KADID10K/images/I14_02_04.png,0.6341635584831238,0.09250000000000003
./Datasets/KADID10K/images/I14_02_05.png,0.6950648427009583,0.0675
./Datasets/KADID10K/images/I14_03_01.png,0.044583603739738464,0.9175
./Datasets/KADID10K/images/I14_03_02.png,0.17535264790058136,0.6375
./Datasets/KADID10K/images/I14_03_03.png,0.5120245814323425,0.375
./Datasets/KADID10K/images/I14_03_04.png,0.5212116241455078,0.22499999999999998
./Datasets/KADID10K/images/I14_03_05.png,0.49157366156578064,0.11249999999999999
./Datasets/KADID10K/images/I14_04_01.png,0.08116329461336136,0.8825000000000001
./Datasets/KADID10K/images/I14_04_02.png,0.07588574290275574,0.5
./Datasets/KADID10K/images/I14_04_03.png,0.1358671933412552,0.3175
./Datasets/KADID10K/images/I14_04_04.png,0.11561708897352219,0.2425
./Datasets/KADID10K/images/I14_04_05.png,0.09304643422365189,0.22499999999999998
./Datasets/KADID10K/images/I14_05_01.png,0.23102259635925293,0.6575
./Datasets/KADID10K/images/I14_05_02.png,0.3458363115787506,0.3325
./Datasets/KADID10K/images/I14_05_03.png,0.42561259865760803,0.175
./Datasets/KADID10K/images/I14_05_04.png,0.4258258044719696,0.1325
./Datasets/KADID10K/images/I14_05_05.png,0.4460274577140808,0.14250000000000002
./Datasets/KADID10K/images/I14_06_01.png,0.03270783647894859,0.8075000000000001
./Datasets/KADID10K/images/I14_06_02.png,0.030043473467230797,0.8674999999999999
./Datasets/KADID10K/images/I14_06_03.png,0.0314457006752491,0.725
./Datasets/KADID10K/images/I14_06_04.png,0.03638611361384392,0.6825
./Datasets/KADID10K/images/I14_06_05.png,0.01609853096306324,0.3425
./Datasets/KADID10K/images/I14_07_01.png,0.1193375363945961,0.42500000000000004
./Datasets/KADID10K/images/I14_07_02.png,0.13050232827663422,0.23249999999999998
./Datasets/KADID10K/images/I14_07_03.png,0.12638801336288452,0.25749999999999995
./Datasets/KADID10K/images/I14_07_04.png,0.1294914335012436,0.2425
./Datasets/KADID10K/images/I14_07_05.png,0.13358309864997864,0.29000000000000004
./Datasets/KADID10K/images/I14_08_01.png,0.044583603739738464,0.8574999999999999
./Datasets/KADID10K/images/I14_08_02.png,0.049930792301893234,0.7
./Datasets/KADID10K/images/I14_08_03.png,0.14651313424110413,0.4575
./Datasets/KADID10K/images/I14_08_04.png,0.4051748216152191,0.265
./Datasets/KADID10K/images/I14_08_05.png,0.4072200655937195,0.16749999999999998
./Datasets/KADID10K/images/I14_09_01.png,0.1895165592432022,0.8825000000000001
./Datasets/KADID10K/images/I14_09_02.png,0.3133208453655243,0.7749999999999999
./Datasets/KADID10K/images/I14_09_03.png,0.41775381565093994,0.7075
./Datasets/KADID10K/images/I14_09_04.png,0.569911539554596,0.3425
./Datasets/KADID10K/images/I14_09_05.png,0.763248860836029,0.1175
./Datasets/KADID10K/images/I14_10_01.png,0.18746058642864227,0.825
./Datasets/KADID10K/images/I14_10_02.png,0.22784094512462616,0.8325
./Datasets/KADID10K/images/I14_10_03.png,0.3310413062572479,0.6825
./Datasets/KADID10K/images/I14_10_04.png,0.6249619722366333,0.30000000000000004
./Datasets/KADID10K/images/I14_10_05.png,0.7563777565956116,0.09250000000000003
./Datasets/KADID10K/images/I14_11_01.png,0.2543818950653076,0.725
./Datasets/KADID10K/images/I14_11_02.png,0.3569994866847992,0.5075
./Datasets/KADID10K/images/I14_11_03.png,0.45055025815963745,0.42500000000000004
./Datasets/KADID10K/images/I14_11_04.png,0.5016688108444214,0.35750000000000004
./Datasets/KADID10K/images/I14_11_05.png,0.5332627296447754,0.32499999999999996
./Datasets/KADID10K/images/I14_12_01.png,0.13360314071178436,0.825
./Datasets/KADID10K/images/I14_12_02.png,0.3287416398525238,0.5925
./Datasets/KADID10K/images/I14_12_03.png,0.4042859375476837,0.5175
./Datasets/KADID10K/images/I14_12_04.png,0.5184566974639893,0.42500000000000004
./Datasets/KADID10K/images/I14_12_05.png,0.5249895453453064,0.35750000000000004
./Datasets/KADID10K/images/I14_13_01.png,0.06932234019041061,0.7075
./Datasets/KADID10K/images/I14_13_02.png,0.13289889693260193,0.4575
./Datasets/KADID10K/images/I14_13_03.png,0.3101360499858856,0.4175
./Datasets/KADID10K/images/I14_13_04.png,0.4430122971534729,0.3175
./Datasets/KADID10K/images/I14_13_05.png,0.5350507497787476,0.275
./Datasets/KADID10K/images/I14_14_01.png,0.07736935466527939,0.7325
./Datasets/KADID10K/images/I14_14_02.png,0.15759089589118958,0.4425
./Datasets/KADID10K/images/I14_14_03.png,0.2223528027534485,0.4075
./Datasets/KADID10K/images/I14_14_04.png,0.3174852132797241,0.3425
./Datasets/KADID10K/images/I14_14_05.png,0.4227214455604553,0.2825
./Datasets/KADID10K/images/I14_15_01.png,0.49510398507118225,0.5925
./Datasets/KADID10K/images/I14_15_02.png,0.5711623430252075,0.5075
./Datasets/KADID10K/images/I14_15_03.png,0.5868675708770752,0.35750000000000004
./Datasets/KADID10K/images/I14_15_04.png,0.6231900453567505,0.20750000000000002
./Datasets/KADID10K/images/I14_15_05.png,0.6574060320854187,0.15749999999999997
./Datasets/KADID10K/images/I14_16_01.png,0.052858177572488785,0.8674999999999999
./Datasets/KADID10K/images/I14_16_02.png,0.058540839701890945,0.7925
./Datasets/KADID10K/images/I14_16_03.png,0.07248867303133011,0.5825
./Datasets/KADID10K/images/I14_16_04.png,0.12281007319688797,0.36750000000000005
./Datasets/KADID10K/images/I14_16_05.png,0.17625920474529266,0.2425
./Datasets/KADID10K/images/I14_17_01.png,0.04081549867987633,0.8174999999999999
./Datasets/KADID10K/images/I14_17_02.png,0.03620103374123573,0.8425
./Datasets/KADID10K/images/I14_17_03.png,0.026103004813194275,0.75
./Datasets/KADID10K/images/I14_17_04.png,0.014165571890771389,0.5675
./Datasets/KADID10K/images/I14_17_05.png,0.03545932099223137,0.32499999999999996
./Datasets/KADID10K/images/I14_18_01.png,0.032469045370817184,0.65
./Datasets/KADID10K/images/I14_18_02.png,0.03584251180291176,0.8325
./Datasets/KADID10K/images/I14_18_03.png,0.044583603739738464,0.9175
./Datasets/KADID10K/images/I14_18_04.png,0.007037146016955376,0.8
./Datasets/KADID10K/images/I14_18_05.png,0.016297845169901848,0.75
./Datasets/KADID10K/images/I14_19_01.png,0.1577461212873459,0.8174999999999999
./Datasets/KADID10K/images/I14_19_02.png,0.23925770819187164,0.7675000000000001
./Datasets/KADID10K/images/I14_19_03.png,0.4022989869117737,0.5175
./Datasets/KADID10K/images/I14_19_04.png,0.4386482834815979,0.26749999999999996
./Datasets/KADID10K/images/I14_19_05.png,0.1962578147649765,0.10749999999999998
./Datasets/KADID10K/images/I14_20_01.png,0.0372186116874218,0.8500000000000001
./Datasets/KADID10K/images/I14_20_02.png,0.044047776609659195,0.575
./Datasets/KADID10K/images/I14_20_03.png,0.03763138875365257,0.8425
./Datasets/KADID10K/images/I14_20_04.png,0.03590364009141922,0.8500000000000001
./Datasets/KADID10K/images/I14_20_05.png,0.04393954202532768,0.7749999999999999
./Datasets/KADID10K/images/I14_21_01.png,0.0591205470263958,0.8075000000000001
./Datasets/KADID10K/images/I14_21_02.png,0.0701676458120346,0.6175
./Datasets/KADID10K/images/I14_21_03.png,0.2152375429868698,0.48250000000000004
./Datasets/KADID10K/images/I14_21_04.png,0.20170164108276367,0.5
./Datasets/KADID10K/images/I14_21_05.png,0.5390933156013489,0.09749999999999998
./Datasets/KADID10K/images/I14_22_01.png,0.08014029264450073,0.7675000000000001
./Datasets/KADID10K/images/I14_22_02.png,0.06298995763063431,0.675
./Datasets/KADID10K/images/I14_22_03.png,0.039503149688243866,0.675
./Datasets/KADID10K/images/I14_22_04.png,0.07826271653175354,0.6175
./Datasets/KADID10K/images/I14_22_05.png,0.18733201920986176,0.4175
./Datasets/KADID10K/images/I14_23_01.png,0.06530788540840149,0.4175
./Datasets/KADID10K/images/I14_23_02.png,0.10638803243637085,0.26749999999999996
./Datasets/KADID10K/images/I14_23_03.png,0.09776905924081802,0.2825
./Datasets/KADID10K/images/I14_23_04.png,0.0830332338809967,0.20750000000000002
./Datasets/KADID10K/images/I14_23_05.png,0.07174647599458694,0.22499999999999998
./Datasets/KADID10K/images/I14_24_01.png,0.0044999876990914345,0.5675
./Datasets/KADID10K/images/I14_24_02.png,0.006659227889031172,0.32499999999999996
./Datasets/KADID10K/images/I14_24_03.png,0.006307484582066536,0.175
./Datasets/KADID10K/images/I14_24_04.png,0.004403701052069664,0.1175
./Datasets/KADID10K/images/I14_24_05.png,0.004561447538435459,0.09999999999999998
./Datasets/KADID10K/images/I14_25_01.png,0.00858917087316513,0.5925
./Datasets/KADID10K/images/I14_25_02.png,0.005366520024836063,0.6575
./Datasets/KADID10K/images/I14_25_03.png,0.0127103878185153,0.725
./Datasets/KADID10K/images/I14_25_04.png,0.10566683858633041,0.7575000000000001
./Datasets/KADID10K/images/I14_25_05.png,0.1929749697446823,0.5925
./Datasets/KADID10K/images/I15_01_01.png,3.732530698875642e-20,0.9075
./Datasets/KADID10K/images/I15_01_02.png,0.00017498241504654288,0.8325
./Datasets/KADID10K/images/I15_01_03.png,0.27915096282958984,0.35750000000000004
./Datasets/KADID10K/images/I15_01_04.png,0.53097003698349,0.2
./Datasets/KADID10K/images/I15_01_05.png,0.7469922304153442,0.057499999999999996
./Datasets/KADID10K/images/I15_02_01.png,0.15900570154190063,0.6075
./Datasets/KADID10K/images/I15_02_02.png,0.2829156517982483,0.275
./Datasets/KADID10K/images/I15_02_03.png,0.5314891338348389,0.1825
./Datasets/KADID10K/images/I15_02_04.png,0.6010820269584656,0.08250000000000002
./Datasets/KADID10K/images/I15_02_05.png,0.6541228890419006,0.03999999999999998
./Datasets/KADID10K/images/I15_03_01.png,3.732530698875642e-20,0.8999999999999999
./Datasets/KADID10K/images/I15_03_02.png,0.007207504473626614,0.675
./Datasets/KADID10K/images/I15_03_03.png,0.3877899944782257,0.25
./Datasets/KADID10K/images/I15_03_04.png,0.4689960479736328,0.26749999999999996
./Datasets/KADID10K/images/I15_03_05.png,0.5135894417762756,0.08250000000000002
./Datasets/KADID10K/images/I15_04_01.png,2.163476863149255e-16,0.8574999999999999
./Datasets/KADID10K/images/I15_04_02.png,4.36576819140555e-09,0.35
./Datasets/KADID10K/images/I15_04_03.png,6.263535029108555e-20,0.21750000000000003
./Datasets/KADID10K/images/I15_04_04.png,1.437588559238563e-25,0.22499999999999998
./Datasets/KADID10K/images/I15_04_05.png,0.0,0.0675
./Datasets/KADID10K/images/I15_05_01.png,0.08346086740493774,0.8
./Datasets/KADID10K/images/I15_05_02.png,0.357355535030365,0.3325
./Datasets/KADID10K/images/I15_05_03.png,0.4121485650539398,0.15749999999999997
./Datasets/KADID10K/images/I15_05_04.png,0.35577911138534546,0.10749999999999998
./Datasets/KADID10K/images/I15_05_05.png,0.35837987065315247,0.07500000000000001
./Datasets/KADID10K/images/I15_06_01.png,3.686611835121292e-20,0.7749999999999999
./Datasets/KADID10K/images/I15_06_02.png,0.0,0.7425
./Datasets/KADID10K/images/I15_06_03.png,0.0,0.7675000000000001
./Datasets/KADID10K/images/I15_06_04.png,0.0,0.6675
./Datasets/KADID10K/images/I15_06_05.png,9.612722173812926e-09,0.4325
./Datasets/KADID10K/images/I15_07_01.png,2.997791251346804e-11,0.515
./Datasets/KADID10K/images/I15_07_02.png,2.048222439975122e-15,0.4175
./Datasets/KADID10K/images/I15_07_03.png,2.0284852964014277e-10,0.4075
./Datasets/KADID10K/images/I15_07_04.png,6.205663760638913e-11,0.38749999999999996
./Datasets/KADID10K/images/I15_07_05.png,0.05392859876155853,0.4075
./Datasets/KADID10K/images/I15_08_01.png,3.732530698875642e-20,0.8500000000000001
./Datasets/KADID10K/images/I15_08_02.png,1.0020720298505737e-18,0.5675
./Datasets/KADID10K/images/I15_08_03.png,5.213297538809331e-19,0.3175
./Datasets/KADID10K/images/I15_08_04.png,4.173846742191741e-20,0.16749999999999998
./Datasets/KADID10K/images/I15_08_05.png,0.0025688244495540857,0.08750000000000002
./Datasets/KADID10K/images/I15_09_01.png,1.6787877672566194e-34,0.8075000000000001
./Datasets/KADID10K/images/I15_09_02.png,4.2289554553725356e-16,0.7
./Datasets/KADID10K/images/I15_09_03.png,3.148370453232019e-11,0.6075
./Datasets/KADID10K/images/I15_09_04.png,0.502661943435669,0.2425
./Datasets/KADID10K/images/I15_09_05.png,0.7715915441513062,0.057499999999999996
./Datasets/KADID10K/images/I15_10_01.png,4.699691157072916e-15,0.75
./Datasets/KADID10K/images/I15_10_02.png,3.6204484099748836e-23,0.8
./Datasets/KADID10K/images/I15_10_03.png,8.384308525233308e-11,0.6675
./Datasets/KADID10K/images/I15_10_04.png,0.42702487111091614,0.1925
./Datasets/KADID10K/images/I15_10_05.png,0.7084047794342041,0.08250000000000002
./Datasets/KADID10K/images/I15_11_01.png,1.2674695032061155e-15,0.7075
./Datasets/KADID10K/images/I15_11_02.png,2.6556146170975126e-09,0.6575
./Datasets/KADID10K/images/I15_11_03.png,1.926797085616272e-05,0.44999999999999996
./Datasets/KADID10K/images/I15_11_04.png,0.060353685170412064,0.4
./Datasets/KADID10K/images/I15_11_05.png,0.3464236855506897,0.32499999999999996
./Datasets/KADID10K/images/I15_12_01.png,1.2724962938506706e-18,0.7675000000000001
./Datasets/KADID10K/images/I15_12_02.png,5.656825851382656e-14,0.7
./Datasets/KADID10K/images/I15_12_03.png,0.0026233491953462362,0.5425
./Datasets/KADID10K/images/I15_12_04.png,0.28310298919677734,0.4075
./Datasets/KADID10K/images/I15_12_05.png,0.33882835507392883,0.39249999999999996
./Datasets/KADID10K/images/I15_13_01.png,1.0663291583057344e-08,0.725
./Datasets/KADID10K/images/I15_13_02.png,3.622298390837386e-05,0.5425
./Datasets/KADID10K/images/I15_13_03.png,0.023161031305789948,0.35
./Datasets/KADID10K/images/I15_13_04.png,0.18918506801128387,0.32499999999999996
./Datasets/KADID10K/images/I15_13_05.png,0.27524498105049133,0.175
./Datasets/KADID10K/images/I15_14_01.png,1.062766563799224e-14,0.7575000000000001
./Datasets/KADID10K/images/I15_14_02.png,0.0,0.5675
./Datasets/KADID10K/images/I15_14_03.png,3.895141154064419e-11,0.4175
./Datasets/KADID10K/images/I15_14_04.png,4.806613560504047e-06,0.4075
./Datasets/KADID10K/images/I15_14_05.png,0.020282603800296783,0.21750000000000003
./Datasets/KADID10K/images/I15_15_01.png,0.3725223243236542,0.6325
./Datasets/KADID10K/images/I15_15_02.png,0.48264119029045105,0.39249999999999996
./Datasets/KADID10K/images/I15_15_03.png,0.5350083112716675,0.23249999999999998
./Datasets/KADID10K/images/I15_15_04.png,0.579069197177887,0.175
./Datasets/KADID10K/images/I15_15_05.png,0.6381025910377502,0.09999999999999998
./Datasets/KADID10K/images/I15_16_01.png,8.3087864101541e-22,0.8674999999999999
./Datasets/KADID10K/images/I15_16_02.png,5.484484326024171e-38,0.6925
./Datasets/KADID10K/images/I15_16_03.png,0.0,0.48250000000000004
./Datasets/KADID10K/images/I15_16_04.png,0.0,0.1825
./Datasets/KADID10K/images/I15_16_05.png,1.0,0.057499999999999996
./Datasets/KADID10K/images/I15_17_01.png,7.926769963482744e-19,0.8574999999999999
./Datasets/KADID10K/images/I15_17_02.png,1.2349751951496275e-17,0.9075
./Datasets/KADID10K/images/I15_17_03.png,7.52907952260792e-21,0.7749999999999999
./Datasets/KADID10K/images/I15_17_04.png,5.912705017979171e-15,0.6575
./Datasets/KADID10K/images/I15_17_05.png,0.0017330088885501027,0.2425
./Datasets/KADID10K/images/I15_18_01.png,2.0715484883027102e-11,0.6925
./Datasets/KADID10K/images/I15_18_02.png,0.0,0.7175
./Datasets/KADID10K/images/I15_18_03.png,3.732530698875642e-20,0.9175
./Datasets/KADID10K/images/I15_18_04.png,8.561389796247881e-30,0.8425
./Datasets/KADID10K/images/I15_18_05.png,2.560369110712091e-22,0.65
./Datasets/KADID10K/images/I15_19_01.png,0.00998623762279749,0.7325
./Datasets/KADID10K/images/I15_19_02.png,0.025329243391752243,0.7675000000000001
./Datasets/KADID10K/images/I15_19_03.png,0.2728114426136017,0.5075
./Datasets/KADID10K/images/I15_19_04.png,0.26537010073661804,0.1925
./Datasets/KADID10K/images/I15_19_05.png,0.2765752971172333,0.0675
./Datasets/KADID10K/images/I15_20_01.png,7.658083109641253e-17,0.8325
./Datasets/KADID10K/images/I15_20_02.png,3.085954373271006e-16,0.8
./Datasets/KADID10K/images/I15_20_03.png,5.608505196721958e-13,0.7675000000000001
./Datasets/KADID10K/images/I15_20_04.png,4.0012684992880474e-16,0.725
./Datasets/KADID10K/images/I15_20_05.png,1.1729089521850256e-07,0.5875
./Datasets/KADID10K/images/I15_21_01.png,1.2819936300922442e-16,0.6075
./Datasets/KADID10K/images/I15_21_02.png,5.606582546281139e-16,0.475
./Datasets/KADID10K/images/I15_21_03.png,4.961309818920026e-14,0.39249999999999996
./Datasets/KADID10K/images/I15_21_04.png,1.9596454170455011e-38,0.25749999999999995
./Datasets/KADID10K/images/I15_21_05.png,0.46962884068489075,0.04249999999999998
./Datasets/KADID10K/images/I15_22_01.png,2.566572902702237e-19,0.7325
./Datasets/KADID10K/images/I15_22_02.png,0.0,0.6425
./Datasets/KADID10K/images/I15_22_03.png,0.0,0.75
./Datasets/KADID10K/images/I15_22_04.png,4.795606662360671e-21,0.675
./Datasets/KADID10K/images/I15_22_05.png,1.943162360076682e-14,0.525
./Datasets/KADID10K/images/I15_23_01.png,0.0,0.375
./Datasets/KADID10K/images/I15_23_02.png,1.1120017406884841e-10,0.22499999999999998
./Datasets/KADID10K/images/I15_23_03.png,7.726481271674857e-06,0.3175
./Datasets/KADID10K/images/I15_23_04.png,8.430810756601445e-38,0.2925
./Datasets/KADID10K/images/I15_23_05.png,0.06697069108486176,0.23249999999999998
./Datasets/KADID10K/images/I15_24_01.png,1.0,0.44999999999999996
./Datasets/KADID10K/images/I15_24_02.png,0.0,0.275
./Datasets/KADID10K/images/I15_24_03.png,0.0,0.1325
./Datasets/KADID10K/images/I15_24_04.png,0.036497604101896286,0.14250000000000002
./Datasets/KADID10K/images/I15_24_05.png,0.14449696242809296,0.04249999999999998
./Datasets/KADID10K/images/I15_25_01.png,0.0,0.49250000000000005
./Datasets/KADID10K/images/I15_25_02.png,0.0,0.55
./Datasets/KADID10K/images/I15_25_03.png,0.0,0.6575
./Datasets/KADID10K/images/I15_25_04.png,4.052916438013199e-07,0.7175
./Datasets/KADID10K/images/I15_25_05.png,0.0029863491654396057,0.55
./Datasets/KADID10K/images/I16_01_01.png,0.007804684806615114,0.925
./Datasets/KADID10K/images/I16_01_02.png,0.06077934801578522,0.825
./Datasets/KADID10K/images/I16_01_03.png,0.2971387207508087,0.25
./Datasets/KADID10K/images/I16_01_04.png,0.4884847402572632,0.09999999999999998
./Datasets/KADID10K/images/I16_01_05.png,0.7811535596847534,0.03249999999999997
./Datasets/KADID10K/images/I16_02_01.png,0.13533034920692444,0.6
./Datasets/KADID10K/images/I16_02_02.png,0.33552899956703186,0.23249999999999998
./Datasets/KADID10K/images/I16_02_03.png,0.5286201238632202,0.08250000000000002
./Datasets/KADID10K/images/I16_02_04.png,0.6289907693862915,0.04249999999999998
./Datasets/KADID10K/images/I16_02_05.png,0.6977470517158508,0.08250000000000002
./Datasets/KADID10K/images/I16_03_01.png,0.007804684806615114,0.8674999999999999
./Datasets/KADID10K/images/I16_03_02.png,0.05687475576996803,0.6175
./Datasets/KADID10K/images/I16_03_03.png,0.34939971566200256,0.25749999999999995
./Datasets/KADID10K/images/I16_03_04.png,0.29236316680908203,0.15749999999999997
./Datasets/KADID10K/images/I16_03_05.png,0.46833789348602295,0.04249999999999998
./Datasets/KADID10K/images/I16_04_01.png,0.01698601059615612,0.8500000000000001
./Datasets/KADID10K/images/I16_04_02.png,0.15078632533550262,0.22499999999999998
./Datasets/KADID10K/images/I16_04_03.png,0.1578349620103836,0.04999999999999999
./Datasets/KADID10K/images/I16_04_04.png,0.14800423383712769,0.04999999999999999
./Datasets/KADID10K/images/I16_04_05.png,0.15913893282413483,0.017500000000000016
./Datasets/KADID10K/images/I16_05_01.png,0.07275798916816711,0.5175
./Datasets/KADID10K/images/I16_05_02.png,0.13999560475349426,0.14500000000000002
./Datasets/KADID10K/images/I16_05_03.png,0.19943057000637054,0.057499999999999996
./Datasets/KADID10K/images/I16_05_04.png,0.19694724678993225,0.04249999999999998
./Datasets/KADID10K/images/I16_05_05.png,0.18347463011741638,0.10749999999999998
./Datasets/KADID10K/images/I16_06_01.png,0.0028060756158083677,0.75
./Datasets/KADID10K/images/I16_06_02.png,0.0018657101318240166,0.7825
./Datasets/KADID10K/images/I16_06_03.png,0.0021857924293726683,0.7425
./Datasets/KADID10K/images/I16_06_04.png,0.0022720450069755316,0.575
./Datasets/KADID10K/images/I16_06_05.png,0.006002085283398628,0.29000000000000004
./Datasets/KADID10K/images/I16_07_01.png,0.011905577965080738,0.5175
./Datasets/KADID10K/images/I16_07_02.png,0.03968237340450287,0.2825
./Datasets/KADID10K/images/I16_07_03.png,0.0945325493812561,0.3325
./Datasets/KADID10K/images/I16_07_04.png,0.13904601335525513,0.26749999999999996
./Datasets/KADID10K/images/I16_07_05.png,0.12232982367277145,0.25749999999999995
./Datasets/KADID10K/images/I16_08_01.png,0.007804684806615114,0.925
./Datasets/KADID10K/images/I16_08_02.png,0.0710349753499031,0.475
./Datasets/KADID10K/images/I16_08_03.png,0.12271200120449066,0.26749999999999996
./Datasets/KADID10K/images/I16_08_04.png,0.22406935691833496,0.057499999999999996
./Datasets/KADID10K/images/I16_08_05.png,0.2293405830860138,0.017500000000000016
./Datasets/KADID10K/images/I16_09_01.png,0.06019232049584389,0.9075
./Datasets/KADID10K/images/I16_09_02.png,0.2568366825580597,0.8075000000000001
./Datasets/KADID10K/images/I16_09_03.png,0.33850377798080444,0.75
./Datasets/KADID10K/images/I16_09_04.png,0.5507021546363831,0.15250000000000002
./Datasets/KADID10K/images/I16_09_05.png,0.729472815990448,0.04249999999999998
./Datasets/KADID10K/images/I16_10_01.png,0.15348699688911438,0.75
./Datasets/KADID10K/images/I16_10_02.png,0.1968085765838623,0.8075000000000001
./Datasets/KADID10K/images/I16_10_03.png,0.28790387511253357,0.725
./Datasets/KADID10K/images/I16_10_04.png,0.6332451701164246,0.25749999999999995
./Datasets/KADID10K/images/I16_10_05.png,0.8021451234817505,0.09999999999999998
./Datasets/KADID10K/images/I16_11_01.png,0.05238482356071472,0.7575000000000001
./Datasets/KADID10K/images/I16_11_02.png,0.12943336367607117,0.5425
./Datasets/KADID10K/images/I16_11_03.png,0.15904763340950012,0.475
./Datasets/KADID10K/images/I16_11_04.png,0.25825992226600647,0.2975
./Datasets/KADID10K/images/I16_11_05.png,0.3641103208065033,0.26749999999999996
./Datasets/KADID10K/images/I16_12_01.png,0.01748722791671753,0.875
./Datasets/KADID10K/images/I16_12_02.png,0.08882856369018555,0.575
./Datasets/KADID10K/images/I16_12_03.png,0.17438098788261414,0.5325
./Datasets/KADID10K/images/I16_12_04.png,0.2922671139240265,0.3425
./Datasets/KADID10K/images/I16_12_05.png,0.3369378447532654,0.36750000000000005
./Datasets/KADID10K/images/I16_13_01.png,0.0020968904718756676,0.6425
./Datasets/KADID10K/images/I16_13_02.png,0.002167528960853815,0.4325
./Datasets/KADID10K/images/I16_13_03.png,0.002303617773577571,0.35750000000000004
./Datasets/KADID10K/images/I16_13_04.png,0.012707467190921307,0.26749999999999996
./Datasets/KADID10K/images/I16_13_05.png,0.04063582792878151,0.1925
./Datasets/KADID10K/images/I16_14_01.png,0.012966405600309372,0.8
./Datasets/KADID10K/images/I16_14_02.png,0.027699869126081467,0.5425
./Datasets/KADID10K/images/I16_14_03.png,0.04067184776067734,0.5575
./Datasets/KADID10K/images/I16_14_04.png,0.064992256462574,0.3175
./Datasets/KADID10K/images/I16_14_05.png,0.17842619121074677,0.22499999999999998
./Datasets/KADID10K/images/I16_15_01.png,0.31227561831474304,0.5925
./Datasets/KADID10K/images/I16_15_02.png,0.40126070380210876,0.35
./Datasets/KADID10K/images/I16_15_03.png,0.5082724690437317,0.25749999999999995
./Datasets/KADID10K/images/I16_15_04.png,0.5850310325622559,0.057499999999999996
./Datasets/KADID10K/images/I16_15_05.png,0.6239405870437622,0.0675
./Datasets/KADID10K/images/I16_16_01.png,0.0077258083038032055,0.8425
./Datasets/KADID10K/images/I16_16_02.png,0.00807156041264534,0.8425
./Datasets/KADID10K/images/I16_16_03.png,0.008408885449171066,0.7175
./Datasets/KADID10K/images/I16_16_04.png,0.012419591657817364,0.4325
./Datasets/KADID10K/images/I16_16_05.png,0.024763118475675583,0.25
./Datasets/KADID10K/images/I16_17_01.png,0.007971239276230335,0.9075
./Datasets/KADID10K/images/I16_17_02.png,0.008307465352118015,0.8925000000000001
./Datasets/KADID10K/images/I16_17_03.png,0.00953704584389925,0.8174999999999999
./Datasets/KADID10K/images/I16_17_04.png,0.01551576517522335,0.6675
./Datasets/KADID10K/images/I16_17_05.png,0.08764862269163132,0.22499999999999998
./Datasets/KADID10K/images/I16_18_01.png,0.007849580608308315,0.8674999999999999
./Datasets/KADID10K/images/I16_18_02.png,0.007655619643628597,0.8999999999999999
./Datasets/KADID10K/images/I16_18_03.png,0.007804684806615114,0.8574999999999999
./Datasets/KADID10K/images/I16_18_04.png,0.009098672308027744,0.7825
./Datasets/KADID10K/images/I16_18_05.png,0.030288266018033028,0.7325
./Datasets/KADID10K/images/I16_19_01.png,0.03934864699840546,0.7825
./Datasets/KADID10K/images/I16_19_02.png,0.08884932845830917,0.65
./Datasets/KADID10K/images/I16_19_03.png,0.18783342838287354,0.6075
./Datasets/KADID10K/images/I16_19_04.png,0.2953689694404602,0.14250000000000002
./Datasets/KADID10K/images/I16_19_05.png,0.15803544223308563,0.04249999999999998
./Datasets/KADID10K/images/I16_20_01.png,0.010263243690133095,0.8474999999999999
./Datasets/KADID10K/images/I16_20_02.png,0.010430006310343742,0.8
./Datasets/KADID10K/images/I16_20_03.png,0.009884563274681568,0.8574999999999999
./Datasets/KADID10K/images/I16_20_04.png,0.015184300020337105,0.7325
./Datasets/KADID10K/images/I16_20_05.png,0.015423320233821869,0.675
./Datasets/KADID10K/images/I16_21_01.png,0.012944302521646023,0.7749999999999999
./Datasets/KADID10K/images/I16_21_02.png,0.0368090383708477,0.575
./Datasets/KADID10K/images/I16_21_03.png,0.07964148372411728,0.5825
./Datasets/KADID10K/images/I16_21_04.png,0.08907437324523926,0.6325
./Datasets/KADID10K/images/I16_21_05.png,0.5168039202690125,0.0675
./Datasets/KADID10K/images/I16_22_01.png,0.016455383971333504,0.7575000000000001
./Datasets/KADID10K/images/I16_22_02.png,0.017772072926163673,0.6325
./Datasets/KADID10K/images/I16_22_03.png,0.033353887498378754,0.475
./Datasets/KADID10K/images/I16_22_04.png,0.06287560611963272,0.5575
./Datasets/KADID10K/images/I16_22_05.png,0.09723590314388275,0.38249999999999995
./Datasets/KADID10K/images/I16_23_01.png,0.011367859318852425,0.2825
./Datasets/KADID10K/images/I16_23_02.png,0.015815140679478645,0.36750000000000005
./Datasets/KADID10K/images/I16_23_03.png,0.013146407902240753,0.26749999999999996
./Datasets/KADID10K/images/I16_23_04.png,0.019631318747997284,0.21750000000000003
./Datasets/KADID10K/images/I16_23_05.png,0.02171969786286354,0.25749999999999995
./Datasets/KADID10K/images/I16_24_01.png,0.0004642798739951104,0.6075
./Datasets/KADID10K/images/I16_24_02.png,0.0003785146400332451,0.3425
./Datasets/KADID10K/images/I16_24_03.png,0.0004906539106741548,0.23249999999999998
./Datasets/KADID10K/images/I16_24_04.png,0.0070219486951828,0.10749999999999998
./Datasets/KADID10K/images/I16_24_05.png,0.034003354609012604,0.04999999999999999
./Datasets/KADID10K/images/I16_25_01.png,0.022112540900707245,0.6075
./Datasets/KADID10K/images/I16_25_02.png,0.012892862781882286,0.625
./Datasets/KADID10K/images/I16_25_03.png,0.009821194224059582,0.79
./Datasets/KADID10K/images/I16_25_04.png,0.010304054245352745,0.7925
./Datasets/KADID10K/images/I16_25_05.png,0.03153013810515404,0.675
./Datasets/KADID10K/images/I17_01_01.png,0.03912404552102089,0.9325000000000001
./Datasets/KADID10K/images/I17_01_02.png,0.1541237086057663,0.8075000000000001
./Datasets/KADID10K/images/I17_01_03.png,0.469065397977829,0.4325
./Datasets/KADID10K/images/I17_01_04.png,0.635371744632721,0.09999999999999998
./Datasets/KADID10K/images/I17_01_05.png,0.846750795841217,0.017500000000000016
./Datasets/KADID10K/images/I17_02_01.png,0.3103344738483429,0.625
./Datasets/KADID10K/images/I17_02_02.png,0.5061683058738708,0.26749999999999996
./Datasets/KADID10K/images/I17_02_03.png,0.6522514224052429,0.09250000000000003
./Datasets/KADID10K/images/I17_02_04.png,0.7405771613121033,0.04999999999999999
./Datasets/KADID10K/images/I17_02_05.png,0.7776322960853577,0.04999999999999999
./Datasets/KADID10K/images/I17_03_01.png,0.03912404552102089,0.9025000000000001
./Datasets/KADID10K/images/I17_03_02.png,0.22690586745738983,0.675
./Datasets/KADID10K/images/I17_03_03.png,0.5702612996101379,0.3175
./Datasets/KADID10K/images/I17_03_04.png,0.6435456871986389,0.22499999999999998
./Datasets/KADID10K/images/I17_03_05.png,0.5524500608444214,0.1175
./Datasets/KADID10K/images/I17_04_01.png,0.1256403923034668,0.9075
./Datasets/KADID10K/images/I17_04_02.png,0.10606390982866287,0.36750000000000005
./Datasets/KADID10K/images/I17_04_03.png,0.16718821227550507,0.1325
./Datasets/KADID10K/images/I17_04_04.png,0.19135110080242157,0.14250000000000002
./Datasets/KADID10K/images/I17_04_05.png,0.20789755880832672,0.057499999999999996
./Datasets/KADID10K/images/I17_05_01.png,0.3234894573688507,0.55
./Datasets/KADID10K/images/I17_05_02.png,0.5421267747879028,0.26749999999999996
./Datasets/KADID10K/images/I17_05_03.png,0.5892366766929626,0.125
./Datasets/KADID10K/images/I17_05_04.png,0.5818397998809814,0.125
./Datasets/KADID10K/images/I17_05_05.png,0.5804880857467651,0.15000000000000002
./Datasets/KADID10K/images/I17_06_01.png,0.008487309329211712,0.8425
./Datasets/KADID10K/images/I17_06_02.png,0.007290488108992577,0.95
./Datasets/KADID10K/images/I17_06_03.png,0.006877528037875891,0.8674999999999999
./Datasets/KADID10K/images/I17_06_04.png,0.012327760457992554,0.7925
./Datasets/KADID10K/images/I17_06_05.png,0.044211529195308685,0.3175
./Datasets/KADID10K/images/I17_07_01.png,0.12075716257095337,0.375
./Datasets/KADID10K/images/I17_07_02.png,0.18822801113128662,0.4075
./Datasets/KADID10K/images/I17_07_03.png,0.2107316255569458,0.3325
./Datasets/KADID10K/images/I17_07_04.png,0.2087201029062271,0.3325
./Datasets/KADID10K/images/I17_07_05.png,0.2757346034049988,0.20750000000000002
./Datasets/KADID10K/images/I17_08_01.png,0.03912404552102089,0.875
./Datasets/KADID10K/images/I17_08_02.png,0.12889303267002106,0.475
./Datasets/KADID10K/images/I17_08_03.png,0.19949404895305634,0.32499999999999996
./Datasets/KADID10K/images/I17_08_04.png,0.2989265024662018,0.10749999999999998
./Datasets/KADID10K/images/I17_08_05.png,0.3157322108745575,0.065
./Datasets/KADID10K/images/I17_09_01.png,0.28529563546180725,0.9175
./Datasets/KADID10K/images/I17_09_02.png,0.5497538447380066,0.5325
./Datasets/KADID10K/images/I17_09_03.png,0.60602205991745,0.4075
./Datasets/KADID10K/images/I17_09_04.png,0.7678145170211792,0.1175
./Datasets/KADID10K/images/I17_09_05.png,0.8679594993591309,0.03249999999999997
./Datasets/KADID10K/images/I17_10_01.png,0.28085336089134216,0.8674999999999999
./Datasets/KADID10K/images/I17_10_02.png,0.31384238600730896,0.8574999999999999
./Datasets/KADID10K/images/I17_10_03.png,0.3713292181491852,0.8425
./Datasets/KADID10K/images/I17_10_04.png,0.6280035376548767,0.36750000000000005
./Datasets/KADID10K/images/I17_10_05.png,0.7860003709793091,0.04999999999999999
./Datasets/KADID10K/images/I17_11_01.png,0.09347852319478989,0.875
./Datasets/KADID10K/images/I17_11_02.png,0.14445027709007263,0.875
./Datasets/KADID10K/images/I17_11_03.png,0.1860780268907547,0.8
./Datasets/KADID10K/images/I17_11_04.png,0.27059075236320496,0.6075
./Datasets/KADID10K/images/I17_11_05.png,0.38483962416648865,0.4675
./Datasets/KADID10K/images/I17_12_01.png,0.043965477496385574,0.935
./Datasets/KADID10K/images/I17_12_02.png,0.10174731910228729,0.9075
./Datasets/KADID10K/images/I17_12_03.png,0.22147363424301147,0.8075000000000001
./Datasets/KADID10K/images/I17_12_04.png,0.31985214352607727,0.675
./Datasets/KADID10K/images/I17_12_05.png,0.3730110824108124,0.44999999999999996
./Datasets/KADID10K/images/I17_13_01.png,0.06809476017951965,0.7675000000000001
./Datasets/KADID10K/images/I17_13_02.png,0.12187911570072174,0.6325
./Datasets/KADID10K/images/I17_13_03.png,0.21021080017089844,0.48250000000000004
./Datasets/KADID10K/images/I17_13_04.png,0.29539957642555237,0.4325
./Datasets/KADID10K/images/I17_13_05.png,0.35954681038856506,0.35
./Datasets/KADID10K/images/I17_14_01.png,0.04390301555395126,0.875
./Datasets/KADID10K/images/I17_14_02.png,0.06147245690226555,0.925
./Datasets/KADID10K/images/I17_14_03.png,0.09983105957508087,0.875
./Datasets/KADID10K/images/I17_14_04.png,0.1932581514120102,0.7575000000000001
./Datasets/KADID10K/images/I17_14_05.png,0.3498579263687134,0.38249999999999995
./Datasets/KADID10K/images/I17_15_01.png,0.4814385175704956,0.6675
./Datasets/KADID10K/images/I17_15_02.png,0.568282425403595,0.555
./Datasets/KADID10K/images/I17_15_03.png,0.61311936378479,0.4075
./Datasets/KADID10K/images/I17_15_04.png,0.6826780438423157,0.21750000000000003
./Datasets/KADID10K/images/I17_15_05.png,0.7273916006088257,0.125
./Datasets/KADID10K/images/I17_16_01.png,0.045330341905355453,0.8999999999999999
./Datasets/KADID10K/images/I17_16_02.png,0.052325937896966934,0.8500000000000001
./Datasets/KADID10K/images/I17_16_03.png,0.07339302450418472,0.7425
./Datasets/KADID10K/images/I17_16_04.png,0.09578077495098114,0.36750000000000005
./Datasets/KADID10K/images/I17_16_05.png,0.14634309709072113,0.26749999999999996
./Datasets/KADID10K/images/I17_17_01.png,0.03500181809067726,0.8825000000000001
./Datasets/KADID10K/images/I17_17_02.png,0.029413579031825066,0.8574999999999999
./Datasets/KADID10K/images/I17_17_03.png,0.02179643139243126,0.8325
./Datasets/KADID10K/images/I17_17_04.png,0.012676922604441643,0.625
./Datasets/KADID10K/images/I17_17_05.png,0.11257670074701309,0.20750000000000002
./Datasets/KADID10K/images/I17_18_01.png,0.03337223082780838,0.8825000000000001
./Datasets/KADID10K/images/I17_18_02.png,0.03404109925031662,0.8574999999999999
./Datasets/KADID10K/images/I17_18_03.png,0.03912404552102089,0.8574999999999999
./Datasets/KADID10K/images/I17_18_04.png,0.022506672888994217,0.7925
./Datasets/KADID10K/images/I17_18_05.png,0.02973080798983574,0.7325
./Datasets/KADID10K/images/I17_19_01.png,0.13265196979045868,0.7749999999999999
./Datasets/KADID10K/images/I17_19_02.png,0.175735205411911,0.725
./Datasets/KADID10K/images/I17_19_03.png,0.31154951453208923,0.44999999999999996
./Datasets/KADID10K/images/I17_19_04.png,0.5085356831550598,0.10749999999999998
./Datasets/KADID10K/images/I17_19_05.png,0.5122522115707397,0.057499999999999996
./Datasets/KADID10K/images/I17_20_01.png,0.03863217681646347,0.95
./Datasets/KADID10K/images/I17_20_02.png,0.04140309989452362,0.8925000000000001
./Datasets/KADID10K/images/I17_20_03.png,0.03470531478524208,0.8500000000000001
./Datasets/KADID10K/images/I17_20_04.png,0.04084184765815735,0.8999999999999999
./Datasets/KADID10K/images/I17_20_05.png,0.05214198678731918,0.7825
./Datasets/KADID10K/images/I17_21_01.png,0.0632987767457962,0.7825
./Datasets/KADID10K/images/I17_21_02.png,0.08894376456737518,0.5
./Datasets/KADID10K/images/I17_21_03.png,0.19022585451602936,0.44999999999999996
./Datasets/KADID10K/images/I17_21_04.png,0.27489250898361206,0.39249999999999996
./Datasets/KADID10K/images/I17_21_05.png,0.6268146634101868,0.03249999999999997
./Datasets/KADID10K/images/I17_22_01.png,0.04116455465555191,0.95
./Datasets/KADID10K/images/I17_22_02.png,0.03757524490356445,0.8925000000000001
./Datasets/KADID10K/images/I17_22_03.png,0.04840710759162903,0.9325000000000001
./Datasets/KADID10K/images/I17_22_04.png,0.06271453946828842,0.8999999999999999
./Datasets/KADID10K/images/I17_22_05.png,0.08796821534633636,0.8325
./Datasets/KADID10K/images/I17_23_01.png,0.0468563511967659,0.48250000000000004
./Datasets/KADID10K/images/I17_23_02.png,0.0552193708717823,0.4075
./Datasets/KADID10K/images/I17_23_03.png,0.05368742719292641,0.375
./Datasets/KADID10K/images/I17_23_04.png,0.06376860290765762,0.3325
./Datasets/KADID10K/images/I17_23_05.png,0.07854118943214417,0.32999999999999996
./Datasets/KADID10K/images/I17_24_01.png,0.038813985884189606,0.525
./Datasets/KADID10K/images/I17_24_02.png,0.07075148075819016,0.3325
./Datasets/KADID10K/images/I17_24_03.png,0.07767751812934875,0.2
./Datasets/KADID10K/images/I17_24_04.png,0.057691238820552826,0.08250000000000002
./Datasets/KADID10K/images/I17_24_05.png,0.05117114260792732,0.025000000000000022
./Datasets/KADID10K/images/I17_25_01.png,0.02269556187093258,0.6
./Datasets/KADID10K/images/I17_25_02.png,0.018640825524926186,0.6175
./Datasets/KADID10K/images/I17_25_03.png,0.022623347118496895,0.8325
./Datasets/KADID10K/images/I17_25_04.png,0.056546296924352646,0.8574999999999999
./Datasets/KADID10K/images/I17_25_05.png,0.11154909431934357,0.6
./Datasets/KADID10K/images/I18_01_01.png,0.1187238022685051,0.875
./Datasets/KADID10K/images/I18_01_02.png,0.19619135558605194,0.8075000000000001
./Datasets/KADID10K/images/I18_01_03.png,0.3702138662338257,0.4575
./Datasets/KADID10K/images/I18_01_04.png,0.530892014503479,0.1925
./Datasets/KADID10K/images/I18_01_05.png,0.8298273682594299,0.09999999999999998
./Datasets/KADID10K/images/I18_02_01.png,0.2722039520740509,0.675
./Datasets/KADID10K/images/I18_02_02.png,0.3742401897907257,0.3425
./Datasets/KADID10K/images/I18_02_03.png,0.5799074172973633,0.1325
./Datasets/KADID10K/images/I18_02_04.png,0.7188451290130615,0.057499999999999996
./Datasets/KADID10K/images/I18_02_05.png,0.7893025279045105,0.10749999999999998
./Datasets/KADID10K/images/I18_03_01.png,0.1187238022685051,0.825
./Datasets/KADID10K/images/I18_03_02.png,0.21039652824401855,0.7425
./Datasets/KADID10K/images/I18_03_03.png,0.3495488166809082,0.5175
./Datasets/KADID10K/images/I18_03_04.png,0.36949676275253296,0.3325
./Datasets/KADID10K/images/I18_03_05.png,0.42778804898262024,0.14250000000000002
./Datasets/KADID10K/images/I18_04_01.png,0.1593490093946457,0.8500000000000001
./Datasets/KADID10K/images/I18_04_02.png,0.3515068292617798,0.375
./Datasets/KADID10K/images/I18_04_03.png,0.46791109442710876,0.10749999999999998
./Datasets/KADID10K/images/I18_04_04.png,0.5019585490226746,0.09999999999999998
./Datasets/KADID10K/images/I18_04_05.png,0.6336269378662109,0.10749999999999998
./Datasets/KADID10K/images/I18_05_01.png,0.2456756830215454,0.8174999999999999
./Datasets/KADID10K/images/I18_05_02.png,0.36021846532821655,0.275
./Datasets/KADID10K/images/I18_05_03.png,0.3603323698043823,0.22499999999999998
./Datasets/KADID10K/images/I18_05_04.png,0.3956397473812103,0.14250000000000002
./Datasets/KADID10K/images/I18_05_05.png,0.3795677125453949,0.21750000000000003
./Datasets/KADID10K/images/I18_06_01.png,0.009735874831676483,0.7425
./Datasets/KADID10K/images/I18_06_02.png,0.03360271826386452,0.6075
./Datasets/KADID10K/images/I18_06_03.png,0.006022719666361809,0.525
./Datasets/KADID10K/images/I18_06_04.png,0.017740502953529358,0.375
./Datasets/KADID10K/images/I18_06_05.png,0.027325183153152466,0.25
./Datasets/KADID10K/images/I18_07_01.png,0.24996763467788696,0.49250000000000005
./Datasets/KADID10K/images/I18_07_02.png,0.32248663902282715,0.2825
./Datasets/KADID10K/images/I18_07_03.png,0.3901573717594147,0.25749999999999995
./Datasets/KADID10K/images/I18_07_04.png,0.4661932587623596,0.25749999999999995
./Datasets/KADID10K/images/I18_07_05.png,0.46196144819259644,0.1825
./Datasets/KADID10K/images/I18_08_01.png,0.1187238022685051,0.825
./Datasets/KADID10K/images/I18_08_02.png,0.17596767842769623,0.6075
./Datasets/KADID10K/images/I18_08_03.png,0.24933473765850067,0.42500000000000004
./Datasets/KADID10K/images/I18_08_04.png,0.36002564430236816,0.22499999999999998
./Datasets/KADID10K/images/I18_08_05.png,0.5101502537727356,0.09250000000000003
./Datasets/KADID10K/images/I18_09_01.png,0.2087326943874359,0.8500000000000001
./Datasets/KADID10K/images/I18_09_02.png,0.2901577353477478,0.8574999999999999
./Datasets/KADID10K/images/I18_09_03.png,0.3351052403450012,0.8174999999999999
./Datasets/KADID10K/images/I18_09_04.png,0.5385439395904541,0.49250000000000005
./Datasets/KADID10K/images/I18_09_05.png,0.653886079788208,0.14250000000000002
./Datasets/KADID10K/images/I18_10_01.png,0.25286397337913513,0.7675000000000001
./Datasets/KADID10K/images/I18_10_02.png,0.25289323925971985,0.65
./Datasets/KADID10K/images/I18_10_03.png,0.31612589955329895,0.525
./Datasets/KADID10K/images/I18_10_04.png,0.7429380416870117,0.16749999999999998
./Datasets/KADID10K/images/I18_10_05.png,0.875417172908783,0.04249999999999998
./Datasets/KADID10K/images/I18_11_01.png,0.3046034872531891,0.675
./Datasets/KADID10K/images/I18_11_02.png,0.3692875802516937,0.5425
./Datasets/KADID10K/images/I18_11_03.png,0.4701387286186218,0.4575
./Datasets/KADID10K/images/I18_11_04.png,0.4997650980949402,0.375
./Datasets/KADID10K/images/I18_11_05.png,0.5349087715148926,0.26749999999999996
./Datasets/KADID10K/images/I18_12_01.png,0.23958314955234528,0.7425
./Datasets/KADID10K/images/I18_12_02.png,0.3256254196166992,0.5075
./Datasets/KADID10K/images/I18_12_03.png,0.42890578508377075,0.4
./Datasets/KADID10K/images/I18_12_04.png,0.47707098722457886,0.275
./Datasets/KADID10K/images/I18_12_05.png,0.5140327215194702,0.25749999999999995
./Datasets/KADID10K/images/I18_13_01.png,0.010194358415901661,0.485
./Datasets/KADID10K/images/I18_13_02.png,0.021252980455756187,0.4675
./Datasets/KADID10K/images/I18_13_03.png,0.07490576803684235,0.3425
./Datasets/KADID10K/images/I18_13_04.png,0.21225972473621368,0.26749999999999996
./Datasets/KADID10K/images/I18_13_05.png,0.31254664063453674,0.2425
./Datasets/KADID10K/images/I18_14_01.png,0.23764370381832123,0.7675000000000001
./Datasets/KADID10K/images/I18_14_02.png,0.429849773645401,0.5075
./Datasets/KADID10K/images/I18_14_03.png,0.48542723059654236,0.4175
./Datasets/KADID10K/images/I18_14_04.png,0.5213038325309753,0.3075
./Datasets/KADID10K/images/I18_14_05.png,0.5640708804130554,0.23249999999999998
./Datasets/KADID10K/images/I18_15_01.png,0.4367309808731079,0.5075
./Datasets/KADID10K/images/I18_15_02.png,0.5350462198257446,0.36750000000000005
./Datasets/KADID10K/images/I18_15_03.png,0.5951195955276489,0.275
./Datasets/KADID10K/images/I18_15_04.png,0.6726074814796448,0.125
./Datasets/KADID10K/images/I18_15_05.png,0.6929003596305847,0.1325
./Datasets/KADID10K/images/I18_16_01.png,0.13280658423900604,0.8574999999999999
./Datasets/KADID10K/images/I18_16_02.png,0.14550882577896118,0.8425
./Datasets/KADID10K/images/I18_16_03.png,0.17942090332508087,0.7675000000000001
./Datasets/KADID10K/images/I18_16_04.png,0.20524083077907562,0.49250000000000005
./Datasets/KADID10K/images/I18_16_05.png,0.2181924730539322,0.2925
./Datasets/KADID10K/images/I18_17_01.png,0.10979984700679779,0.8500000000000001
./Datasets/KADID10K/images/I18_17_02.png,0.09813666343688965,0.825
./Datasets/KADID10K/images/I18_17_03.png,0.08263012021780014,0.7075
./Datasets/KADID10K/images/I18_17_04.png,0.03424016758799553,0.675
./Datasets/KADID10K/images/I18_17_05.png,0.013678761199116707,0.39249999999999996
./Datasets/KADID10K/images/I18_18_01.png,0.10394643992185593,0.8174999999999999
./Datasets/KADID10K/images/I18_18_02.png,0.10132792592048645,0.8574999999999999
./Datasets/KADID10K/images/I18_18_03.png,0.1187238022685051,0.8625
./Datasets/KADID10K/images/I18_18_04.png,0.06703130155801773,0.8325
./Datasets/KADID10K/images/I18_18_05.png,0.025809794664382935,0.6925
./Datasets/KADID10K/images/I18_19_01.png,0.13692110776901245,0.8999999999999999
./Datasets/KADID10K/images/I18_19_02.png,0.148985356092453,0.8174999999999999
./Datasets/KADID10K/images/I18_19_03.png,0.2468249350786209,0.6425
./Datasets/KADID10K/images/I18_19_04.png,0.3925580084323883,0.275
./Datasets/KADID10K/images/I18_19_05.png,0.3633437156677246,0.07500000000000001
./Datasets/KADID10K/images/I18_20_01.png,0.13603322207927704,0.8325
./Datasets/KADID10K/images/I18_20_02.png,0.16103175282478333,0.7575000000000001
./Datasets/KADID10K/images/I18_20_03.png,0.16561098396778107,0.7925
./Datasets/KADID10K/images/I18_20_04.png,0.14546315371990204,0.7425
./Datasets/KADID10K/images/I18_20_05.png,0.14847823977470398,0.7749999999999999
./Datasets/KADID10K/images/I18_21_01.png,0.1365571916103363,0.685
./Datasets/KADID10K/images/I18_21_02.png,0.18449993431568146,0.5175
./Datasets/KADID10K/images/I18_21_03.png,0.20389482378959656,0.5825
./Datasets/KADID10K/images/I18_21_04.png,0.2141045182943344,0.475
./Datasets/KADID10K/images/I18_21_05.png,0.394035667181015,0.15749999999999997
./Datasets/KADID10K/images/I18_22_01.png,0.2850704789161682,0.5325
./Datasets/KADID10K/images/I18_22_02.png,0.33429059386253357,0.4075
./Datasets/KADID10K/images/I18_22_03.png,0.31128326058387756,0.4575
./Datasets/KADID10K/images/I18_22_04.png,0.3703925311565399,0.35
./Datasets/KADID10K/images/I18_22_05.png,0.490215003490448,0.30000000000000004
./Datasets/KADID10K/images/I18_23_01.png,0.1353750079870224,0.4425
./Datasets/KADID10K/images/I18_23_02.png,0.16723351180553436,0.25
./Datasets/KADID10K/images/I18_23_03.png,0.17446859180927277,0.35
./Datasets/KADID10K/images/I18_23_04.png,0.24784982204437256,0.30000000000000004
./Datasets/KADID10K/images/I18_23_05.png,0.2340395599603653,0.275
./Datasets/KADID10K/images/I18_24_01.png,0.022506777197122574,0.7749999999999999
./Datasets/KADID10K/images/I18_24_02.png,0.013891812413930893,0.49250000000000005
./Datasets/KADID10K/images/I18_24_03.png,0.009000497870147228,0.39249999999999996
./Datasets/KADID10K/images/I18_24_04.png,0.00656522810459137,0.14250000000000002
./Datasets/KADID10K/images/I18_24_05.png,0.03351077064871788,0.08500000000000002
./Datasets/KADID10K/images/I18_25_01.png,0.021910367533564568,0.675
./Datasets/KADID10K/images/I18_25_02.png,0.029161788523197174,0.7175
./Datasets/KADID10K/images/I18_25_03.png,0.05479736253619194,0.725
./Datasets/KADID10K/images/I18_25_04.png,0.23334021866321564,0.7575000000000001
./Datasets/KADID10K/images/I18_25_05.png,0.3052574694156647,0.5825
./Datasets/KADID10K/images/I19_01_01.png,0.09723864495754242,0.8500000000000001
./Datasets/KADID10K/images/I19_01_02.png,0.21972200274467468,0.8075000000000001
./Datasets/KADID10K/images/I19_01_03.png,0.4862303137779236,0.4425
./Datasets/KADID10K/images/I19_01_04.png,0.585276186466217,0.23249999999999998
./Datasets/KADID10K/images/I19_01_05.png,0.7815030813217163,0.0675
./Datasets/KADID10K/images/I19_02_01.png,0.31596726179122925,0.7
./Datasets/KADID10K/images/I19_02_02.png,0.5063328146934509,0.375
./Datasets/KADID10K/images/I19_02_03.png,0.6179301738739014,0.25
./Datasets/KADID10K/images/I19_02_04.png,0.7130091786384583,0.125
./Datasets/KADID10K/images/I19_02_05.png,0.773618757724762,0.09999999999999998
./Datasets/KADID10K/images/I19_03_01.png,0.09723864495754242,0.8925000000000001
./Datasets/KADID10K/images/I19_03_02.png,0.27511125802993774,0.6825
./Datasets/KADID10K/images/I19_03_03.png,0.34591028094291687,0.5075
./Datasets/KADID10K/images/I19_03_04.png,0.4977664351463318,0.2925
./Datasets/KADID10K/images/I19_03_05.png,0.5467345714569092,0.21000000000000002
./Datasets/KADID10K/images/I19_04_01.png,0.18444423377513885,0.7825
./Datasets/KADID10K/images/I19_04_02.png,0.20083676278591156,0.44999999999999996
./Datasets/KADID10K/images/I19_04_03.png,0.12546400725841522,0.15250000000000002
./Datasets/KADID10K/images/I19_04_04.png,0.14108821749687195,0.1325
./Datasets/KADID10K/images/I19_04_05.png,0.14528466761112213,0.09250000000000003
./Datasets/KADID10K/images/I19_05_01.png,0.21100439131259918,0.825
./Datasets/KADID10K/images/I19_05_02.png,0.22690914571285248,0.3325
./Datasets/KADID10K/images/I19_05_03.png,0.24669340252876282,0.15000000000000002
./Datasets/KADID10K/images/I19_05_04.png,0.2621816098690033,0.14250000000000002
./Datasets/KADID10K/images/I19_05_05.png,0.2728966772556305,0.2
./Datasets/KADID10K/images/I19_06_01.png,0.01193619892001152,0.725
./Datasets/KADID10K/images/I19_06_02.png,0.008798549883067608,0.5
./Datasets/KADID10K/images/I19_06_03.png,0.002154812915250659,0.6
./Datasets/KADID10K/images/I19_06_04.png,0.0005053399945609272,0.44999999999999996
./Datasets/KADID10K/images/I19_06_05.png,5.4025764256948605e-05,0.22499999999999998
./Datasets/KADID10K/images/I19_07_01.png,0.08794629573822021,0.4575
./Datasets/KADID10K/images/I19_07_02.png,0.11471401154994965,0.2425
./Datasets/KADID10K/images/I19_07_03.png,0.1639799177646637,0.3425
./Datasets/KADID10K/images/I19_07_04.png,0.15204182267189026,0.275
./Datasets/KADID10K/images/I19_07_05.png,0.13006524741649628,0.21750000000000003
./Datasets/KADID10K/images/I19_08_01.png,0.09723864495754242,0.9675
./Datasets/KADID10K/images/I19_08_02.png,0.1645609438419342,0.6
./Datasets/KADID10K/images/I19_08_03.png,0.16892127692699432,0.4675
./Datasets/KADID10K/images/I19_08_04.png,0.17833849787712097,0.2925
./Datasets/KADID10K/images/I19_08_05.png,0.17657336592674255,0.15000000000000002
./Datasets/KADID10K/images/I19_09_01.png,0.15770690143108368,0.9075
./Datasets/KADID10K/images/I19_09_02.png,0.2854364514350891,0.8425
./Datasets/KADID10K/images/I19_09_03.png,0.3478367030620575,0.8325
./Datasets/KADID10K/images/I19_09_04.png,0.5429732203483582,0.5925
./Datasets/KADID10K/images/I19_09_05.png,0.7099107503890991,0.1825
./Datasets/KADID10K/images/I19_10_01.png,0.3014023005962372,0.75
./Datasets/KADID10K/images/I19_10_02.png,0.3022376000881195,0.7175
./Datasets/KADID10K/images/I19_10_03.png,0.34232771396636963,0.7175
./Datasets/KADID10K/images/I19_10_04.png,0.6613499522209167,0.25749999999999995
./Datasets/KADID10K/images/I19_10_05.png,0.8628530502319336,0.07500000000000001
./Datasets/KADID10K/images/I19_11_01.png,0.14869044721126556,0.6825
./Datasets/KADID10K/images/I19_11_02.png,0.20134250819683075,0.5825
./Datasets/KADID10K/images/I19_11_03.png,0.24999576807022095,0.42500000000000004
./Datasets/KADID10K/images/I19_11_04.png,0.26719048619270325,0.32499999999999996
./Datasets/KADID10K/images/I19_11_05.png,0.33991801738739014,0.21750000000000003
./Datasets/KADID10K/images/I19_12_01.png,0.11273527145385742,0.8999999999999999
./Datasets/KADID10K/images/I19_12_02.png,0.19434238970279694,0.5825
./Datasets/KADID10K/images/I19_12_03.png,0.26424774527549744,0.4575
./Datasets/KADID10K/images/I19_12_04.png,0.2722383141517639,0.3425
./Datasets/KADID10K/images/I19_12_05.png,0.2953847050666809,0.2825
./Datasets/KADID10K/images/I19_13_01.png,0.004422241356223822,0.48250000000000004
./Datasets/KADID10K/images/I19_13_02.png,1.5677016563131474e-05,0.36750000000000005
./Datasets/KADID10K/images/I19_13_03.png,9.104581408792001e-07,0.2825
./Datasets/KADID10K/images/I19_13_04.png,9.39609708439093e-06,0.32499999999999996
./Datasets/KADID10K/images/I19_13_05.png,0.0033732603769749403,0.22499999999999998
./Datasets/KADID10K/images/I19_14_01.png,0.08281387388706207,0.8
./Datasets/KADID10K/images/I19_14_02.png,0.12149449437856674,0.5
./Datasets/KADID10K/images/I19_14_03.png,0.19835519790649414,0.39249999999999996
./Datasets/KADID10K/images/I19_14_04.png,0.20925550162792206,0.36750000000000005
./Datasets/KADID10K/images/I19_14_05.png,0.22756631672382355,0.1825
./Datasets/KADID10K/images/I19_15_01.png,0.1510036140680313,0.7325
./Datasets/KADID10K/images/I19_15_02.png,0.2848828434944153,0.5
./Datasets/KADID10K/images/I19_15_03.png,0.35153695940971375,0.4675
./Datasets/KADID10K/images/I19_15_04.png,0.5760003924369812,0.21750000000000003
./Datasets/KADID10K/images/I19_15_05.png,0.6335127949714661,0.15000000000000002
./Datasets/KADID10K/images/I19_16_01.png,0.10419071465730667,0.8925000000000001
./Datasets/KADID10K/images/I19_16_02.png,0.11044839769601822,0.8925000000000001
./Datasets/KADID10K/images/I19_16_03.png,0.1135406568646431,0.7825
./Datasets/KADID10K/images/I19_16_04.png,0.1332601010799408,0.375
./Datasets/KADID10K/images/I19_16_05.png,0.10069191455841064,0.1925
./Datasets/KADID10K/images/I19_17_01.png,0.09103431552648544,0.875
./Datasets/KADID10K/images/I19_17_02.png,0.0798400267958641,0.8674999999999999
./Datasets/KADID10K/images/I19_17_03.png,0.06519242376089096,0.875
./Datasets/KADID10K/images/I19_17_04.png,0.03502180427312851,0.705
./Datasets/KADID10K/images/I19_17_05.png,0.020494459196925163,0.36750000000000005
./Datasets/KADID10K/images/I19_18_01.png,0.08302412927150726,0.875
./Datasets/KADID10K/images/I19_18_02.png,0.08107458055019379,0.8174999999999999
./Datasets/KADID10K/images/I19_18_03.png,0.09723864495754242,0.925
./Datasets/KADID10K/images/I19_18_04.png,0.05315231904387474,0.8174999999999999
./Datasets/KADID10K/images/I19_18_05.png,0.016808900982141495,0.725
./Datasets/KADID10K/images/I19_19_01.png,0.09351130574941635,0.8174999999999999
./Datasets/KADID10K/images/I19_19_02.png,0.1435687094926834,0.7075
./Datasets/KADID10K/images/I19_19_03.png,0.23828278481960297,0.4175
./Datasets/KADID10K/images/I19_19_04.png,0.3703523576259613,0.14250000000000002
./Datasets/KADID10K/images/I19_19_05.png,0.32468321919441223,0.04749999999999999
./Datasets/KADID10K/images/I19_20_01.png,0.1021449863910675,0.7825
./Datasets/KADID10K/images/I19_20_02.png,0.10328641533851624,0.7325
./Datasets/KADID10K/images/I19_20_03.png,0.1044524535536766,0.5175
./Datasets/KADID10K/images/I19_20_04.png,0.10096214711666107,0.4175
./Datasets/KADID10K/images/I19_20_05.png,0.07444615662097931,0.3425
./Datasets/KADID10K/images/I19_21_01.png,0.08199477195739746,0.75
./Datasets/KADID10K/images/I19_21_02.png,0.1450228989124298,0.6175
./Datasets/KADID10K/images/I19_21_03.png,0.1879579871892929,0.44999999999999996
./Datasets/KADID10K/images/I19_21_04.png,0.24344100058078766,0.44999999999999996
./Datasets/KADID10K/images/I19_21_05.png,0.4469941258430481,0.20750000000000002
./Datasets/KADID10K/images/I19_22_01.png,0.06471624970436096,0.8500000000000001
./Datasets/KADID10K/images/I19_22_02.png,0.0826990082859993,0.7749999999999999
./Datasets/KADID10K/images/I19_22_03.png,0.1086408793926239,0.5925
./Datasets/KADID10K/images/I19_22_04.png,0.09293326735496521,0.575
./Datasets/KADID10K/images/I19_22_05.png,0.14953233301639557,0.4175
./Datasets/KADID10K/images/I19_23_01.png,0.12168809771537781,0.475
./Datasets/KADID10K/images/I19_23_02.png,0.11930704116821289,0.3425
./Datasets/KADID10K/images/I19_23_03.png,0.16136862337589264,0.35
./Datasets/KADID10K/images/I19_23_04.png,0.11302698403596878,0.3325
./Datasets/KADID10K/images/I19_23_05.png,0.1425807923078537,0.22499999999999998
./Datasets/KADID10K/images/I19_24_01.png,0.03517274931073189,0.575
./Datasets/KADID10K/images/I19_24_02.png,0.04551273584365845,0.25
./Datasets/KADID10K/images/I19_24_03.png,0.06961502879858017,0.15749999999999997
./Datasets/KADID10K/images/I19_24_04.png,0.21432043612003326,0.10749999999999998
./Datasets/KADID10K/images/I19_24_05.png,0.2648080289363861,0.057499999999999996
./Datasets/KADID10K/images/I19_25_01.png,0.012804839760065079,0.6325
./Datasets/KADID10K/images/I19_25_02.png,0.02871120721101761,0.7925
./Datasets/KADID10K/images/I19_25_03.png,0.05334095656871796,0.8625
./Datasets/KADID10K/images/I19_25_04.png,0.1187632605433464,0.8574999999999999
./Datasets/KADID10K/images/I19_25_05.png,0.15529802441596985,0.6325
./Datasets/KADID10K/images/I20_01_01.png,5.7182736782124266e-05,0.9075
./Datasets/KADID10K/images/I20_01_02.png,0.0186100322753191,0.8425
./Datasets/KADID10K/images/I20_01_03.png,0.15206918120384216,0.4325
./Datasets/KADID10K/images/I20_01_04.png,0.21833741664886475,0.2425
./Datasets/KADID10K/images/I20_01_05.png,0.751315712928772,0.08250000000000002
./Datasets/KADID10K/images/I20_02_01.png,0.09152907133102417,0.725
./Datasets/KADID10K/images/I20_02_02.png,0.12822064757347107,0.38249999999999995
./Datasets/KADID10K/images/I20_02_03.png,0.32464197278022766,0.15749999999999997
./Datasets/KADID10K/images/I20_02_04.png,0.49667710065841675,0.175
./Datasets/KADID10K/images/I20_02_05.png,0.6065855026245117,0.1325
./Datasets/KADID10K/images/I20_03_01.png,5.7182736782124266e-05,0.8500000000000001
./Datasets/KADID10K/images/I20_03_02.png,0.030368631705641747,0.7575000000000001
./Datasets/KADID10K/images/I20_03_03.png,2.4347812654923473e-10,0.5325
./Datasets/KADID10K/images/I20_03_04.png,0.2860568165779114,0.2825
./Datasets/KADID10K/images/I20_03_05.png,0.32551339268684387,0.21750000000000003
./Datasets/KADID10K/images/I20_04_01.png,4.284884653316112e-06,0.7975000000000001
./Datasets/KADID10K/images/I20_04_02.png,0.19586195051670074,0.2925
./Datasets/KADID10K/images/I20_04_03.png,0.21700841188430786,0.065
./Datasets/KADID10K/images/I20_04_04.png,5.079044058220461e-05,0.057499999999999996
./Datasets/KADID10K/images/I20_04_05.png,0.013595745898783207,0.04249999999999998
./Datasets/KADID10K/images/I20_05_01.png,0.11951940506696701,0.725
./Datasets/KADID10K/images/I20_05_02.png,0.266907274723053,0.3325
./Datasets/KADID10K/images/I20_05_03.png,0.3025698661804199,0.20750000000000002
./Datasets/KADID10K/images/I20_05_04.png,0.3353872001171112,0.21750000000000003
./Datasets/KADID10K/images/I20_05_05.png,0.318110853433609,0.2825
./Datasets/KADID10K/images/I20_06_01.png,3.198641991275508e-07,0.6925
./Datasets/KADID10K/images/I20_06_02.png,0.00010008967365138233,0.7675000000000001
./Datasets/KADID10K/images/I20_06_03.png,8.845217336350686e-10,0.675
./Datasets/KADID10K/images/I20_06_04.png,0.001961310626938939,0.6825
./Datasets/KADID10K/images/I20_06_05.png,1.9898330720025115e-05,0.3175
./Datasets/KADID10K/images/I20_07_01.png,0.00261445133946836,0.39249999999999996
./Datasets/KADID10K/images/I20_07_02.png,0.006686076521873474,0.32499999999999996
./Datasets/KADID10K/images/I20_07_03.png,0.020465204492211342,0.32499999999999996
./Datasets/KADID10K/images/I20_07_04.png,0.15119068324565887,0.35
./Datasets/KADID10K/images/I20_07_05.png,0.13603709638118744,0.2925
./Datasets/KADID10K/images/I20_08_01.png,5.7182736782124266e-05,0.8825000000000001
./Datasets/KADID10K/images/I20_08_02.png,0.15536724030971527,0.575
./Datasets/KADID10K/images/I20_08_03.png,0.262907475233078,0.42500000000000004
./Datasets/KADID10K/images/I20_08_04.png,0.2912238836288452,0.175
./Datasets/KADID10K/images/I20_08_05.png,0.2885228395462036,0.09250000000000003
./Datasets/KADID10K/images/I20_09_01.png,0.0016844678902998567,0.8825000000000001
./Datasets/KADID10K/images/I20_09_02.png,0.18165388703346252,0.8500000000000001
./Datasets/KADID10K/images/I20_09_03.png,0.17948493361473083,0.7
./Datasets/KADID10K/images/I20_09_04.png,0.3758280873298645,0.32499999999999996
./Datasets/KADID10K/images/I20_09_05.png,0.718896746635437,0.09250000000000003
./Datasets/KADID10K/images/I20_10_01.png,0.16626790165901184,0.7825
./Datasets/KADID10K/images/I20_10_02.png,0.23968738317489624,0.725
./Datasets/KADID10K/images/I20_10_03.png,0.3060741126537323,0.6325
./Datasets/KADID10K/images/I20_10_04.png,0.6124464869499207,0.16749999999999998
./Datasets/KADID10K/images/I20_10_05.png,0.8808032274246216,0.057499999999999996
./Datasets/KADID10K/images/I20_11_01.png,0.02125455252826214,0.6175
./Datasets/KADID10K/images/I20_11_02.png,0.2986975312232971,0.55
./Datasets/KADID10K/images/I20_11_03.png,0.32195350527763367,0.4
./Datasets/KADID10K/images/I20_11_04.png,0.34640738368034363,0.39249999999999996
./Datasets/KADID10K/images/I20_11_05.png,0.4007820785045624,0.21750000000000003
./Datasets/KADID10K/images/I20_12_01.png,0.0002706739178393036,0.8325
./Datasets/KADID10K/images/I20_12_02.png,0.2548553943634033,0.6425
./Datasets/KADID10K/images/I20_12_03.png,0.3314330577850342,0.49250000000000005
./Datasets/KADID10K/images/I20_12_04.png,0.34135159850120544,0.38249999999999995
./Datasets/KADID10K/images/I20_12_05.png,0.3888576030731201,0.3325
./Datasets/KADID10K/images/I20_13_01.png,0.0011985832825303078,0.5175
./Datasets/KADID10K/images/I20_13_02.png,0.06930992752313614,0.4
./Datasets/KADID10K/images/I20_13_03.png,0.13765953481197357,0.39249999999999996
./Datasets/KADID10K/images/I20_13_04.png,0.07108087837696075,0.3175
./Datasets/KADID10K/images/I20_13_05.png,0.26204049587249756,0.22499999999999998
./Datasets/KADID10K/images/I20_14_01.png,0.00016084950766526163,0.7675000000000001
./Datasets/KADID10K/images/I20_14_02.png,0.013782298192381859,0.5925
./Datasets/KADID10K/images/I20_14_03.png,0.09460695832967758,0.5425
./Datasets/KADID10K/images/I20_14_04.png,0.262573778629303,0.35750000000000004
./Datasets/KADID10K/images/I20_14_05.png,0.3355059325695038,0.275
./Datasets/KADID10K/images/I20_15_01.png,0.323370099067688,0.6175
./Datasets/KADID10K/images/I20_15_02.png,0.39807450771331787,0.3325
./Datasets/KADID10K/images/I20_15_03.png,0.5092678666114807,0.21750000000000003
./Datasets/KADID10K/images/I20_15_04.png,0.6250838041305542,0.16749999999999998
./Datasets/KADID10K/images/I20_15_05.png,0.676563560962677,0.04249999999999998
./Datasets/KADID10K/images/I20_16_01.png,8.459382456749154e-07,0.875
./Datasets/KADID10K/images/I20_16_02.png,1.8813366864378622e-08,0.8425
./Datasets/KADID10K/images/I20_16_03.png,4.71510851196566e-11,0.7075
./Datasets/KADID10K/images/I20_16_04.png,0.0,0.5575
./Datasets/KADID10K/images/I20_16_05.png,0.0,0.23249999999999998
./Datasets/KADID10K/images/I20_17_01.png,0.00017117135575972497,0.8825000000000001
./Datasets/KADID10K/images/I20_17_02.png,8.504257129970938e-05,0.8174999999999999
./Datasets/KADID10K/images/I20_17_03.png,0.00014541887503582984,0.7575000000000001
./Datasets/KADID10K/images/I20_17_04.png,0.0015529734082520008,0.5175
./Datasets/KADID10K/images/I20_17_05.png,0.02070111408829689,0.1925
./Datasets/KADID10K/images/I20_18_01.png,2.7530588919688626e-11,0.8500000000000001
./Datasets/KADID10K/images/I20_18_02.png,6.816365072381814e-08,0.875
./Datasets/KADID10K/images/I20_18_03.png,5.7182736782124266e-05,0.875
./Datasets/KADID10K/images/I20_18_04.png,2.196200849218649e-13,0.725
./Datasets/KADID10K/images/I20_18_05.png,1.26104808373384e-07,0.55
./Datasets/KADID10K/images/I20_19_01.png,0.0005336262402124703,0.8999999999999999
./Datasets/KADID10K/images/I20_19_02.png,0.02710270695388317,0.8075000000000001
./Datasets/KADID10K/images/I20_19_03.png,0.25475549697875977,0.5925
./Datasets/KADID10K/images/I20_19_04.png,0.3085593283176422,0.23249999999999998
./Datasets/KADID10K/images/I20_19_05.png,0.2818503975868225,0.09250000000000003
./Datasets/KADID10K/images/I20_20_01.png,0.00012140438775531948,0.825
./Datasets/KADID10K/images/I20_20_02.png,0.0009293779148720205,0.8
./Datasets/KADID10K/images/I20_20_03.png,0.044540610164403915,0.7575000000000001
./Datasets/KADID10K/images/I20_20_04.png,0.01410573162138462,0.8174999999999999
./Datasets/KADID10K/images/I20_20_05.png,0.05783361196517944,0.575
./Datasets/KADID10K/images/I20_21_01.png,0.02173995040357113,0.7675000000000001
./Datasets/KADID10K/images/I20_21_02.png,0.09136778116226196,0.575
./Datasets/KADID10K/images/I20_21_03.png,0.15319406986236572,0.525
./Datasets/KADID10K/images/I20_21_04.png,0.15762995183467865,0.55
./Datasets/KADID10K/images/I20_21_05.png,0.3279133439064026,0.14250000000000002
./Datasets/KADID10K/images/I20_22_01.png,0.005028461571782827,0.675
./Datasets/KADID10K/images/I20_22_02.png,0.004306352231651545,0.6425
./Datasets/KADID10K/images/I20_22_03.png,0.0034057379234582186,0.575
./Datasets/KADID10K/images/I20_22_04.png,0.0007852726266719401,0.49250000000000005
./Datasets/KADID10K/images/I20_22_05.png,0.032741595059633255,0.4175
./Datasets/KADID10K/images/I20_23_01.png,0.0002494434011168778,0.5075
./Datasets/KADID10K/images/I20_23_02.png,0.0009959755698218942,0.25749999999999995
./Datasets/KADID10K/images/I20_23_03.png,0.0701834112405777,0.3425
./Datasets/KADID10K/images/I20_23_04.png,0.017293408513069153,0.2925
./Datasets/KADID10K/images/I20_23_05.png,0.038473255932331085,0.25749999999999995
./Datasets/KADID10K/images/I20_24_01.png,2.72716429242944e-36,0.6725
./Datasets/KADID10K/images/I20_24_02.png,0.0,0.5
./Datasets/KADID10K/images/I20_24_03.png,0.0,0.2925
./Datasets/KADID10K/images/I20_24_04.png,1.0,0.1325
./Datasets/KADID10K/images/I20_24_05.png,9.081283502965221e-10,0.09250000000000003
./Datasets/KADID10K/images/I20_25_01.png,7.438253533109673e-07,0.49250000000000005
./Datasets/KADID10K/images/I20_25_02.png,3.635804191048919e-08,0.6825
./Datasets/KADID10K/images/I20_25_03.png,8.637902055852464e-07,0.7175
./Datasets/KADID10K/images/I20_25_04.png,0.0051917023956775665,0.7575000000000001
./Datasets/KADID10K/images/I20_25_05.png,0.24502679705619812,0.5
./Datasets/KADID10K/images/I21_01_01.png,0.08912397921085358,0.925
./Datasets/KADID10K/images/I21_01_02.png,0.23410961031913757,0.75
./Datasets/KADID10K/images/I21_01_03.png,0.40922021865844727,0.375
./Datasets/KADID10K/images/I21_01_04.png,0.6244251728057861,0.15000000000000002
./Datasets/KADID10K/images/I21_01_05.png,0.8224745392799377,0.03249999999999997
./Datasets/KADID10K/images/I21_02_01.png,0.31665295362472534,0.55
./Datasets/KADID10K/images/I21_02_02.png,0.4906856119632721,0.35
./Datasets/KADID10K/images/I21_02_03.png,0.604091465473175,0.08250000000000002
./Datasets/KADID10K/images/I21_02_04.png,0.678469181060791,0.1175
./Datasets/KADID10K/images/I21_02_05.png,0.7348899245262146,0.0675
./Datasets/KADID10K/images/I21_03_01.png,0.08912397921085358,0.925
./Datasets/KADID10K/images/I21_03_02.png,0.2935895621776581,0.65
./Datasets/KADID10K/images/I21_03_03.png,0.37836501002311707,0.3075
./Datasets/KADID10K/images/I21_03_04.png,0.420327365398407,0.22499999999999998
./Datasets/KADID10K/images/I21_03_05.png,0.4820125997066498,0.1325
./Datasets/KADID10K/images/I21_04_01.png,0.11348994076251984,0.8574999999999999
./Datasets/KADID10K/images/I21_04_02.png,0.07509595155715942,0.44999999999999996
./Datasets/KADID10K/images/I21_04_03.png,0.06474336981773376,0.22499999999999998
./Datasets/KADID10K/images/I21_04_04.png,0.05167888104915619,0.16749999999999998
./Datasets/KADID10K/images/I21_04_05.png,0.061921779066324234,0.0675
./Datasets/KADID10K/images/I21_05_01.png,0.2279038429260254,0.6925
./Datasets/KADID10K/images/I21_05_02.png,0.27182355523109436,0.3325
./Datasets/KADID10K/images/I21_05_03.png,0.35536107420921326,0.23249999999999998
./Datasets/KADID10K/images/I21_05_04.png,0.3415556848049164,0.1925
./Datasets/KADID10K/images/I21_05_05.png,0.3440626561641693,0.23249999999999998
./Datasets/KADID10K/images/I21_06_01.png,0.0028698004316538572,0.7575000000000001
./Datasets/KADID10K/images/I21_06_02.png,0.003464488312602043,0.8075000000000001
./Datasets/KADID10K/images/I21_06_03.png,0.0029302421025931835,0.6575
./Datasets/KADID10K/images/I21_06_04.png,0.004918394144624472,0.6075
./Datasets/KADID10K/images/I21_06_05.png,3.127978925476782e-05,0.32499999999999996
./Datasets/KADID10K/images/I21_07_01.png,0.17789258062839508,0.42500000000000004
./Datasets/KADID10K/images/I21_07_02.png,0.21327650547027588,0.35750000000000004
./Datasets/KADID10K/images/I21_07_03.png,0.21931158006191254,0.39249999999999996
./Datasets/KADID10K/images/I21_07_04.png,0.22254963219165802,0.26749999999999996
./Datasets/KADID10K/images/I21_07_05.png,0.280353307723999,0.26749999999999996
./Datasets/KADID10K/images/I21_08_01.png,0.08912397921085358,0.8425
./Datasets/KADID10K/images/I21_08_02.png,0.0985458567738533,0.6
./Datasets/KADID10K/images/I21_08_03.png,0.16077657043933868,0.525
./Datasets/KADID10K/images/I21_08_04.png,0.2730417847633362,0.30000000000000004
./Datasets/KADID10K/images/I21_08_05.png,0.29775527119636536,0.10749999999999998
./Datasets/KADID10K/images/I21_09_01.png,0.1905001550912857,0.8999999999999999
./Datasets/KADID10K/images/I21_09_02.png,0.3333226442337036,0.6075
./Datasets/KADID10K/images/I21_09_03.png,0.4700796902179718,0.2925
./Datasets/KADID10K/images/I21_09_04.png,0.5906776189804077,0.21750000000000003
./Datasets/KADID10K/images/I21_09_05.png,0.7998144030570984,0.0675
./Datasets/KADID10K/images/I21_10_01.png,0.24981816112995148,0.8075000000000001
./Datasets/KADID10K/images/I21_10_02.png,0.2503926157951355,0.725
./Datasets/KADID10K/images/I21_10_03.png,0.30321744084358215,0.6325
./Datasets/KADID10K/images/I21_10_04.png,0.663398802280426,0.23249999999999998
./Datasets/KADID10K/images/I21_10_05.png,0.8501406311988831,0.04249999999999998
./Datasets/KADID10K/images/I21_11_01.png,0.21459639072418213,0.6325
./Datasets/KADID10K/images/I21_11_02.png,0.2994789481163025,0.5825
./Datasets/KADID10K/images/I21_11_03.png,0.36351919174194336,0.4675
./Datasets/KADID10K/images/I21_11_04.png,0.39312219619750977,0.32499999999999996
./Datasets/KADID10K/images/I21_11_05.png,0.48403510451316833,0.30000000000000004
./Datasets/KADID10K/images/I21_12_01.png,0.07962709665298462,0.7575000000000001
./Datasets/KADID10K/images/I21_12_02.png,0.2705343961715698,0.6175
./Datasets/KADID10K/images/I21_12_03.png,0.3203723728656769,0.475
./Datasets/KADID10K/images/I21_12_04.png,0.4258387088775635,0.4075
./Datasets/KADID10K/images/I21_12_05.png,0.4610311686992645,0.2825
./Datasets/KADID10K/images/I21_13_01.png,0.041819024831056595,0.5075
./Datasets/KADID10K/images/I21_13_02.png,0.029495762661099434,0.4325
./Datasets/KADID10K/images/I21_13_03.png,0.08349920809268951,0.38249999999999995
./Datasets/KADID10K/images/I21_13_04.png,0.2613024115562439,0.23249999999999998
./Datasets/KADID10K/images/I21_13_05.png,0.36916762590408325,0.21750000000000003
./Datasets/KADID10K/images/I21_14_01.png,0.08633138984441757,0.8674999999999999
./Datasets/KADID10K/images/I21_14_02.png,0.15826326608657837,0.63
./Datasets/KADID10K/images/I21_14_03.png,0.21720457077026367,0.5175
./Datasets/KADID10K/images/I21_14_04.png,0.2807236611843109,0.4325
./Datasets/KADID10K/images/I21_14_05.png,0.3335782587528229,0.3175
./Datasets/KADID10K/images/I21_15_01.png,0.47929298877716064,0.6
./Datasets/KADID10K/images/I21_15_02.png,0.5619860291481018,0.275
./Datasets/KADID10K/images/I21_15_03.png,0.5971516966819763,0.21750000000000003
./Datasets/KADID10K/images/I21_15_04.png,0.6455806493759155,0.09999999999999998
./Datasets/KADID10K/images/I21_15_05.png,0.6862459182739258,0.08250000000000002
./Datasets/KADID10K/images/I21_16_01.png,0.10024402290582657,0.8999999999999999
./Datasets/KADID10K/images/I21_16_02.png,0.11143223196268082,0.825
./Datasets/KADID10K/images/I21_16_03.png,0.11666391789913177,0.6675
./Datasets/KADID10K/images/I21_16_04.png,0.12078697234392166,0.5325
./Datasets/KADID10K/images/I21_16_05.png,0.1587793081998825,0.2925
./Datasets/KADID10K/images/I21_17_01.png,0.08505533635616302,0.8999999999999999
./Datasets/KADID10K/images/I21_17_02.png,0.07665704935789108,0.8425
./Datasets/KADID10K/images/I21_17_03.png,0.06233004480600357,0.75
./Datasets/KADID10K/images/I21_17_04.png,0.03060312010347843,0.4675
./Datasets/KADID10K/images/I21_17_05.png,0.012462856248021126,0.15749999999999997
./Datasets/KADID10K/images/I21_18_01.png,0.07207535952329636,0.8425
./Datasets/KADID10K/images/I21_18_02.png,0.08249592781066895,0.925
./Datasets/KADID10K/images/I21_18_03.png,0.08912397921085358,0.8574999999999999
./Datasets/KADID10K/images/I21_18_04.png,0.04594523087143898,0.7575000000000001
./Datasets/KADID10K/images/I21_18_05.png,0.03624711558222771,0.6325
./Datasets/KADID10K/images/I21_19_01.png,0.15383945405483246,0.825
./Datasets/KADID10K/images/I21_19_02.png,0.18764269351959229,0.6925
./Datasets/KADID10K/images/I21_19_03.png,0.2752516269683838,0.4425
./Datasets/KADID10K/images/I21_19_04.png,0.45912396907806396,0.16749999999999998
./Datasets/KADID10K/images/I21_19_05.png,0.16648291051387787,0.017500000000000016
./Datasets/KADID10K/images/I21_20_01.png,0.08784924447536469,0.8825000000000001
./Datasets/KADID10K/images/I21_20_02.png,0.0756293311715126,0.7675000000000001
./Datasets/KADID10K/images/I21_20_03.png,0.08922287821769714,0.6175
./Datasets/KADID10K/images/I21_20_04.png,0.09992813318967819,0.7575000000000001
./Datasets/KADID10K/images/I21_20_05.png,0.08389932662248611,0.5425
./Datasets/KADID10K/images/I21_21_01.png,0.09867848455905914,0.6925
./Datasets/KADID10K/images/I21_21_02.png,0.17198055982589722,0.5075
./Datasets/KADID10K/images/I21_21_03.png,0.23013460636138916,0.4075
./Datasets/KADID10K/images/I21_21_04.png,0.28266894817352295,0.30000000000000004
./Datasets/KADID10K/images/I21_21_05.png,0.5357757210731506,0.08250000000000002
./Datasets/KADID10K/images/I21_22_01.png,0.15422269701957703,0.6425
./Datasets/KADID10K/images/I21_22_02.png,0.1440741866827011,0.4575
./Datasets/KADID10K/images/I21_22_03.png,0.2104412168264389,0.48250000000000004
./Datasets/KADID10K/images/I21_22_04.png,0.19062478840351105,0.38249999999999995
./Datasets/KADID10K/images/I21_22_05.png,0.2954002618789673,0.26749999999999996
./Datasets/KADID10K/images/I21_23_01.png,0.07916893064975739,0.4425
./Datasets/KADID10K/images/I21_23_02.png,0.1332084834575653,0.32499999999999996
./Datasets/KADID10K/images/I21_23_03.png,0.12372738867998123,0.2825
./Datasets/KADID10K/images/I21_23_04.png,0.11614689230918884,0.2825
./Datasets/KADID10K/images/I21_23_05.png,0.24166834354400635,0.175
./Datasets/KADID10K/images/I21_24_01.png,0.041546780616045,0.6825
./Datasets/KADID10K/images/I21_24_02.png,0.015031639486551285,0.3325
./Datasets/KADID10K/images/I21_24_03.png,0.013681040145456791,0.1925
./Datasets/KADID10K/images/I21_24_04.png,0.00389909278601408,0.09749999999999998
./Datasets/KADID10K/images/I21_24_05.png,0.002563341986387968,0.09250000000000003
./Datasets/KADID10K/images/I21_25_01.png,0.03013656474649906,0.625
./Datasets/KADID10K/images/I21_25_02.png,0.0440288744866848,0.6925
./Datasets/KADID10K/images/I21_25_03.png,0.05939196050167084,0.7425
./Datasets/KADID10K/images/I21_25_04.png,0.13738536834716797,0.7175
./Datasets/KADID10K/images/I21_25_05.png,0.20535148680210114,0.55
./Datasets/KADID10K/images/I22_01_01.png,0.002962368307635188,0.925
./Datasets/KADID10K/images/I22_01_02.png,0.0210026316344738,0.8925000000000001
./Datasets/KADID10K/images/I22_01_03.png,0.24912619590759277,0.5325
./Datasets/KADID10K/images/I22_01_04.png,0.38497674465179443,0.32499999999999996
./Datasets/KADID10K/images/I22_01_05.png,0.7400856018066406,0.125
./Datasets/KADID10K/images/I22_02_01.png,0.0862957239151001,0.7
./Datasets/KADID10K/images/I22_02_02.png,0.2804701328277588,0.4175
./Datasets/KADID10K/images/I22_02_03.png,0.48118093609809875,0.2925
./Datasets/KADID10K/images/I22_02_04.png,0.6059341430664062,0.14250000000000002
./Datasets/KADID10K/images/I22_02_05.png,0.7031921148300171,0.07500000000000001
./Datasets/KADID10K/images/I22_03_01.png,0.002962368307635188,0.9424999999999999
./Datasets/KADID10K/images/I22_03_02.png,0.05007430166006088,0.8325
./Datasets/KADID10K/images/I22_03_03.png,0.17567779123783112,0.4325
./Datasets/KADID10K/images/I22_03_04.png,0.21009375154972076,0.3325
./Datasets/KADID10K/images/I22_03_05.png,0.3477760851383209,0.22499999999999998
./Datasets/KADID10K/images/I22_04_01.png,0.007422914728522301,0.875
./Datasets/KADID10K/images/I22_04_02.png,0.20945443212985992,0.125
./Datasets/KADID10K/images/I22_04_03.png,0.2810085713863373,0.07500000000000001
./Datasets/KADID10K/images/I22_04_04.png,0.20072327554225922,0.057499999999999996
./Datasets/KADID10K/images/I22_04_05.png,0.3789255619049072,0.017500000000000016
./Datasets/KADID10K/images/I22_05_01.png,0.055762678384780884,0.7825
./Datasets/KADID10K/images/I22_05_02.png,0.17285718023777008,0.4325
./Datasets/KADID10K/images/I22_05_03.png,0.22702577710151672,0.2425
./Datasets/KADID10K/images/I22_05_04.png,0.24379129707813263,0.23249999999999998
./Datasets/KADID10K/images/I22_05_05.png,0.2665082514286041,0.1175
./Datasets/KADID10K/images/I22_06_01.png,0.00024293918977491558,0.8500000000000001
./Datasets/KADID10K/images/I22_06_02.png,5.740822962252423e-05,0.7675000000000001
./Datasets/KADID10K/images/I22_06_03.png,0.00010779238800751045,0.8174999999999999
./Datasets/KADID10K/images/I22_06_04.png,2.5655366698629223e-05,0.5575
./Datasets/KADID10K/images/I22_06_05.png,0.00019046271336264908,0.36750000000000005
./Datasets/KADID10K/images/I22_07_01.png,0.008596308529376984,0.4425
./Datasets/KADID10K/images/I22_07_02.png,0.011556215584278107,0.39249999999999996
./Datasets/KADID10K/images/I22_07_03.png,0.024346675723791122,0.30000000000000004
./Datasets/KADID10K/images/I22_07_04.png,0.07390488684177399,0.3175
./Datasets/KADID10K/images/I22_07_05.png,0.05283540114760399,0.22499999999999998
./Datasets/KADID10K/images/I22_08_01.png,0.002962368307635188,0.9199999999999999
./Datasets/KADID10K/images/I22_08_02.png,0.04485649615526199,0.35
./Datasets/KADID10K/images/I22_08_03.png,0.10879918932914734,0.09250000000000003
./Datasets/KADID10K/images/I22_08_04.png,0.2740703523159027,0.03249999999999997
./Datasets/KADID10K/images/I22_08_05.png,0.2991504967212677,0.025000000000000022
./Datasets/KADID10K/images/I22_09_01.png,0.009898381307721138,0.9325000000000001
./Datasets/KADID10K/images/I22_09_02.png,0.026150086894631386,0.8825000000000001
./Datasets/KADID10K/images/I22_09_03.png,0.042174506932497025,0.9424999999999999
./Datasets/KADID10K/images/I22_09_04.png,0.33555638790130615,0.49250000000000005
./Datasets/KADID10K/images/I22_09_05.png,0.5796154141426086,0.15749999999999997
./Datasets/KADID10K/images/I22_10_01.png,0.06264891475439072,0.8674999999999999
./Datasets/KADID10K/images/I22_10_02.png,0.08183570951223373,0.8574999999999999
./Datasets/KADID10K/images/I22_10_03.png,0.15849660336971283,0.7575000000000001
./Datasets/KADID10K/images/I22_10_04.png,0.5285370349884033,0.20750000000000002
./Datasets/KADID10K/images/I22_10_05.png,0.6135578751564026,0.1175
./Datasets/KADID10K/images/I22_11_01.png,0.033585891127586365,0.7
./Datasets/KADID10K/images/I22_11_02.png,0.10105577856302261,0.49250000000000005
./Datasets/KADID10K/images/I22_11_03.png,0.13650667667388916,0.44999999999999996
./Datasets/KADID10K/images/I22_11_04.png,0.23848937451839447,0.48250000000000004
./Datasets/KADID10K/images/I22_11_05.png,0.3048681914806366,0.3175
./Datasets/KADID10K/images/I22_12_01.png,0.005042470991611481,0.9325000000000001
./Datasets/KADID10K/images/I22_12_02.png,0.05937403067946434,0.625
./Datasets/KADID10K/images/I22_12_03.png,0.13886654376983643,0.4675
./Datasets/KADID10K/images/I22_12_04.png,0.23933053016662598,0.4075
./Datasets/KADID10K/images/I22_12_05.png,0.2742408215999603,0.375
./Datasets/KADID10K/images/I22_13_01.png,0.0001017477479763329,0.7325
./Datasets/KADID10K/images/I22_13_02.png,0.00012782961130142212,0.5575
./Datasets/KADID10K/images/I22_13_03.png,0.0004772286338265985,0.44999999999999996
./Datasets/KADID10K/images/I22_13_04.png,0.014692246913909912,0.32499999999999996
./Datasets/KADID10K/images/I22_13_05.png,0.07221779972314835,0.275
./Datasets/KADID10K/images/I22_14_01.png,0.005151679273694754,0.8825000000000001
./Datasets/KADID10K/images/I22_14_02.png,0.06337764859199524,0.5575
./Datasets/KADID10K/images/I22_14_03.png,0.1368604153394699,0.5
./Datasets/KADID10K/images/I22_14_04.png,0.2318187952041626,0.40249999999999997
./Datasets/KADID10K/images/I22_14_05.png,0.37100839614868164,0.2425
./Datasets/KADID10K/images/I22_15_01.png,0.1959182322025299,0.625
./Datasets/KADID10K/images/I22_15_02.png,0.32241693139076233,0.38249999999999995
./Datasets/KADID10K/images/I22_15_03.png,0.3931676745414734,0.3175
./Datasets/KADID10K/images/I22_15_04.png,0.5499716997146606,0.2425
./Datasets/KADID10K/images/I22_15_05.png,0.6041110157966614,0.1325
./Datasets/KADID10K/images/I22_16_01.png,0.0036244464572519064,0.8825000000000001
./Datasets/KADID10K/images/I22_16_02.png,0.004734898917376995,0.8425
./Datasets/KADID10K/images/I22_16_03.png,0.007165304850786924,0.6075
./Datasets/KADID10K/images/I22_16_04.png,0.012782418169081211,0.30000000000000004
./Datasets/KADID10K/images/I22_16_05.png,0.03282647952437401,0.065
./Datasets/KADID10K/images/I22_17_01.png,0.002366309752687812,0.9675
./Datasets/KADID10K/images/I22_17_02.png,0.002061815233901143,0.8674999999999999
./Datasets/KADID10K/images/I22_17_03.png,0.0013467527460306883,0.825
./Datasets/KADID10K/images/I22_17_04.png,0.0006571054109372199,0.65
./Datasets/KADID10K/images/I22_17_05.png,0.0008065850124694407,0.375
./Datasets/KADID10K/images/I22_18_01.png,0.0012944000773131847,0.7675000000000001
./Datasets/KADID10K/images/I22_18_02.png,0.0024137443397194147,0.8999999999999999
./Datasets/KADID10K/images/I22_18_03.png,0.002962368307635188,0.925
./Datasets/KADID10K/images/I22_18_04.png,0.0008280601468868554,0.875
./Datasets/KADID10K/images/I22_18_05.png,0.0003468850045464933,0.825
./Datasets/KADID10K/images/I22_19_01.png,0.013337377458810806,0.9075
./Datasets/KADID10K/images/I22_19_02.png,0.04410088434815407,0.8075000000000001
./Datasets/KADID10K/images/I22_19_03.png,0.06489739567041397,0.6925
./Datasets/KADID10K/images/I22_19_04.png,0.19803333282470703,0.3175
./Datasets/KADID10K/images/I22_19_05.png,0.20507340133190155,0.125
./Datasets/KADID10K/images/I22_20_01.png,0.0030115959234535694,0.925
./Datasets/KADID10K/images/I22_20_02.png,0.004299055319279432,0.7075
./Datasets/KADID10K/images/I22_20_03.png,0.005187701899558306,0.6175
./Datasets/KADID10K/images/I22_20_04.png,0.005118692759424448,0.7925
./Datasets/KADID10K/images/I22_20_05.png,0.009676698595285416,0.3425
./Datasets/KADID10K/images/I22_21_01.png,0.008635788224637508,0.8825000000000001
./Datasets/KADID10K/images/I22_21_02.png,0.032839324325323105,0.7
./Datasets/KADID10K/images/I22_21_03.png,0.044625308364629745,0.65
./Datasets/KADID10K/images/I22_21_04.png,0.0992562547326088,0.6925
./Datasets/KADID10K/images/I22_21_05.png,0.3145136833190918,0.21750000000000003
./Datasets/KADID10K/images/I22_22_01.png,0.019841158762574196,0.7675000000000001
./Datasets/KADID10K/images/I22_22_02.png,0.020266365259885788,0.6675
./Datasets/KADID10K/images/I22_22_03.png,0.026995116844773293,0.675
./Datasets/KADID10K/images/I22_22_04.png,0.038692690432071686,0.5825
./Datasets/KADID10K/images/I22_22_05.png,0.11385991424322128,0.5325
./Datasets/KADID10K/images/I22_23_01.png,0.007577011827379465,0.2425
./Datasets/KADID10K/images/I22_23_02.png,0.011311374604701996,0.4325
./Datasets/KADID10K/images/I22_23_03.png,0.005959701258689165,0.175
./Datasets/KADID10K/images/I22_23_04.png,0.024770310148596764,0.23249999999999998
./Datasets/KADID10K/images/I22_23_05.png,0.017505250871181488,0.25749999999999995
./Datasets/KADID10K/images/I22_24_01.png,8.391014125663787e-05,0.7075
./Datasets/KADID10K/images/I22_24_02.png,0.00013114704051986337,0.44999999999999996
./Datasets/KADID10K/images/I22_24_03.png,0.00028862844919785857,0.32499999999999996
./Datasets/KADID10K/images/I22_24_04.png,0.0010151970200240612,0.23249999999999998
./Datasets/KADID10K/images/I22_24_05.png,0.0036449322942644358,0.125
./Datasets/KADID10K/images/I22_25_01.png,0.00030252718715928495,0.5825
./Datasets/KADID10K/images/I22_25_02.png,0.0002962515573017299,0.7575000000000001
./Datasets/KADID10K/images/I22_25_03.png,0.0005080194678157568,0.825
./Datasets/KADID10K/images/I22_25_04.png,0.030541306361556053,0.7575000000000001
./Datasets/KADID10K/images/I22_25_05.png,0.17056849598884583,0.475
./Datasets/KADID10K/images/I23_01_01.png,0.0008207058999687433,0.9325000000000001
./Datasets/KADID10K/images/I23_01_02.png,0.034332942217588425,0.8674999999999999
./Datasets/KADID10K/images/I23_01_03.png,0.25698623061180115,0.5075
./Datasets/KADID10K/images/I23_01_04.png,0.4698994755744934,0.30000000000000004
./Datasets/KADID10K/images/I23_01_05.png,0.7554705142974854,0.08250000000000002
./Datasets/KADID10K/images/I23_02_01.png,0.1221311166882515,0.7175
./Datasets/KADID10K/images/I23_02_02.png,0.28500357270240784,0.49250000000000005
./Datasets/KADID10K/images/I23_02_03.png,0.48736485838890076,0.2425
./Datasets/KADID10K/images/I23_02_04.png,0.5656138062477112,0.125
./Datasets/KADID10K/images/I23_02_05.png,0.6328027844429016,0.07250000000000001
./Datasets/KADID10K/images/I23_03_01.png,0.0008207058999687433,0.9824999999999999
./Datasets/KADID10K/images/I23_03_02.png,0.06556448340415955,0.8674999999999999
./Datasets/KADID10K/images/I23_03_03.png,0.1914524883031845,0.575
./Datasets/KADID10K/images/I23_03_04.png,0.25417423248291016,0.4425
./Datasets/KADID10K/images/I23_03_05.png,0.2585884928703308,0.26749999999999996
./Datasets/KADID10K/images/I23_04_01.png,0.005047801416367292,0.95
./Datasets/KADID10K/images/I23_04_02.png,0.01796443574130535,0.38249999999999995
./Datasets/KADID10K/images/I23_04_03.png,0.06970217078924179,0.09250000000000003
./Datasets/KADID10K/images/I23_04_04.png,0.11596860736608505,0.04249999999999998
./Datasets/KADID10K/images/I23_04_05.png,0.16665180027484894,0.025000000000000022
./Datasets/KADID10K/images/I23_05_01.png,0.00807275902479887,0.9275
./Datasets/KADID10K/images/I23_05_02.png,0.028704818338155746,0.3325
./Datasets/KADID10K/images/I23_05_03.png,0.04960838332772255,0.265
./Datasets/KADID10K/images/I23_05_04.png,0.0882183238863945,0.20750000000000002
./Datasets/KADID10K/images/I23_05_05.png,0.10475568473339081,0.22749999999999998
./Datasets/KADID10K/images/I23_06_01.png,0.001645255251787603,0.7675000000000001
./Datasets/KADID10K/images/I23_06_02.png,0.0020464493427425623,0.7
./Datasets/KADID10K/images/I23_06_03.png,0.0028992248699069023,0.6075
./Datasets/KADID10K/images/I23_06_04.png,0.0055887033231556416,0.525
./Datasets/KADID10K/images/I23_06_05.png,0.005133382976055145,0.44999999999999996
./Datasets/KADID10K/images/I23_07_01.png,0.000867552706040442,0.49250000000000005
./Datasets/KADID10K/images/I23_07_02.png,0.00029645496397279203,0.275
./Datasets/KADID10K/images/I23_07_03.png,0.00010429076792206615,0.23249999999999998
./Datasets/KADID10K/images/I23_07_04.png,4.35535293945577e-05,0.2825
./Datasets/KADID10K/images/I23_07_05.png,0.0193181112408638,0.175
./Datasets/KADID10K/images/I23_08_01.png,0.0008207058999687433,0.9325000000000001
./Datasets/KADID10K/images/I23_08_02.png,0.00891065038740635,0.6425
./Datasets/KADID10K/images/I23_08_03.png,0.018895158544182777,0.5075
./Datasets/KADID10K/images/I23_08_04.png,0.02621409110724926,0.30000000000000004
./Datasets/KADID10K/images/I23_08_05.png,0.025061294436454773,0.25749999999999995
./Datasets/KADID10K/images/I23_09_01.png,0.003961695823818445,0.9175
./Datasets/KADID10K/images/I23_09_02.png,0.05129512771964073,0.7
./Datasets/KADID10K/images/I23_09_03.png,0.11284024268388748,0.5325
./Datasets/KADID10K/images/I23_09_04.png,0.5064391493797302,0.25
./Datasets/KADID10K/images/I23_09_05.png,0.8135749101638794,0.057499999999999996
./Datasets/KADID10K/images/I23_10_01.png,0.014854701235890388,0.8925000000000001
./Datasets/KADID10K/images/I23_10_02.png,0.029797477647662163,0.8500000000000001
./Datasets/KADID10K/images/I23_10_03.png,0.04330698400735855,0.7825
./Datasets/KADID10K/images/I23_10_04.png,0.3254183530807495,0.39249999999999996
./Datasets/KADID10K/images/I23_10_05.png,0.5605534911155701,0.175
./Datasets/KADID10K/images/I23_11_01.png,0.0037074503488838673,0.7925
./Datasets/KADID10K/images/I23_11_02.png,0.00616866210475564,0.75
./Datasets/KADID10K/images/I23_11_03.png,0.012911122292280197,0.575
./Datasets/KADID10K/images/I23_11_04.png,0.03508029133081436,0.48250000000000004
./Datasets/KADID10K/images/I23_11_05.png,0.10074445605278015,0.4075
./Datasets/KADID10K/images/I23_12_01.png,0.00178820313885808,0.9424999999999999
./Datasets/KADID10K/images/I23_12_02.png,0.005372448358684778,0.8325
./Datasets/KADID10K/images/I23_12_03.png,0.014338552951812744,0.6325
./Datasets/KADID10K/images/I23_12_04.png,0.05328258499503136,0.525
./Datasets/KADID10K/images/I23_12_05.png,0.07907190918922424,0.48250000000000004
./Datasets/KADID10K/images/I23_13_01.png,0.00015951810928527266,0.7575000000000001
./Datasets/KADID10K/images/I23_13_02.png,6.067603408155264e-06,0.6125
./Datasets/KADID10K/images/I23_13_03.png,9.090109415410552e-06,0.4575
./Datasets/KADID10K/images/I23_13_04.png,7.759824075037614e-05,0.42500000000000004
./Datasets/KADID10K/images/I23_13_05.png,0.00411041546612978,0.4425
./Datasets/KADID10K/images/I23_14_01.png,0.0015359986573457718,0.8825000000000001
./Datasets/KADID10K/images/I23_14_02.png,0.005677844397723675,0.6175
./Datasets/KADID10K/images/I23_14_03.png,0.00941900722682476,0.5075
./Datasets/KADID10K/images/I23_14_04.png,0.03314119949936867,0.475
./Datasets/KADID10K/images/I23_14_05.png,0.09715959429740906,0.3175
./Datasets/KADID10K/images/I23_15_01.png,0.13409480452537537,0.7425
./Datasets/KADID10K/images/I23_15_02.png,0.3339855372905731,0.5675
./Datasets/KADID10K/images/I23_15_03.png,0.41750553250312805,0.38249999999999995
./Datasets/KADID10K/images/I23_15_04.png,0.5403929352760315,0.1775
./Datasets/KADID10K/images/I23_15_05.png,0.5994644165039062,0.16749999999999998
./Datasets/KADID10K/images/I23_16_01.png,0.0011190279619768262,0.9325000000000001
./Datasets/KADID10K/images/I23_16_02.png,0.0014741416089236736,0.8674999999999999
./Datasets/KADID10K/images/I23_16_03.png,0.0025344230234622955,0.7
./Datasets/KADID10K/images/I23_16_04.png,0.010957401245832443,0.55
./Datasets/KADID10K/images/I23_16_05.png,0.028640177100896835,0.2425
./Datasets/KADID10K/images/I23_17_01.png,0.0007060256320983171,0.9175
./Datasets/KADID10K/images/I23_17_02.png,0.0005962980794720352,0.95
./Datasets/KADID10K/images/I23_17_03.png,0.0003958896268159151,0.8825000000000001
./Datasets/KADID10K/images/I23_17_04.png,0.00010805100464494899,0.6425
./Datasets/KADID10K/images/I23_17_05.png,3.612563159549609e-05,0.4175
./Datasets/KADID10K/images/I23_18_01.png,0.0004948689602315426,0.8825000000000001
./Datasets/KADID10K/images/I23_18_02.png,0.0004595719219651073,0.8999999999999999
./Datasets/KADID10K/images/I23_18_03.png,0.0008207058999687433,0.925
./Datasets/KADID10K/images/I23_18_04.png,0.00015736991190351546,0.8574999999999999
./Datasets/KADID10K/images/I23_18_05.png,4.472643558983691e-05,0.8075000000000001
./Datasets/KADID10K/images/I23_19_01.png,0.004884225782006979,0.8999999999999999
./Datasets/KADID10K/images/I23_19_02.png,0.026776190847158432,0.8500000000000001
./Datasets/KADID10K/images/I23_19_03.png,0.14188764989376068,0.6
./Datasets/KADID10K/images/I23_19_04.png,0.4511231482028961,0.1925
./Datasets/KADID10K/images/I23_19_05.png,0.4640487730503082,0.057499999999999996
./Datasets/KADID10K/images/I23_20_01.png,0.000997397000901401,0.7425
./Datasets/KADID10K/images/I23_20_02.png,0.000541252491530031,0.43000000000000005
./Datasets/KADID10K/images/I23_20_03.png,0.0011945046717301011,0.4175
./Datasets/KADID10K/images/I23_20_04.png,0.0007009161054156721,0.32499999999999996
./Datasets/KADID10K/images/I23_20_05.png,0.0013371901586651802,0.25749999999999995
./Datasets/KADID10K/images/I23_21_01.png,0.0023731489200145006,0.8174999999999999
./Datasets/KADID10K/images/I23_21_02.png,0.010037053376436234,0.575
./Datasets/KADID10K/images/I23_21_03.png,0.036247581243515015,0.49250000000000005
./Datasets/KADID10K/images/I23_21_04.png,0.05650215223431587,0.5175
./Datasets/KADID10K/images/I23_21_05.png,0.4713563323020935,0.1175
./Datasets/KADID10K/images/I23_22_01.png,0.0008723122882656753,0.9075
./Datasets/KADID10K/images/I23_22_02.png,0.0008783917292021215,0.9424999999999999
./Datasets/KADID10K/images/I23_22_03.png,0.0014206566847860813,0.8825000000000001
./Datasets/KADID10K/images/I23_22_04.png,0.001531441928818822,0.8574999999999999
./Datasets/KADID10K/images/I23_22_05.png,0.00169934902805835,0.7575000000000001
./Datasets/KADID10K/images/I23_23_01.png,0.0009405096643604338,0.39249999999999996
./Datasets/KADID10K/images/I23_23_02.png,0.0013778101420029998,0.26749999999999996
./Datasets/KADID10K/images/I23_23_03.png,0.0034963025245815516,0.25
./Datasets/KADID10K/images/I23_23_04.png,0.004628483206033707,0.3075
./Datasets/KADID10K/images/I23_23_05.png,0.0026882104575634003,0.36750000000000005
./Datasets/KADID10K/images/I23_24_01.png,0.0005955171654932201,0.825
./Datasets/KADID10K/images/I23_24_02.png,0.00029685432673431933,0.5325
./Datasets/KADID10K/images/I23_24_03.png,0.00013620559184346348,0.39249999999999996
./Datasets/KADID10K/images/I23_24_04.png,3.44645741279237e-05,0.20750000000000002
./Datasets/KADID10K/images/I23_24_05.png,0.00024053918605204672,0.08250000000000002
./Datasets/KADID10K/images/I23_25_01.png,2.5938523322110996e-05,0.8075000000000001
./Datasets/KADID10K/images/I23_25_02.png,6.016263068886474e-05,0.8174999999999999
./Datasets/KADID10K/images/I23_25_03.png,0.0002054250508081168,0.8425
./Datasets/KADID10K/images/I23_25_04.png,0.002961917547509074,0.8500000000000001
./Datasets/KADID10K/images/I23_25_05.png,0.009517359547317028,0.725
./Datasets/KADID10K/images/I24_01_01.png,0.1037435531616211,0.8
./Datasets/KADID10K/images/I24_01_02.png,0.20280973613262177,0.7575000000000001
./Datasets/KADID10K/images/I24_01_03.png,0.4111909568309784,0.4425
./Datasets/KADID10K/images/I24_01_04.png,0.5418470501899719,0.175
./Datasets/KADID10K/images/I24_01_05.png,0.7333685159683228,0.09999999999999998
./Datasets/KADID10K/images/I24_02_01.png,0.29028770327568054,0.6425
./Datasets/KADID10K/images/I24_02_02.png,0.4585997760295868,0.36750000000000005
./Datasets/KADID10K/images/I24_02_03.png,0.5595001578330994,0.1925
./Datasets/KADID10K/images/I24_02_04.png,0.6213212013244629,0.175
./Datasets/KADID10K/images/I24_02_05.png,0.6640434265136719,0.08250000000000002
./Datasets/KADID10K/images/I24_03_01.png,0.1037435531616211,0.875
./Datasets/KADID10K/images/I24_03_02.png,0.25854045152664185,0.75
./Datasets/KADID10K/images/I24_03_03.png,0.3699454963207245,0.5075
./Datasets/KADID10K/images/I24_03_04.png,0.43345576524734497,0.35
./Datasets/KADID10K/images/I24_03_05.png,0.5052998661994934,0.20750000000000002
./Datasets/KADID10K/images/I24_04_01.png,0.15005086362361908,0.8825000000000001
./Datasets/KADID10K/images/I24_04_02.png,0.32696205377578735,0.49250000000000005
./Datasets/KADID10K/images/I24_04_03.png,0.46736040711402893,0.25749999999999995
./Datasets/KADID10K/images/I24_04_04.png,0.4644194543361664,0.15749999999999997
./Datasets/KADID10K/images/I24_04_05.png,0.5141851305961609,0.065
./Datasets/KADID10K/images/I24_05_01.png,0.20734019577503204,0.8674999999999999
./Datasets/KADID10K/images/I24_05_02.png,0.30207401514053345,0.36750000000000005
./Datasets/KADID10K/images/I24_05_03.png,0.37588611245155334,0.25
./Datasets/KADID10K/images/I24_05_04.png,0.3835582435131073,0.25
./Datasets/KADID10K/images/I24_05_05.png,0.3798697888851166,0.36750000000000005
./Datasets/KADID10K/images/I24_06_01.png,0.13120511174201965,0.8174999999999999
./Datasets/KADID10K/images/I24_06_02.png,0.12936754524707794,0.7325
./Datasets/KADID10K/images/I24_06_03.png,0.10096336156129837,0.7
./Datasets/KADID10K/images/I24_06_04.png,0.10441109538078308,0.4325
./Datasets/KADID10K/images/I24_06_05.png,0.04516531527042389,0.4175
./Datasets/KADID10K/images/I24_07_01.png,0.1318208873271942,0.44999999999999996
./Datasets/KADID10K/images/I24_07_02.png,0.18659016489982605,0.35750000000000004
./Datasets/KADID10K/images/I24_07_03.png,0.28332018852233887,0.23249999999999998
./Datasets/KADID10K/images/I24_07_04.png,0.3794625997543335,0.3075
./Datasets/KADID10K/images/I24_07_05.png,0.32599231600761414,0.09999999999999998
./Datasets/KADID10K/images/I24_08_01.png,0.1037435531616211,0.875
./Datasets/KADID10K/images/I24_08_02.png,0.16806042194366455,0.6575
./Datasets/KADID10K/images/I24_08_03.png,0.2960387170314789,0.4575
./Datasets/KADID10K/images/I24_08_04.png,0.3748857080936432,0.23249999999999998
./Datasets/KADID10K/images/I24_08_05.png,0.38419729471206665,0.175
./Datasets/KADID10K/images/I24_09_01.png,0.1261340081691742,0.8425
./Datasets/KADID10K/images/I24_09_02.png,0.20470808446407318,0.7975000000000001
./Datasets/KADID10K/images/I24_09_03.png,0.27511560916900635,0.8
./Datasets/KADID10K/images/I24_09_04.png,0.5027850866317749,0.2825
./Datasets/KADID10K/images/I24_09_05.png,0.7694013714790344,0.09999999999999998
./Datasets/KADID10K/images/I24_10_01.png,0.22158455848693848,0.8674999999999999
./Datasets/KADID10K/images/I24_10_02.png,0.20209652185440063,0.825
./Datasets/KADID10K/images/I24_10_03.png,0.2809920608997345,0.7425
./Datasets/KADID10K/images/I24_10_04.png,0.577355146408081,0.22499999999999998
./Datasets/KADID10K/images/I24_10_05.png,0.7634170055389404,0.14250000000000002
./Datasets/KADID10K/images/I24_11_01.png,0.18820567429065704,0.6325
./Datasets/KADID10K/images/I24_11_02.png,0.256196528673172,0.5175
./Datasets/KADID10K/images/I24_11_03.png,0.2911049723625183,0.42500000000000004
./Datasets/KADID10K/images/I24_11_04.png,0.359384685754776,0.38249999999999995
./Datasets/KADID10K/images/I24_11_05.png,0.4712636470794678,0.2425
./Datasets/KADID10K/images/I24_12_01.png,0.13253836333751678,0.825
./Datasets/KADID10K/images/I24_12_02.png,0.22419746220111847,0.5925
./Datasets/KADID10K/images/I24_12_03.png,0.31661948561668396,0.3325
./Datasets/KADID10K/images/I24_12_04.png,0.390543669462204,0.35750000000000004
./Datasets/KADID10K/images/I24_12_05.png,0.42168989777565,0.25
./Datasets/KADID10K/images/I24_13_01.png,0.01871124468743801,0.6075
./Datasets/KADID10K/images/I24_13_02.png,0.018445216119289398,0.5
./Datasets/KADID10K/images/I24_13_03.png,0.01392323337495327,0.35750000000000004
./Datasets/KADID10K/images/I24_13_04.png,0.040421027690172195,0.275
./Datasets/KADID10K/images/I24_13_05.png,0.1512058675289154,0.30000000000000004
./Datasets/KADID10K/images/I24_14_01.png,0.13955532014369965,0.825
./Datasets/KADID10K/images/I24_14_02.png,0.23210841417312622,0.49250000000000005
./Datasets/KADID10K/images/I24_14_03.png,0.27131277322769165,0.44999999999999996
./Datasets/KADID10K/images/I24_14_04.png,0.34512388706207275,0.32499999999999996
./Datasets/KADID10K/images/I24_14_05.png,0.39785677194595337,0.23249999999999998
./Datasets/KADID10K/images/I24_15_01.png,0.3153008222579956,0.6175
./Datasets/KADID10K/images/I24_15_02.png,0.44173482060432434,0.35750000000000004
./Datasets/KADID10K/images/I24_15_03.png,0.49766987562179565,0.22499999999999998
./Datasets/KADID10K/images/I24_15_04.png,0.5675845742225647,0.1325
./Datasets/KADID10K/images/I24_15_05.png,0.644477367401123,0.16749999999999998
./Datasets/KADID10K/images/I24_16_01.png,0.1100233867764473,0.875
./Datasets/KADID10K/images/I24_16_02.png,0.1064499020576477,0.7749999999999999
./Datasets/KADID10K/images/I24_16_03.png,0.10232625156641006,0.735
./Datasets/KADID10K/images/I24_16_04.png,0.16001616418361664,0.26749999999999996
./Datasets/KADID10K/images/I24_16_05.png,0.23539505898952484,0.10749999999999998
./Datasets/KADID10K/images/I24_17_01.png,0.10248540341854095,0.8925000000000001
./Datasets/KADID10K/images/I24_17_02.png,0.10098924487829208,0.8425
./Datasets/KADID10K/images/I24_17_03.png,0.09857022017240524,0.75
./Datasets/KADID10K/images/I24_17_04.png,0.08851666003465652,0.6425
./Datasets/KADID10K/images/I24_17_05.png,0.08048377931118011,0.32499999999999996
./Datasets/KADID10K/images/I24_18_01.png,0.10161315649747849,0.75
./Datasets/KADID10K/images/I24_18_02.png,0.08618617057800293,0.825
./Datasets/KADID10K/images/I24_18_03.png,0.1037435531616211,0.925
./Datasets/KADID10K/images/I24_18_04.png,0.08403356373310089,0.8425
./Datasets/KADID10K/images/I24_18_05.png,0.07826723903417587,0.8174999999999999
./Datasets/KADID10K/images/I24_19_01.png,0.1405501812696457,0.9175
./Datasets/KADID10K/images/I24_19_02.png,0.1663072407245636,0.875
./Datasets/KADID10K/images/I24_19_03.png,0.23834869265556335,0.7675000000000001
./Datasets/KADID10K/images/I24_19_04.png,0.266374409198761,0.4175
./Datasets/KADID10K/images/I24_19_05.png,0.3108888268470764,0.1325
./Datasets/KADID10K/images/I24_20_01.png,0.08881328254938126,0.75
./Datasets/KADID10K/images/I24_20_02.png,0.11625377088785172,0.6675
./Datasets/KADID10K/images/I24_20_03.png,0.1065821424126625,0.6825
./Datasets/KADID10K/images/I24_20_04.png,0.12007834762334824,0.675
./Datasets/KADID10K/images/I24_20_05.png,0.09845888614654541,0.38249999999999995
./Datasets/KADID10K/images/I24_21_01.png,0.15820063650608063,0.8174999999999999
./Datasets/KADID10K/images/I24_21_02.png,0.17177188396453857,0.6325
./Datasets/KADID10K/images/I24_21_03.png,0.26603561639785767,0.625
./Datasets/KADID10K/images/I24_21_04.png,0.3153930902481079,0.49250000000000005
./Datasets/KADID10K/images/I24_21_05.png,0.45134636759757996,0.09999999999999998
./Datasets/KADID10K/images/I24_22_01.png,0.12041451781988144,0.7675000000000001
./Datasets/KADID10K/images/I24_22_02.png,0.11213257908821106,0.6575
./Datasets/KADID10K/images/I24_22_03.png,0.13241451978683472,0.5175
./Datasets/KADID10K/images/I24_22_04.png,0.13177458941936493,0.5825
./Datasets/KADID10K/images/I24_22_05.png,0.1617736518383026,0.475
./Datasets/KADID10K/images/I24_23_01.png,0.11049170792102814,0.4325
./Datasets/KADID10K/images/I24_23_02.png,0.14195150136947632,0.275
./Datasets/KADID10K/images/I24_23_03.png,0.21307626366615295,0.2925
./Datasets/KADID10K/images/I24_23_04.png,0.26692482829093933,0.14250000000000002
./Datasets/KADID10K/images/I24_23_05.png,0.15782348811626434,0.275
./Datasets/KADID10K/images/I24_24_01.png,0.03275104984641075,0.6825
./Datasets/KADID10K/images/I24_24_02.png,0.023486781865358353,0.4075
./Datasets/KADID10K/images/I24_24_03.png,0.020125240087509155,0.26749999999999996
./Datasets/KADID10K/images/I24_24_04.png,0.011486385017633438,0.15749999999999997
./Datasets/KADID10K/images/I24_24_05.png,0.0705527812242508,0.03999999999999998
./Datasets/KADID10K/images/I24_25_01.png,0.08271260559558868,0.55
./Datasets/KADID10K/images/I24_25_02.png,0.08007790148258209,0.7075
./Datasets/KADID10K/images/I24_25_03.png,0.08446469157934189,0.8325
./Datasets/KADID10K/images/I24_25_04.png,0.12980274856090546,0.7075
./Datasets/KADID10K/images/I24_25_05.png,0.1546497642993927,0.6325
./Datasets/KADID10K/images/I25_01_01.png,0.01136354636400938,0.8574999999999999
./Datasets/KADID10K/images/I25_01_02.png,0.025317011401057243,0.9075
./Datasets/KADID10K/images/I25_01_03.png,0.029072130098938942,0.55
./Datasets/KADID10K/images/I25_01_04.png,0.11486458033323288,0.32499999999999996
./Datasets/KADID10K/images/I25_01_05.png,0.43366116285324097,0.09250000000000003
./Datasets/KADID10K/images/I25_02_01.png,0.022267939522862434,0.7925
./Datasets/KADID10K/images/I25_02_02.png,0.0344279408454895,0.4675
./Datasets/KADID10K/images/I25_02_03.png,0.12938067317008972,0.21750000000000003
./Datasets/KADID10K/images/I25_02_04.png,0.21833789348602295,0.1825
./Datasets/KADID10K/images/I25_02_05.png,0.3315303325653076,0.07500000000000001
./Datasets/KADID10K/images/I25_03_01.png,0.01136354636400938,0.9424999999999999
./Datasets/KADID10K/images/I25_03_02.png,0.0243096761405468,0.8574999999999999
./Datasets/KADID10K/images/I25_03_03.png,0.035370588302612305,0.525
./Datasets/KADID10K/images/I25_03_04.png,0.0646369680762291,0.475
./Datasets/KADID10K/images/I25_03_05.png,0.11308392137289047,0.1825
./Datasets/KADID10K/images/I25_04_01.png,0.010430517606437206,0.8825000000000001
./Datasets/KADID10K/images/I25_04_02.png,0.04101444035768509,0.5075
./Datasets/KADID10K/images/I25_04_03.png,0.08618415892124176,0.25
./Datasets/KADID10K/images/I25_04_04.png,0.0746413990855217,0.26749999999999996
./Datasets/KADID10K/images/I25_04_05.png,0.07247088104486465,0.16249999999999998
./Datasets/KADID10K/images/I25_05_01.png,0.031130755320191383,0.875
./Datasets/KADID10K/images/I25_05_02.png,0.04314299300312996,0.44999999999999996
./Datasets/KADID10K/images/I25_05_03.png,0.046431899070739746,0.3075
./Datasets/KADID10K/images/I25_05_04.png,0.09790430963039398,0.38249999999999995
./Datasets/KADID10K/images/I25_05_05.png,0.0849507749080658,0.4325
./Datasets/KADID10K/images/I25_06_01.png,0.0027086909394711256,0.8
./Datasets/KADID10K/images/I25_06_02.png,0.0033901825081557035,0.7675000000000001
./Datasets/KADID10K/images/I25_06_03.png,0.006597924046218395,0.7675000000000001
./Datasets/KADID10K/images/I25_06_04.png,0.001343621057458222,0.55
./Datasets/KADID10K/images/I25_06_05.png,1.1490283213788643e-06,0.3325
./Datasets/KADID10K/images/I25_07_01.png,0.027217460796236992,0.375
./Datasets/KADID10K/images/I25_07_02.png,0.07675395160913467,0.35750000000000004
./Datasets/KADID10K/images/I25_07_03.png,0.10662633180618286,0.35750000000000004
./Datasets/KADID10K/images/I25_07_04.png,0.10479114949703217,0.3425
./Datasets/KADID10K/images/I25_07_05.png,0.08511432260274887,0.2425
./Datasets/KADID10K/images/I25_08_01.png,0.01136354636400938,0.9325000000000001
./Datasets/KADID10K/images/I25_08_02.png,0.04073415324091911,0.5325
./Datasets/KADID10K/images/I25_08_03.png,0.11209595203399658,0.5325
./Datasets/KADID10K/images/I25_08_04.png,0.20779699087142944,0.175
./Datasets/KADID10K/images/I25_08_05.png,0.28929784893989563,0.08250000000000002
./Datasets/KADID10K/images/I25_09_01.png,0.012686737813055515,0.925
./Datasets/KADID10K/images/I25_09_02.png,0.015746522694826126,0.8999999999999999
./Datasets/KADID10K/images/I25_09_03.png,0.033578548580408096,0.8
./Datasets/KADID10K/images/I25_09_04.png,0.2675718069076538,0.5075
./Datasets/KADID10K/images/I25_09_05.png,0.5728421211242676,0.1325
./Datasets/KADID10K/images/I25_10_01.png,0.03808116912841797,0.8825000000000001
./Datasets/KADID10K/images/I25_10_02.png,0.04834660142660141,0.9075
./Datasets/KADID10K/images/I25_10_03.png,0.11875573545694351,0.825
./Datasets/KADID10K/images/I25_10_04.png,0.609613835811615,0.15000000000000002
./Datasets/KADID10K/images/I25_10_05.png,0.8741377592086792,0.017500000000000016
./Datasets/KADID10K/images/I25_11_01.png,0.1502707302570343,0.7749999999999999
./Datasets/KADID10K/images/I25_11_02.png,0.23700620234012604,0.625
./Datasets/KADID10K/images/I25_11_03.png,0.2800246775150299,0.475
./Datasets/KADID10K/images/I25_11_04.png,0.3249274790287018,0.4425
./Datasets/KADID10K/images/I25_11_05.png,0.37338486313819885,0.3425
./Datasets/KADID10K/images/I25_12_01.png,0.048595577478408813,0.8925000000000001
./Datasets/KADID10K/images/I25_12_02.png,0.19966144859790802,0.6325
./Datasets/KADID10K/images/I25_12_03.png,0.25071069598197937,0.475
./Datasets/KADID10K/images/I25_12_04.png,0.34296485781669617,0.35750000000000004
./Datasets/KADID10K/images/I25_12_05.png,0.34777122735977173,0.3075
./Datasets/KADID10K/images/I25_13_01.png,0.020247669890522957,0.6175
./Datasets/KADID10K/images/I25_13_02.png,0.0016742798034101725,0.4525
./Datasets/KADID10K/images/I25_13_03.png,0.004147060681134462,0.32499999999999996
./Datasets/KADID10K/images/I25_13_04.png,0.009767923504114151,0.2925
./Datasets/KADID10K/images/I25_13_05.png,0.05791611596941948,0.235
./Datasets/KADID10K/images/I25_14_01.png,0.02639348804950714,0.8925000000000001
./Datasets/KADID10K/images/I25_14_02.png,0.09579039365053177,0.7575000000000001
./Datasets/KADID10K/images/I25_14_03.png,0.16758094727993011,0.6575
./Datasets/KADID10K/images/I25_14_04.png,0.21181322634220123,0.3175
./Datasets/KADID10K/images/I25_14_05.png,0.2649325728416443,0.20750000000000002
./Datasets/KADID10K/images/I25_15_01.png,0.3254094123840332,0.6575
./Datasets/KADID10K/images/I25_15_02.png,0.48820534348487854,0.38249999999999995
./Datasets/KADID10K/images/I25_15_03.png,0.5263745784759521,0.2425
./Datasets/KADID10K/images/I25_15_04.png,0.637432336807251,0.04999999999999999
./Datasets/KADID10K/images/I25_15_05.png,0.6687939763069153,0.07500000000000001
./Datasets/KADID10K/images/I25_16_01.png,0.01060910802334547,0.9175
./Datasets/KADID10K/images/I25_16_02.png,0.009037810377776623,0.8174999999999999
./Datasets/KADID10K/images/I25_16_03.png,0.004102085251361132,0.8300000000000001
./Datasets/KADID10K/images/I25_16_04.png,0.0005099654663354158,0.6075
./Datasets/KADID10K/images/I25_16_05.png,9.280972881242633e-05,0.26749999999999996
./Datasets/KADID10K/images/I25_17_01.png,0.011057622730731964,0.9325000000000001
./Datasets/KADID10K/images/I25_17_02.png,0.010992218740284443,0.925
./Datasets/KADID10K/images/I25_17_03.png,0.008085078559815884,0.875
./Datasets/KADID10K/images/I25_17_04.png,0.003613869659602642,0.675
./Datasets/KADID10K/images/I25_17_05.png,0.0006221863441169262,0.2
./Datasets/KADID10K/images/I25_18_01.png,0.005555449053645134,0.8574999999999999
./Datasets/KADID10K/images/I25_18_02.png,0.008548366837203503,0.9325000000000001
./Datasets/KADID10K/images/I25_18_03.png,0.01136354636400938,0.8925000000000001
./Datasets/KADID10K/images/I25_18_04.png,0.004369740374386311,0.8674999999999999
./Datasets/KADID10K/images/I25_18_05.png,0.002345350570976734,0.6825
./Datasets/KADID10K/images/I25_19_01.png,0.020771220326423645,0.9424999999999999
./Datasets/KADID10K/images/I25_19_02.png,0.03949890658259392,0.8325
./Datasets/KADID10K/images/I25_19_03.png,0.061999913305044174,0.825
./Datasets/KADID10K/images/I25_19_04.png,0.10873069614171982,0.4075
./Datasets/KADID10K/images/I25_19_05.png,0.036703236401081085,0.1825
./Datasets/KADID10K/images/I25_20_01.png,0.018867898732423782,0.9075
./Datasets/KADID10K/images/I25_20_02.png,0.028914423659443855,0.7325
./Datasets/KADID10K/images/I25_20_03.png,0.03685413673520088,0.44999999999999996
./Datasets/KADID10K/images/I25_20_04.png,0.041471462696790695,0.6325
./Datasets/KADID10K/images/I25_20_05.png,0.07232481241226196,0.6
./Datasets/KADID10K/images/I25_21_01.png,0.04436260834336281,0.9075
./Datasets/KADID10K/images/I25_21_02.png,0.08136297762393951,0.75
./Datasets/KADID10K/images/I25_21_03.png,0.07875150442123413,0.6425
./Datasets/KADID10K/images/I25_21_04.png,0.0637674555182457,0.7575000000000001
./Datasets/KADID10K/images/I25_21_05.png,0.17597095668315887,0.39249999999999996
./Datasets/KADID10K/images/I25_22_01.png,0.06749970465898514,0.8925000000000001
./Datasets/KADID10K/images/I25_22_02.png,0.1279502809047699,0.8325
./Datasets/KADID10K/images/I25_22_03.png,0.19555194675922394,0.825
./Datasets/KADID10K/images/I25_22_04.png,0.2744339406490326,0.7175
./Datasets/KADID10K/images/I25_22_05.png,0.3235076665878296,0.44999999999999996
./Datasets/KADID10K/images/I25_23_01.png,0.012108471244573593,0.35750000000000004
./Datasets/KADID10K/images/I25_23_02.png,0.02677394635975361,0.3425
./Datasets/KADID10K/images/I25_23_03.png,0.02799460105597973,0.3075
./Datasets/KADID10K/images/I25_23_04.png,0.01976216770708561,0.2925
./Datasets/KADID10K/images/I25_23_05.png,0.06407231837511063,0.25
./Datasets/KADID10K/images/I25_24_01.png,0.00014640629524365067,0.75
./Datasets/KADID10K/images/I25_24_02.png,3.3090673241531476e-05,0.4075
./Datasets/KADID10K/images/I25_24_03.png,2.1816184016643092e-05,0.30000000000000004
./Datasets/KADID10K/images/I25_24_04.png,7.337607530644163e-05,0.14250000000000002
./Datasets/KADID10K/images/I25_24_05.png,0.0004045295063406229,0.0675
./Datasets/KADID10K/images/I25_25_01.png,0.00018158093735110015,0.6325
./Datasets/KADID10K/images/I25_25_02.png,0.0007534329197369516,0.7325
./Datasets/KADID10K/images/I25_25_03.png,0.002554890001192689,0.875
./Datasets/KADID10K/images/I25_25_04.png,0.03516757860779762,0.9175
./Datasets/KADID10K/images/I25_25_05.png,0.08065725117921829,0.6325
./Datasets/KADID10K/images/I26_01_01.png,0.00042440040851943195,0.935
./Datasets/KADID10K/images/I26_01_02.png,0.0056168390437960625,0.8574999999999999
./Datasets/KADID10K/images/I26_01_03.png,0.09815377742052078,0.4575
./Datasets/KADID10K/images/I26_01_04.png,0.31337475776672363,0.2
./Datasets/KADID10K/images/I26_01_05.png,0.6959014534950256,0.07500000000000001
./Datasets/KADID10K/images/I26_02_01.png,0.023338958621025085,0.7749999999999999
./Datasets/KADID10K/images/I26_02_02.png,0.14552998542785645,0.4175
./Datasets/KADID10K/images/I26_02_03.png,0.33794277906417847,0.25
./Datasets/KADID10K/images/I26_02_04.png,0.556792676448822,0.14250000000000002
./Datasets/KADID10K/images/I26_02_05.png,0.6277216076850891,0.0675
./Datasets/KADID10K/images/I26_03_01.png,0.00042440040851943195,0.9175
./Datasets/KADID10K/images/I26_03_02.png,0.01212952472269535,0.8325
./Datasets/KADID10K/images/I26_03_03.png,0.14423386752605438,0.5
./Datasets/KADID10K/images/I26_03_04.png,0.2269107699394226,0.3425
./Datasets/KADID10K/images/I26_03_05.png,0.2509704530239105,0.21750000000000003
./Datasets/KADID10K/images/I26_04_01.png,0.0009602541103959084,0.95
./Datasets/KADID10K/images/I26_04_02.png,0.0020198728889226913,0.5725
./Datasets/KADID10K/images/I26_04_03.png,0.0011735690059140325,0.475
./Datasets/KADID10K/images/I26_04_04.png,0.0008095391094684601,0.3325
./Datasets/KADID10K/images/I26_04_05.png,0.00043476681457832456,0.26749999999999996
./Datasets/KADID10K/images/I26_05_01.png,0.032260071486234665,0.8574999999999999
./Datasets/KADID10K/images/I26_05_02.png,0.08868510276079178,0.41000000000000003
./Datasets/KADID10K/images/I26_05_03.png,0.12705892324447632,0.14250000000000002
./Datasets/KADID10K/images/I26_05_04.png,0.12600590288639069,0.1925
./Datasets/KADID10K/images/I26_05_05.png,0.12742535769939423,0.1325
./Datasets/KADID10K/images/I26_06_01.png,0.00018086005002260208,0.8925000000000001
./Datasets/KADID10K/images/I26_06_02.png,0.00010725930769694969,0.8474999999999999
./Datasets/KADID10K/images/I26_06_03.png,4.598087980411947e-05,0.75
./Datasets/KADID10K/images/I26_06_04.png,6.134462751106184e-07,0.6325
./Datasets/KADID10K/images/I26_06_05.png,2.4668308924447047e-06,0.4
./Datasets/KADID10K/images/I26_07_01.png,0.0004691359354183078,0.4
./Datasets/KADID10K/images/I26_07_02.png,0.0023188884370028973,0.32499999999999996
./Datasets/KADID10K/images/I26_07_03.png,0.008164669387042522,0.36750000000000005
./Datasets/KADID10K/images/I26_07_04.png,0.015217306092381477,0.36750000000000005
./Datasets/KADID10K/images/I26_07_05.png,0.01386596355587244,0.4
./Datasets/KADID10K/images/I26_08_01.png,0.00042440040851943195,0.9175
./Datasets/KADID10K/images/I26_08_02.png,0.0016491384012624621,0.5925
./Datasets/KADID10K/images/I26_08_03.png,0.011369746178388596,0.6325
./Datasets/KADID10K/images/I26_08_04.png,0.058801621198654175,0.4325
./Datasets/KADID10K/images/I26_08_05.png,0.10767924040555954,0.1925
./Datasets/KADID10K/images/I26_09_01.png,0.004849255550652742,0.8925000000000001
./Datasets/KADID10K/images/I26_09_02.png,0.023170355707406998,0.9075
./Datasets/KADID10K/images/I26_09_03.png,0.08832456916570663,0.825
./Datasets/KADID10K/images/I26_09_04.png,0.42219290137290955,0.4175
./Datasets/KADID10K/images/I26_09_05.png,0.6863767504692078,0.14250000000000002
./Datasets/KADID10K/images/I26_10_01.png,0.01626858301460743,0.8999999999999999
./Datasets/KADID10K/images/I26_10_02.png,0.01833956688642502,0.7749999999999999
./Datasets/KADID10K/images/I26_10_03.png,0.08133506029844284,0.7325
./Datasets/KADID10K/images/I26_10_04.png,0.5402412414550781,0.38249999999999995
./Datasets/KADID10K/images/I26_10_05.png,0.7645416855812073,0.125
./Datasets/KADID10K/images/I26_11_01.png,0.006055655889213085,0.725
./Datasets/KADID10K/images/I26_11_02.png,0.01917109824717045,0.575
./Datasets/KADID10K/images/I26_11_03.png,0.04969179257750511,0.5675
./Datasets/KADID10K/images/I26_11_04.png,0.08122178167104721,0.44999999999999996
./Datasets/KADID10K/images/I26_11_05.png,0.1603349894285202,0.36750000000000005
./Datasets/KADID10K/images/I26_12_01.png,0.0008261166512966156,0.8825000000000001
./Datasets/KADID10K/images/I26_12_02.png,0.008967586793005466,0.6925
./Datasets/KADID10K/images/I26_12_03.png,0.04317726567387581,0.475
./Datasets/KADID10K/images/I26_12_04.png,0.07502621412277222,0.44999999999999996
./Datasets/KADID10K/images/I26_12_05.png,0.15018834173679352,0.32499999999999996
./Datasets/KADID10K/images/I26_13_01.png,0.0012682393426075578,0.6
./Datasets/KADID10K/images/I26_13_02.png,0.003176515456289053,0.475
./Datasets/KADID10K/images/I26_13_03.png,0.0010452598799020052,0.4325
./Datasets/KADID10K/images/I26_13_04.png,0.004880174063146114,0.3225
./Datasets/KADID10K/images/I26_13_05.png,0.04900779202580452,0.32499999999999996
./Datasets/KADID10K/images/I26_14_01.png,0.00032698988798074424,0.9175
./Datasets/KADID10K/images/I26_14_02.png,0.0019029212417080998,0.71
./Datasets/KADID10K/images/I26_14_03.png,0.006569155026227236,0.5075
./Datasets/KADID10K/images/I26_14_04.png,0.016502177342772484,0.4325
./Datasets/KADID10K/images/I26_14_05.png,0.09825637191534042,0.3075
./Datasets/KADID10K/images/I26_15_01.png,0.12368299067020416,0.7175
./Datasets/KADID10K/images/I26_15_02.png,0.30769258737564087,0.6075
./Datasets/KADID10K/images/I26_15_03.png,0.36782339215278625,0.375
./Datasets/KADID10K/images/I26_15_04.png,0.5506419539451599,0.26749999999999996
./Datasets/KADID10K/images/I26_15_05.png,0.6222467422485352,0.1175
./Datasets/KADID10K/images/I26_16_01.png,0.00047459002234973013,0.9575
./Datasets/KADID10K/images/I26_16_02.png,0.000498673936817795,0.825
./Datasets/KADID10K/images/I26_16_03.png,0.00031919474713504314,0.6425
./Datasets/KADID10K/images/I26_16_04.png,0.00021506297343876213,0.48250000000000004
./Datasets/KADID10K/images/I26_16_05.png,0.00206465064547956,0.2425
./Datasets/KADID10K/images/I26_17_01.png,0.00041843633516691625,0.875
./Datasets/KADID10K/images/I26_17_02.png,0.00033120220177806914,0.8425
./Datasets/KADID10K/images/I26_17_03.png,0.00023538841924164444,0.75
./Datasets/KADID10K/images/I26_17_04.png,5.5092481488827616e-05,0.5925
./Datasets/KADID10K/images/I26_17_05.png,9.330185275757685e-05,0.1925
./Datasets/KADID10K/images/I26_18_01.png,9.018926357384771e-05,0.875
./Datasets/KADID10K/images/I26_18_02.png,0.00017662887694314122,0.8925000000000001
./Datasets/KADID10K/images/I26_18_03.png,0.00042440040851943195,0.935
./Datasets/KADID10K/images/I26_18_04.png,9.670989675214514e-05,0.8075000000000001
./Datasets/KADID10K/images/I26_18_05.png,3.899104194715619e-05,0.7175
./Datasets/KADID10K/images/I26_19_01.png,0.0028451529797166586,0.8174999999999999
./Datasets/KADID10K/images/I26_19_02.png,0.014166370965540409,0.65
./Datasets/KADID10K/images/I26_19_03.png,0.06795694679021835,0.4675
./Datasets/KADID10K/images/I26_19_04.png,0.23327766358852386,0.1925
./Datasets/KADID10K/images/I26_19_05.png,0.23008795082569122,0.025000000000000022
./Datasets/KADID10K/images/I26_20_01.png,0.0005467525916174054,0.8075000000000001
./Datasets/KADID10K/images/I26_20_02.png,0.0008752071298658848,0.725
./Datasets/KADID10K/images/I26_20_03.png,0.002024291781708598,0.8
./Datasets/KADID10K/images/I26_20_04.png,0.0014824244426563382,0.7175
./Datasets/KADID10K/images/I26_20_05.png,0.004710888955742121,0.6425
./Datasets/KADID10K/images/I26_21_01.png,0.0018198738107457757,0.525
./Datasets/KADID10K/images/I26_21_02.png,0.0053892554715275764,0.39249999999999996
./Datasets/KADID10K/images/I26_21_03.png,0.03108384646475315,0.35750000000000004
./Datasets/KADID10K/images/I26_21_04.png,0.0779588371515274,0.39249999999999996
./Datasets/KADID10K/images/I26_21_05.png,0.406538188457489,0.10749999999999998
./Datasets/KADID10K/images/I26_22_01.png,0.0002354582102270797,0.8374999999999999
./Datasets/KADID10K/images/I26_22_02.png,0.0003756800724659115,0.8674999999999999
./Datasets/KADID10K/images/I26_22_03.png,0.0002638428413774818,0.75
./Datasets/KADID10K/images/I26_22_04.png,0.0003392643993720412,0.7
./Datasets/KADID10K/images/I26_22_05.png,0.003151187440380454,0.375
./Datasets/KADID10K/images/I26_23_01.png,0.0004691759531851858,0.36750000000000005
./Datasets/KADID10K/images/I26_23_02.png,0.001440189080312848,0.30000000000000004
./Datasets/KADID10K/images/I26_23_03.png,0.0013604977866634727,0.4175
./Datasets/KADID10K/images/I26_23_04.png,0.005752937868237495,0.38249999999999995
./Datasets/KADID10K/images/I26_23_05.png,0.003958733752369881,0.2
./Datasets/KADID10K/images/I26_24_01.png,3.667456621769816e-05,0.65
./Datasets/KADID10K/images/I26_24_02.png,4.701287252828479e-05,0.4525
./Datasets/KADID10K/images/I26_24_03.png,0.00011268696835031733,0.30000000000000004
./Datasets/KADID10K/images/I26_24_04.png,0.00036984376492910087,0.1325
./Datasets/KADID10K/images/I26_24_05.png,0.0020980641711503267,0.10749999999999998
./Datasets/KADID10K/images/I26_25_01.png,5.7100637604889926e-06,0.5175
./Datasets/KADID10K/images/I26_25_02.png,1.4365834431373514e-05,0.675
./Datasets/KADID10K/images/I26_25_03.png,7.207954331533983e-05,0.8425
./Datasets/KADID10K/images/I26_25_04.png,0.0016017922898754478,0.75
./Datasets/KADID10K/images/I26_25_05.png,0.0073911105282604694,0.5075
./Datasets/KADID10K/images/I27_01_01.png,0.038577694445848465,0.8825000000000001
./Datasets/KADID10K/images/I27_01_02.png,0.1228005513548851,0.7925
./Datasets/KADID10K/images/I27_01_03.png,0.327107310295105,0.35
./Datasets/KADID10K/images/I27_01_04.png,0.48544976115226746,0.16749999999999998
./Datasets/KADID10K/images/I27_01_05.png,0.7450956106185913,0.04999999999999999
./Datasets/KADID10K/images/I27_02_01.png,0.2344294637441635,0.6325
./Datasets/KADID10K/images/I27_02_02.png,0.35394132137298584,0.275
./Datasets/KADID10K/images/I27_02_03.png,0.5166491270065308,0.175
./Datasets/KADID10K/images/I27_02_04.png,0.6358797550201416,0.08250000000000002
./Datasets/KADID10K/images/I27_02_05.png,0.6903756856918335,0.04249999999999998
./Datasets/KADID10K/images/I27_03_01.png,0.038577694445848465,0.8500000000000001
./Datasets/KADID10K/images/I27_03_02.png,0.18763130903244019,0.5675
./Datasets/KADID10K/images/I27_03_03.png,0.3261353373527527,0.375
./Datasets/KADID10K/images/I27_03_04.png,0.35552650690078735,0.125
./Datasets/KADID10K/images/I27_03_05.png,0.38512104749679565,0.16749999999999998
./Datasets/KADID10K/images/I27_04_01.png,0.035226188600063324,0.7749999999999999
./Datasets/KADID10K/images/I27_04_02.png,0.0479353666305542,0.3175
./Datasets/KADID10K/images/I27_04_03.png,0.0412101075053215,0.1925
./Datasets/KADID10K/images/I27_04_04.png,0.0654936134815216,0.04249999999999998
./Datasets/KADID10K/images/I27_04_05.png,0.0840284675359726,0.0675
./Datasets/KADID10K/images/I27_05_01.png,0.14190299808979034,0.75
./Datasets/KADID10K/images/I27_05_02.png,0.3102940320968628,0.23249999999999998
./Datasets/KADID10K/images/I27_05_03.png,0.35643741488456726,0.14250000000000002
./Datasets/KADID10K/images/I27_05_04.png,0.3652982711791992,0.15749999999999997
./Datasets/KADID10K/images/I27_05_05.png,0.3336602747440338,0.09250000000000003
./Datasets/KADID10K/images/I27_06_01.png,0.003830681787803769,0.8425
./Datasets/KADID10K/images/I27_06_02.png,0.0022124662064015865,0.7749999999999999
./Datasets/KADID10K/images/I27_06_03.png,0.002066569169983268,0.6325
./Datasets/KADID10K/images/I27_06_04.png,0.0015673439484089613,0.5425
./Datasets/KADID10K/images/I27_06_05.png,0.000701160344760865,0.2925
./Datasets/KADID10K/images/I27_07_01.png,0.057597577571868896,0.35
./Datasets/KADID10K/images/I27_07_02.png,0.08918272703886032,0.25
./Datasets/KADID10K/images/I27_07_03.png,0.13205310702323914,0.16749999999999998
./Datasets/KADID10K/images/I27_07_04.png,0.19021907448768616,0.25
./Datasets/KADID10K/images/I27_07_05.png,0.30736449360847473,0.175
./Datasets/KADID10K/images/I27_08_01.png,0.038577694445848465,0.8574999999999999
./Datasets/KADID10K/images/I27_08_02.png,0.08024551719427109,0.5325
./Datasets/KADID10K/images/I27_08_03.png,0.14180505275726318,0.3325
./Datasets/KADID10K/images/I27_08_04.png,0.2389327883720398,0.125
./Datasets/KADID10K/images/I27_08_05.png,0.3105134963989258,0.125
./Datasets/KADID10K/images/I27_09_01.png,0.06879797577857971,0.8674999999999999
./Datasets/KADID10K/images/I27_09_02.png,0.10725872963666916,0.8075000000000001
./Datasets/KADID10K/images/I27_09_03.png,0.14739835262298584,0.8174999999999999
./Datasets/KADID10K/images/I27_09_04.png,0.3646237254142761,0.3425
./Datasets/KADID10K/images/I27_09_05.png,0.7038966417312622,0.04249999999999998
./Datasets/KADID10K/images/I27_10_01.png,0.1760311871767044,0.7425
./Datasets/KADID10K/images/I27_10_02.png,0.19533129036426544,0.725
./Datasets/KADID10K/images/I27_10_03.png,0.2579570710659027,0.6425
./Datasets/KADID10K/images/I27_10_04.png,0.6860208511352539,0.16749999999999998
./Datasets/KADID10K/images/I27_10_05.png,0.8371511697769165,0.1175
./Datasets/KADID10K/images/I27_11_01.png,0.1304507702589035,0.5575
./Datasets/KADID10K/images/I27_11_02.png,0.1766590178012848,0.5
./Datasets/KADID10K/images/I27_11_03.png,0.22813870012760162,0.4075
./Datasets/KADID10K/images/I27_11_04.png,0.2639411687850952,0.3325
./Datasets/KADID10K/images/I27_11_05.png,0.3421134650707245,0.21750000000000003
./Datasets/KADID10K/images/I27_12_01.png,0.06596224755048752,0.8075000000000001
./Datasets/KADID10K/images/I27_12_02.png,0.15420429408550262,0.55
./Datasets/KADID10K/images/I27_12_03.png,0.24389560520648956,0.4075
./Datasets/KADID10K/images/I27_12_04.png,0.30276140570640564,0.32499999999999996
./Datasets/KADID10K/images/I27_12_05.png,0.33700069785118103,0.2425
./Datasets/KADID10K/images/I27_13_01.png,0.0047864411026239395,0.6825
./Datasets/KADID10K/images/I27_13_02.png,0.009656303562223911,0.5
./Datasets/KADID10K/images/I27_13_03.png,0.05449213460087776,0.4075
./Datasets/KADID10K/images/I27_13_04.png,0.17300650477409363,0.32499999999999996
./Datasets/KADID10K/images/I27_13_05.png,0.292648583650589,0.275
./Datasets/KADID10K/images/I27_14_01.png,0.0759173333644867,0.6675
./Datasets/KADID10K/images/I27_14_02.png,0.17117150127887726,0.49250000000000005
./Datasets/KADID10K/images/I27_14_03.png,0.2398056834936142,0.29000000000000004
./Datasets/KADID10K/images/I27_14_04.png,0.2982558310031891,0.275
./Datasets/KADID10K/images/I27_14_05.png,0.4684061110019684,0.15749999999999997
./Datasets/KADID10K/images/I27_15_01.png,0.31614023447036743,0.6925
./Datasets/KADID10K/images/I27_15_02.png,0.45627883076667786,0.35
./Datasets/KADID10K/images/I27_15_03.png,0.5033204555511475,0.2825
./Datasets/KADID10K/images/I27_15_04.png,0.6145188212394714,0.1925
./Datasets/KADID10K/images/I27_15_05.png,0.6446331143379211,0.13
./Datasets/KADID10K/images/I27_16_01.png,0.04753243550658226,0.8174999999999999
./Datasets/KADID10K/images/I27_16_02.png,0.05210608243942261,0.675
./Datasets/KADID10K/images/I27_16_03.png,0.05921924486756325,0.4425
./Datasets/KADID10K/images/I27_16_04.png,0.0485105887055397,0.2
./Datasets/KADID10K/images/I27_16_05.png,0.10883060097694397,0.1175
./Datasets/KADID10K/images/I27_17_01.png,0.03359045088291168,0.8925000000000001
./Datasets/KADID10K/images/I27_17_02.png,0.030445219948887825,0.8574999999999999
./Datasets/KADID10K/images/I27_17_03.png,0.021550917997956276,0.7425
./Datasets/KADID10K/images/I27_17_04.png,0.009960136376321316,0.7
./Datasets/KADID10K/images/I27_17_05.png,0.001397210406139493,0.5575
./Datasets/KADID10K/images/I27_18_01.png,0.0137788699939847,0.65
./Datasets/KADID10K/images/I27_18_02.png,0.02153513766825199,0.7575000000000001
./Datasets/KADID10K/images/I27_18_03.png,0.038577694445848465,0.8925000000000001
./Datasets/KADID10K/images/I27_18_04.png,0.01804525963962078,0.8825000000000001
./Datasets/KADID10K/images/I27_18_05.png,0.008259671740233898,0.7575000000000001
./Datasets/KADID10K/images/I27_19_01.png,0.09559754282236099,0.7575000000000001
./Datasets/KADID10K/images/I27_19_02.png,0.1922963410615921,0.7
./Datasets/KADID10K/images/I27_19_03.png,0.2807684540748596,0.375
./Datasets/KADID10K/images/I27_19_04.png,0.3986126184463501,0.1325
./Datasets/KADID10K/images/I27_19_05.png,0.43577274680137634,0.025000000000000022
./Datasets/KADID10K/images/I27_20_01.png,0.0336824394762516,0.8825000000000001
./Datasets/KADID10K/images/I27_20_02.png,0.04227549955248833,0.4425
./Datasets/KADID10K/images/I27_20_03.png,0.0496339313685894,0.6175
./Datasets/KADID10K/images/I27_20_04.png,0.0575513020157814,0.3075
./Datasets/KADID10K/images/I27_20_05.png,0.06225807964801788,0.36750000000000005
./Datasets/KADID10K/images/I27_21_01.png,0.061827946454286575,0.6175
./Datasets/KADID10K/images/I27_21_02.png,0.10020194947719574,0.2825
./Datasets/KADID10K/images/I27_21_03.png,0.19951489567756653,0.3425
./Datasets/KADID10K/images/I27_21_04.png,0.26482322812080383,0.21000000000000002
./Datasets/KADID10K/images/I27_21_05.png,0.43511417508125305,0.04249999999999998
./Datasets/KADID10K/images/I27_22_01.png,0.1011643260717392,0.725
./Datasets/KADID10K/images/I27_22_02.png,0.10911866277456284,0.675
./Datasets/KADID10K/images/I27_22_03.png,0.13597659766674042,0.6
./Datasets/KADID10K/images/I27_22_04.png,0.10991151630878448,0.30000000000000004
./Datasets/KADID10K/images/I27_22_05.png,0.14649666845798492,0.2425
./Datasets/KADID10K/images/I27_23_01.png,0.044195424765348434,0.38249999999999995
./Datasets/KADID10K/images/I27_23_02.png,0.07022275030612946,0.35
./Datasets/KADID10K/images/I27_23_03.png,0.04433317855000496,0.36750000000000005
./Datasets/KADID10K/images/I27_23_04.png,0.051282092928886414,0.3325
./Datasets/KADID10K/images/I27_23_05.png,0.09801282733678818,0.2825
./Datasets/KADID10K/images/I27_24_01.png,0.004020757041871548,0.4575
./Datasets/KADID10K/images/I27_24_02.png,0.002764044562354684,0.275
./Datasets/KADID10K/images/I27_24_03.png,0.005061148200184107,0.16749999999999998
./Datasets/KADID10K/images/I27_24_04.png,0.022531243041157722,0.09250000000000003
./Datasets/KADID10K/images/I27_24_05.png,0.08794905245304108,0.03249999999999997
./Datasets/KADID10K/images/I27_25_01.png,0.0027222430799156427,0.5575
./Datasets/KADID10K/images/I27_25_02.png,0.006577936466783285,0.6825
./Datasets/KADID10K/images/I27_25_03.png,0.017112107947468758,0.7575000000000001
./Datasets/KADID10K/images/I27_25_04.png,0.07856187969446182,0.75
./Datasets/KADID10K/images/I27_25_05.png,0.14437487721443176,0.5175
./Datasets/KADID10K/images/I28_01_01.png,0.0965045690536499,0.8925000000000001
./Datasets/KADID10K/images/I28_01_02.png,0.1753017008304596,0.9199999999999999
./Datasets/KADID10K/images/I28_01_03.png,0.2904384732246399,0.75
./Datasets/KADID10K/images/I28_01_04.png,0.4174761176109314,0.2975
./Datasets/KADID10K/images/I28_01_05.png,0.6937549114227295,0.09250000000000003
./Datasets/KADID10K/images/I28_02_01.png,0.23870724439620972,0.8075000000000001
./Datasets/KADID10K/images/I28_02_02.png,0.30969831347465515,0.55
./Datasets/KADID10K/images/I28_02_03.png,0.4438159465789795,0.23249999999999998
./Datasets/KADID10K/images/I28_02_04.png,0.5906866788864136,0.16749999999999998
./Datasets/KADID10K/images/I28_02_05.png,0.6601788997650146,0.14250000000000002
./Datasets/KADID10K/images/I28_03_01.png,0.0965045690536499,0.8674999999999999
./Datasets/KADID10K/images/I28_03_02.png,0.185122549533844,0.8574999999999999
./Datasets/KADID10K/images/I28_03_03.png,0.27940014004707336,0.725
./Datasets/KADID10K/images/I28_03_04.png,0.2961542308330536,0.4325
./Datasets/KADID10K/images/I28_03_05.png,0.40610432624816895,0.2925
./Datasets/KADID10K/images/I28_04_01.png,0.08422746509313583,0.7925
./Datasets/KADID10K/images/I28_04_02.png,0.07971363514661789,0.35750000000000004
./Datasets/KADID10K/images/I28_04_03.png,0.07223261147737503,0.125
./Datasets/KADID10K/images/I28_04_04.png,0.07092094421386719,0.08250000000000002
./Datasets/KADID10K/images/I28_04_05.png,0.10481437295675278,0.017500000000000016
./Datasets/KADID10K/images/I28_05_01.png,0.14962847530841827,0.8325
./Datasets/KADID10K/images/I28_05_02.png,0.1804083287715912,0.5675
./Datasets/KADID10K/images/I28_05_03.png,0.21371082961559296,0.6075
./Datasets/KADID10K/images/I28_05_04.png,0.21703821420669556,0.525
./Datasets/KADID10K/images/I28_05_05.png,0.21034912765026093,0.5
./Datasets/KADID10K/images/I28_06_01.png,0.007582374382764101,0.6825
./Datasets/KADID10K/images/I28_06_02.png,0.004814209882169962,0.65
./Datasets/KADID10K/images/I28_06_03.png,0.0014130480121821165,0.6375
./Datasets/KADID10K/images/I28_06_04.png,6.317110091913491e-05,0.6
./Datasets/KADID10K/images/I28_06_05.png,5.693821549357381e-06,0.36750000000000005
./Datasets/KADID10K/images/I28_07_01.png,0.09330672770738602,0.36750000000000005
./Datasets/KADID10K/images/I28_07_02.png,0.08637287467718124,0.35
./Datasets/KADID10K/images/I28_07_03.png,0.13291442394256592,0.23249999999999998
./Datasets/KADID10K/images/I28_07_04.png,0.1264333724975586,0.21750000000000003
./Datasets/KADID10K/images/I28_07_05.png,0.19230784475803375,0.25
./Datasets/KADID10K/images/I28_08_01.png,0.0965045690536499,0.9325000000000001
./Datasets/KADID10K/images/I28_08_02.png,0.15361906588077545,0.6325
./Datasets/KADID10K/images/I28_08_03.png,0.11046186834573746,0.36750000000000005
./Datasets/KADID10K/images/I28_08_04.png,0.06942785531282425,0.14250000000000002
./Datasets/KADID10K/images/I28_08_05.png,0.03723806142807007,0.09999999999999998
./Datasets/KADID10K/images/I28_09_01.png,0.20298846065998077,0.8500000000000001
./Datasets/KADID10K/images/I28_09_02.png,0.24342352151870728,0.8075000000000001
./Datasets/KADID10K/images/I28_09_03.png,0.3283761441707611,0.8674999999999999
./Datasets/KADID10K/images/I28_09_04.png,0.4854307174682617,0.5
./Datasets/KADID10K/images/I28_09_05.png,0.6684579849243164,0.09999999999999998
./Datasets/KADID10K/images/I28_10_01.png,0.19007635116577148,0.8075000000000001
./Datasets/KADID10K/images/I28_10_02.png,0.23671522736549377,0.7825
./Datasets/KADID10K/images/I28_10_03.png,0.2985413074493408,0.7
./Datasets/KADID10K/images/I28_10_04.png,0.5527710318565369,0.25749999999999995
./Datasets/KADID10K/images/I28_10_05.png,0.7905282378196716,0.07500000000000001
./Datasets/KADID10K/images/I28_11_01.png,0.15442250669002533,0.7749999999999999
./Datasets/KADID10K/images/I28_11_02.png,0.1875195950269699,0.6175
./Datasets/KADID10K/images/I28_11_03.png,0.17391018569469452,0.48250000000000004
./Datasets/KADID10K/images/I28_11_04.png,0.20227688550949097,0.42500000000000004
./Datasets/KADID10K/images/I28_11_05.png,0.28856492042541504,0.3325
./Datasets/KADID10K/images/I28_12_01.png,0.10700967907905579,0.8674999999999999
./Datasets/KADID10K/images/I28_12_02.png,0.1529470980167389,0.65
./Datasets/KADID10K/images/I28_12_03.png,0.17958056926727295,0.55
./Datasets/KADID10K/images/I28_12_04.png,0.20878256857395172,0.4175
./Datasets/KADID10K/images/I28_12_05.png,0.22728151082992554,0.375
./Datasets/KADID10K/images/I28_13_01.png,0.0007871403358876705,0.5325
./Datasets/KADID10K/images/I28_13_02.png,1.8486860426492058e-05,0.4575
./Datasets/KADID10K/images/I28_13_03.png,1.1741348089344683e-06,0.4
./Datasets/KADID10K/images/I28_13_04.png,3.4848021641664673e-06,0.2425
./Datasets/KADID10K/images/I28_13_05.png,0.00035197188844904304,0.2925
./Datasets/KADID10K/images/I28_14_01.png,0.09110584855079651,0.8925000000000001
./Datasets/KADID10K/images/I28_14_02.png,0.0890430361032486,0.7425
./Datasets/KADID10K/images/I28_14_03.png,0.1045152097940445,0.5925
./Datasets/KADID10K/images/I28_14_04.png,0.11550401151180267,0.4325
./Datasets/KADID10K/images/I28_14_05.png,0.07283542305231094,0.35750000000000004
./Datasets/KADID10K/images/I28_15_01.png,0.18054381012916565,0.6325
./Datasets/KADID10K/images/I28_15_02.png,0.2911636233329773,0.5325
./Datasets/KADID10K/images/I28_15_03.png,0.3764520585536957,0.3175
./Datasets/KADID10K/images/I28_15_04.png,0.5606598854064941,0.1925
./Datasets/KADID10K/images/I28_15_05.png,0.6335060596466064,0.14250000000000002
./Datasets/KADID10K/images/I28_16_01.png,0.10327763855457306,0.9075
./Datasets/KADID10K/images/I28_16_02.png,0.10946134477853775,0.8825000000000001
./Datasets/KADID10K/images/I28_16_03.png,0.10366132855415344,0.8075000000000001
./Datasets/KADID10K/images/I28_16_04.png,0.0633329525589943,0.525
./Datasets/KADID10K/images/I28_16_05.png,0.07951577752828598,0.32499999999999996
./Datasets/KADID10K/images/I28_17_01.png,0.09030310809612274,0.9424999999999999
./Datasets/KADID10K/images/I28_17_02.png,0.08664718270301819,0.8925000000000001
./Datasets/KADID10K/images/I28_17_03.png,0.07847555726766586,0.8
./Datasets/KADID10K/images/I28_17_04.png,0.07238037139177322,0.6325
./Datasets/KADID10K/images/I28_17_05.png,0.08001735806465149,0.25
./Datasets/KADID10K/images/I28_18_01.png,0.0508149117231369,0.8425
./Datasets/KADID10K/images/I28_18_02.png,0.06266431510448456,0.8999999999999999
./Datasets/KADID10K/images/I28_18_03.png,0.0965045690536499,0.8075000000000001
./Datasets/KADID10K/images/I28_18_04.png,0.05022105202078819,0.8825000000000001
./Datasets/KADID10K/images/I28_18_05.png,0.03570794686675072,0.8075000000000001
./Datasets/KADID10K/images/I28_19_01.png,0.1619436889886856,0.875
./Datasets/KADID10K/images/I28_19_02.png,0.16346554458141327,0.8574999999999999
./Datasets/KADID10K/images/I28_19_03.png,0.2954508066177368,0.6925
./Datasets/KADID10K/images/I28_19_04.png,0.3196219205856323,0.3075
./Datasets/KADID10K/images/I28_19_05.png,0.2751169204711914,0.1325
./Datasets/KADID10K/images/I28_20_01.png,0.09208034723997116,0.8075000000000001
./Datasets/KADID10K/images/I28_20_02.png,0.09283962845802307,0.625
./Datasets/KADID10K/images/I28_20_03.png,0.10771182179450989,0.5925
./Datasets/KADID10K/images/I28_20_04.png,0.12673257291316986,0.5325
./Datasets/KADID10K/images/I28_20_05.png,0.13015131652355194,0.48250000000000004
./Datasets/KADID10K/images/I28_21_01.png,0.09042026102542877,0.75
./Datasets/KADID10K/images/I28_21_02.png,0.1241593062877655,0.6425
./Datasets/KADID10K/images/I28_21_03.png,0.15937849879264832,0.5575
./Datasets/KADID10K/images/I28_21_04.png,0.18387167155742645,0.5175
./Datasets/KADID10K/images/I28_21_05.png,0.23343567550182343,0.1925
./Datasets/KADID10K/images/I28_22_01.png,0.028395172208547592,0.8
./Datasets/KADID10K/images/I28_22_02.png,0.057039737701416016,0.6325
./Datasets/KADID10K/images/I28_22_03.png,0.06754016131162643,0.6675
./Datasets/KADID10K/images/I28_22_04.png,0.1549021601676941,0.48250000000000004
./Datasets/KADID10K/images/I28_22_05.png,0.21589048206806183,0.32499999999999996
./Datasets/KADID10K/images/I28_23_01.png,0.10427107661962509,0.575
./Datasets/KADID10K/images/I28_23_02.png,0.15348750352859497,0.25749999999999995
./Datasets/KADID10K/images/I28_23_03.png,0.16276104748249054,0.4225
./Datasets/KADID10K/images/I28_23_04.png,0.12288586795330048,0.3175
./Datasets/KADID10K/images/I28_23_05.png,0.203593909740448,0.25749999999999995
./Datasets/KADID10K/images/I28_24_01.png,0.00811298843473196,0.8
./Datasets/KADID10K/images/I28_24_02.png,0.007150306832045317,0.5
./Datasets/KADID10K/images/I28_24_03.png,0.008794362656772137,0.4675
./Datasets/KADID10K/images/I28_24_04.png,0.01287319790571928,0.2825
./Datasets/KADID10K/images/I28_24_05.png,0.016288910061120987,0.15000000000000002
./Datasets/KADID10K/images/I28_25_01.png,0.009271885268390179,0.62
./Datasets/KADID10K/images/I28_25_02.png,0.02089403197169304,0.7825
./Datasets/KADID10K/images/I28_25_03.png,0.048397839069366455,0.8574999999999999
./Datasets/KADID10K/images/I28_25_04.png,0.15008172392845154,0.8500000000000001
./Datasets/KADID10K/images/I28_25_05.png,0.2077692598104477,0.6825
./Datasets/KADID10K/images/I29_01_01.png,0.0003056448185816407,0.9325000000000001
./Datasets/KADID10K/images/I29_01_02.png,0.0029394233133643866,0.8500000000000001
./Datasets/KADID10K/images/I29_01_03.png,0.13291938602924347,0.6175
./Datasets/KADID10K/images/I29_01_04.png,0.42665377259254456,0.21750000000000003
./Datasets/KADID10K/images/I29_01_05.png,0.8548870086669922,0.057499999999999996
./Datasets/KADID10K/images/I29_02_01.png,0.01825713738799095,0.8
./Datasets/KADID10K/images/I29_02_02.png,0.19890739023685455,0.5325
./Datasets/KADID10K/images/I29_02_03.png,0.4469134211540222,0.1825
./Datasets/KADID10K/images/I29_02_04.png,0.6512806415557861,0.08250000000000002
./Datasets/KADID10K/images/I29_02_05.png,0.7870029807090759,0.04249999999999998
./Datasets/KADID10K/images/I29_03_01.png,0.0003056448185816407,0.9424999999999999
./Datasets/KADID10K/images/I29_03_02.png,0.004640671890228987,0.8500000000000001
./Datasets/KADID10K/images/I29_03_03.png,0.1030845046043396,0.625
./Datasets/KADID10K/images/I29_03_04.png,0.2817487120628357,0.3325
./Datasets/KADID10K/images/I29_03_05.png,0.43423670530319214,0.25749999999999995
./Datasets/KADID10K/images/I29_04_01.png,0.0010760321747511625,0.875
./Datasets/KADID10K/images/I29_04_02.png,0.010925248265266418,0.2425
./Datasets/KADID10K/images/I29_04_03.png,0.07460082322359085,0.0675
./Datasets/KADID10K/images/I29_04_04.png,0.06704368442296982,0.04249999999999998
./Datasets/KADID10K/images/I29_04_05.png,0.0811225175857544,0.007500000000000007
./Datasets/KADID10K/images/I29_05_01.png,0.010890075005590916,0.7825
./Datasets/KADID10K/images/I29_05_02.png,0.052529655396938324,0.4675
./Datasets/KADID10K/images/I29_05_03.png,0.19478225708007812,0.1825
./Datasets/KADID10K/images/I29_05_04.png,0.11323301494121552,0.14250000000000002
./Datasets/KADID10K/images/I29_05_05.png,0.18685197830200195,0.15749999999999997
./Datasets/KADID10K/images/I29_06_01.png,0.0005432387115433812,0.7075
./Datasets/KADID10K/images/I29_06_02.png,0.0010395373683422804,0.6175
./Datasets/KADID10K/images/I29_06_03.png,0.0016799985896795988,0.6175
./Datasets/KADID10K/images/I29_06_04.png,0.0016336622647941113,0.525
./Datasets/KADID10K/images/I29_06_05.png,0.00035555081558413804,0.4675
./Datasets/KADID10K/images/I29_07_01.png,0.011708708480000496,0.4
./Datasets/KADID10K/images/I29_07_02.png,0.03514321893453598,0.30000000000000004
./Datasets/KADID10K/images/I29_07_03.png,0.06026564911007881,0.3425
./Datasets/KADID10K/images/I29_07_04.png,0.06538616120815277,0.35750000000000004
./Datasets/KADID10K/images/I29_07_05.png,0.0343092679977417,0.23249999999999998
./Datasets/KADID10K/images/I29_08_01.png,0.0003056448185816407,0.8925000000000001
./Datasets/KADID10K/images/I29_08_02.png,0.0005942887510173023,0.4425
./Datasets/KADID10K/images/I29_08_03.png,0.012752648442983627,0.23249999999999998
./Datasets/KADID10K/images/I29_08_04.png,0.1287660151720047,0.07500000000000001
./Datasets/KADID10K/images/I29_08_05.png,0.22293947637081146,0.03249999999999997
./Datasets/KADID10K/images/I29_09_01.png,0.00060131901409477,0.9175
./Datasets/KADID10K/images/I29_09_02.png,0.004666878841817379,0.9424999999999999
./Datasets/KADID10K/images/I29_09_03.png,0.014191331341862679,0.8925000000000001
./Datasets/KADID10K/images/I29_09_04.png,0.2698265314102173,0.8075000000000001
./Datasets/KADID10K/images/I29_09_05.png,0.5924820303916931,0.4325
./Datasets/KADID10K/images/I29_10_01.png,0.04525137320160866,0.8825000000000001
./Datasets/KADID10K/images/I29_10_02.png,0.08275903761386871,0.8325
./Datasets/KADID10K/images/I29_10_03.png,0.24096713960170746,0.6575
./Datasets/KADID10K/images/I29_10_04.png,0.673247754573822,0.25
./Datasets/KADID10K/images/I29_10_05.png,0.7506938576698303,0.07500000000000001
./Datasets/KADID10K/images/I29_11_01.png,0.050098732113838196,0.7
./Datasets/KADID10K/images/I29_11_02.png,0.19504152238368988,0.5925
./Datasets/KADID10K/images/I29_11_03.png,0.276190847158432,0.55
./Datasets/KADID10K/images/I29_11_04.png,0.36953216791152954,0.475
./Datasets/KADID10K/images/I29_11_05.png,0.43475139141082764,0.3425
./Datasets/KADID10K/images/I29_12_01.png,0.00515448534861207,0.8925000000000001
./Datasets/KADID10K/images/I29_12_02.png,0.15624763071537018,0.7175
./Datasets/KADID10K/images/I29_12_03.png,0.28603658080101013,0.5825
./Datasets/KADID10K/images/I29_12_04.png,0.34445875883102417,0.4175
./Datasets/KADID10K/images/I29_12_05.png,0.39572107791900635,0.3075
./Datasets/KADID10K/images/I29_13_01.png,0.0007225481094792485,0.5575
./Datasets/KADID10K/images/I29_13_02.png,4.8561752919340506e-05,0.4575
./Datasets/KADID10K/images/I29_13_03.png,0.0008011967875063419,0.4075
./Datasets/KADID10K/images/I29_13_04.png,0.01938638836145401,0.3175
./Datasets/KADID10K/images/I29_13_05.png,0.220440074801445,0.26749999999999996
./Datasets/KADID10K/images/I29_14_01.png,0.0006525328499265015,0.9075
./Datasets/KADID10K/images/I29_14_02.png,0.009371645748615265,0.8574999999999999
./Datasets/KADID10K/images/I29_14_03.png,0.07570338249206543,0.675
./Datasets/KADID10K/images/I29_14_04.png,0.2027871459722519,0.5175
./Datasets/KADID10K/images/I29_14_05.png,0.3364706337451935,0.2925
./Datasets/KADID10K/images/I29_15_01.png,0.4039428234100342,0.7175
./Datasets/KADID10K/images/I29_15_02.png,0.4711224138736725,0.4325
./Datasets/KADID10K/images/I29_15_03.png,0.4990227222442627,0.32499999999999996
./Datasets/KADID10K/images/I29_15_04.png,0.5691146850585938,0.16749999999999998
./Datasets/KADID10K/images/I29_15_05.png,0.6016231775283813,0.14500000000000002
./Datasets/KADID10K/images/I29_16_01.png,0.0002848561271093786,0.8999999999999999
./Datasets/KADID10K/images/I29_16_02.png,0.0001669092889642343,0.8500000000000001
./Datasets/KADID10K/images/I29_16_03.png,0.00022702733986079693,0.6425
./Datasets/KADID10K/images/I29_16_04.png,0.000288119277684018,0.49250000000000005
./Datasets/KADID10K/images/I29_16_05.png,0.001683659851551056,0.21750000000000003
./Datasets/KADID10K/images/I29_17_01.png,0.000205401360290125,0.9424999999999999
./Datasets/KADID10K/images/I29_17_02.png,0.00014624514733441174,0.8925000000000001
./Datasets/KADID10K/images/I29_17_03.png,0.00012089031952200457,0.825
./Datasets/KADID10K/images/I29_17_04.png,0.00010583873518044129,0.6425
./Datasets/KADID10K/images/I29_17_05.png,0.003491128096356988,0.2925
./Datasets/KADID10K/images/I29_18_01.png,0.0001219526311615482,0.7825
./Datasets/KADID10K/images/I29_18_02.png,0.00022160288062877953,0.8825000000000001
./Datasets/KADID10K/images/I29_18_03.png,0.0003056448185816407,0.9575
./Datasets/KADID10K/images/I29_18_04.png,2.6752413759822957e-05,0.8425
./Datasets/KADID10K/images/I29_18_05.png,3.0085420803516172e-05,0.7075
./Datasets/KADID10K/images/I29_19_01.png,0.0007252329960465431,0.9275
./Datasets/KADID10K/images/I29_19_02.png,0.005288149230182171,0.8075000000000001
./Datasets/KADID10K/images/I29_19_03.png,0.07620961964130402,0.75
./Datasets/KADID10K/images/I29_19_04.png,0.3433907926082611,0.275
./Datasets/KADID10K/images/I29_19_05.png,0.40356412529945374,0.0675
./Datasets/KADID10K/images/I29_20_01.png,0.00036306754918769,0.8825000000000001
./Datasets/KADID10K/images/I29_20_02.png,0.0004984565312042832,0.3425
./Datasets/KADID10K/images/I29_20_03.png,0.00021400423429440707,0.5075
./Datasets/KADID10K/images/I29_20_04.png,0.0019278639229014516,0.32499999999999996
./Datasets/KADID10K/images/I29_20_05.png,0.00026480681844986975,0.7575000000000001
./Datasets/KADID10K/images/I29_21_01.png,0.0033003652933984995,0.725
./Datasets/KADID10K/images/I29_21_02.png,0.022480444982647896,0.6
./Datasets/KADID10K/images/I29_21_03.png,0.043877433985471725,0.5
./Datasets/KADID10K/images/I29_21_04.png,0.09261482208967209,0.6
./Datasets/KADID10K/images/I29_21_05.png,0.31848302483558655,0.2
./Datasets/KADID10K/images/I29_22_01.png,0.01849452778697014,0.625
./Datasets/KADID10K/images/I29_22_02.png,0.031341977417469025,0.4325
./Datasets/KADID10K/images/I29_22_03.png,0.05884857475757599,0.375
./Datasets/KADID10K/images/I29_22_04.png,0.0788479745388031,0.36750000000000005
./Datasets/KADID10K/images/I29_22_05.png,0.07307111471891403,0.2425
./Datasets/KADID10K/images/I29_23_01.png,0.0004755117406602949,0.4175
./Datasets/KADID10K/images/I29_23_02.png,0.0004969434230588377,0.2
./Datasets/KADID10K/images/I29_23_03.png,0.003960885107517242,0.32499999999999996
./Datasets/KADID10K/images/I29_23_04.png,0.00510815205052495,0.32499999999999996
./Datasets/KADID10K/images/I29_23_05.png,0.009343664161860943,0.3325
./Datasets/KADID10K/images/I29_24_01.png,8.879333472577855e-05,0.75
./Datasets/KADID10K/images/I29_24_02.png,0.00019421537581365556,0.4425
./Datasets/KADID10K/images/I29_24_03.png,0.000628732203040272,0.275
./Datasets/KADID10K/images/I29_24_04.png,0.0038325984496623278,0.1325
./Datasets/KADID10K/images/I29_24_05.png,0.024049460887908936,0.1325
./Datasets/KADID10K/images/I29_25_01.png,2.1069949980301317e-06,0.55
./Datasets/KADID10K/images/I29_25_02.png,3.4161489566031378e-06,0.685
./Datasets/KADID10K/images/I29_25_03.png,1.987147879844997e-05,0.7925
./Datasets/KADID10K/images/I29_25_04.png,0.006794914603233337,0.7675000000000001
./Datasets/KADID10K/images/I29_25_05.png,0.10291557013988495,0.4075
./Datasets/KADID10K/images/I30_01_01.png,0.02323232591152191,0.8999999999999999
./Datasets/KADID10K/images/I30_01_02.png,0.07058747857809067,0.8999999999999999
./Datasets/KADID10K/images/I30_01_03.png,0.24963229894638062,0.7325
./Datasets/KADID10K/images/I30_01_04.png,0.5124037265777588,0.4075
./Datasets/KADID10K/images/I30_01_05.png,0.7575290203094482,0.065
./Datasets/KADID10K/images/I30_02_01.png,0.13424019515514374,0.9175
./Datasets/KADID10K/images/I30_02_02.png,0.3015103042125702,0.6775
./Datasets/KADID10K/images/I30_02_03.png,0.5411157608032227,0.30000000000000004
./Datasets/KADID10K/images/I30_02_04.png,0.6333510279655457,0.1925
./Datasets/KADID10K/images/I30_02_05.png,0.7138233184814453,0.125
./Datasets/KADID10K/images/I30_03_01.png,0.02323232591152191,0.9175
./Datasets/KADID10K/images/I30_03_02.png,0.09622417390346527,0.925
./Datasets/KADID10K/images/I30_03_03.png,0.1648767590522766,0.675
./Datasets/KADID10K/images/I30_03_04.png,0.31116414070129395,0.5
./Datasets/KADID10K/images/I30_03_05.png,0.42795032262802124,0.3325
./Datasets/KADID10K/images/I30_04_01.png,0.02009746991097927,0.9075
./Datasets/KADID10K/images/I30_04_02.png,0.2974732220172882,0.575
./Datasets/KADID10K/images/I30_04_03.png,0.33702579140663147,0.22499999999999998
./Datasets/KADID10K/images/I30_04_04.png,0.33910486102104187,0.125
./Datasets/KADID10K/images/I30_04_05.png,0.6271015405654907,0.017500000000000016
./Datasets/KADID10K/images/I30_05_01.png,0.03548285365104675,0.9424999999999999
./Datasets/KADID10K/images/I30_05_02.png,0.09002307057380676,0.7075
./Datasets/KADID10K/images/I30_05_03.png,0.1075819879770279,0.475
./Datasets/KADID10K/images/I30_05_04.png,0.1288129687309265,0.44999999999999996
./Datasets/KADID10K/images/I30_05_05.png,0.13731101155281067,0.375
./Datasets/KADID10K/images/I30_06_01.png,0.002362416824325919,0.8500000000000001
./Datasets/KADID10K/images/I30_06_02.png,0.0025863745249807835,0.8425
./Datasets/KADID10K/images/I30_06_03.png,0.004052938427776098,0.7175
./Datasets/KADID10K/images/I30_06_04.png,0.004440556280314922,0.7075
./Datasets/KADID10K/images/I30_06_05.png,0.005610775668174028,0.5325
./Datasets/KADID10K/images/I30_07_01.png,0.022739378735423088,0.6
./Datasets/KADID10K/images/I30_07_02.png,0.043401796370744705,0.26749999999999996
./Datasets/KADID10K/images/I30_07_03.png,0.09071715176105499,0.30000000000000004
./Datasets/KADID10K/images/I30_07_04.png,0.1456483006477356,0.2975
./Datasets/KADID10K/images/I30_07_05.png,0.31222087144851685,0.23249999999999998
./Datasets/KADID10K/images/I30_08_01.png,0.02323232591152191,0.9175
./Datasets/KADID10K/images/I30_08_02.png,0.22471073269844055,0.825
./Datasets/KADID10K/images/I30_08_03.png,0.27636513113975525,0.5825
./Datasets/KADID10K/images/I30_08_04.png,0.3026614785194397,0.4
./Datasets/KADID10K/images/I30_08_05.png,0.4487512707710266,0.10749999999999998
./Datasets/KADID10K/images/I30_09_01.png,0.03956593945622444,0.9199999999999999
./Datasets/KADID10K/images/I30_09_02.png,0.08605345338582993,0.8999999999999999
./Datasets/KADID10K/images/I30_09_03.png,0.11640952527523041,0.9325000000000001
./Datasets/KADID10K/images/I30_09_04.png,0.2681283950805664,0.675
./Datasets/KADID10K/images/I30_09_05.png,0.6724398136138916,0.1825
./Datasets/KADID10K/images/I30_10_01.png,0.12483679503202438,0.8825000000000001
./Datasets/KADID10K/images/I30_10_02.png,0.15137019753456116,0.8674999999999999
./Datasets/KADID10K/images/I30_10_03.png,0.30260133743286133,0.8425
./Datasets/KADID10K/images/I30_10_04.png,0.5849153399467468,0.1925
./Datasets/KADID10K/images/I30_10_05.png,0.72071772813797,0.057499999999999996
./Datasets/KADID10K/images/I30_11_01.png,0.18010814487934113,0.6675
./Datasets/KADID10K/images/I30_11_02.png,0.2676863968372345,0.55
./Datasets/KADID10K/images/I30_11_03.png,0.3287268579006195,0.49250000000000005
./Datasets/KADID10K/images/I30_11_04.png,0.40505146980285645,0.4325
./Datasets/KADID10K/images/I30_11_05.png,0.501261830329895,0.32999999999999996
./Datasets/KADID10K/images/I30_12_01.png,0.07228507846593857,0.8574999999999999
./Datasets/KADID10K/images/I30_12_02.png,0.27292600274086,0.6
./Datasets/KADID10K/images/I30_12_03.png,0.3373914957046509,0.5075
./Datasets/KADID10K/images/I30_12_04.png,0.41844096779823303,0.4425
./Datasets/KADID10K/images/I30_12_05.png,0.48995673656463623,0.3075
./Datasets/KADID10K/images/I30_13_01.png,0.003725044196471572,0.6925
./Datasets/KADID10K/images/I30_13_02.png,0.022080671042203903,0.49250000000000005
./Datasets/KADID10K/images/I30_13_03.png,0.03861432895064354,0.38249999999999995
./Datasets/KADID10K/images/I30_13_04.png,0.046509988605976105,0.4075
./Datasets/KADID10K/images/I30_13_05.png,0.14897780120372772,0.31499999999999995
./Datasets/KADID10K/images/I30_14_01.png,0.054054100066423416,0.8500000000000001
./Datasets/KADID10K/images/I30_14_02.png,0.26155951619148254,0.5425
./Datasets/KADID10K/images/I30_14_03.png,0.3461478054523468,0.4575
./Datasets/KADID10K/images/I30_14_04.png,0.4502916932106018,0.32499999999999996
./Datasets/KADID10K/images/I30_14_05.png,0.5313171148300171,0.275
./Datasets/KADID10K/images/I30_15_01.png,0.2676278352737427,0.7175
./Datasets/KADID10K/images/I30_15_02.png,0.37470948696136475,0.4
./Datasets/KADID10K/images/I30_15_03.png,0.5050354599952698,0.2825
./Datasets/KADID10K/images/I30_15_04.png,0.5663913488388062,0.08250000000000002
./Datasets/KADID10K/images/I30_15_05.png,0.6217716336250305,0.07500000000000001
./Datasets/KADID10K/images/I30_16_01.png,0.030819879844784737,0.9075
./Datasets/KADID10K/images/I30_16_02.png,0.04163454473018646,0.8
./Datasets/KADID10K/images/I30_16_03.png,0.06139341741800308,0.65
./Datasets/KADID10K/images/I30_16_04.png,0.11387774348258972,0.375
./Datasets/KADID10K/images/I30_16_05.png,0.16809532046318054,0.12
./Datasets/KADID10K/images/I30_17_01.png,0.020755063742399216,0.9325000000000001
./Datasets/KADID10K/images/I30_17_02.png,0.016303755342960358,0.875
./Datasets/KADID10K/images/I30_17_03.png,0.012975581921637058,0.8500000000000001
./Datasets/KADID10K/images/I30_17_04.png,0.00939751137048006,0.6675
./Datasets/KADID10K/images/I30_17_05.png,0.009665751829743385,0.4175
./Datasets/KADID10K/images/I30_18_01.png,0.04278118163347244,0.75
./Datasets/KADID10K/images/I30_18_02.png,0.028908217325806618,0.8825000000000001
./Datasets/KADID10K/images/I30_18_03.png,0.02323232591152191,0.9575
./Datasets/KADID10K/images/I30_18_04.png,0.022827940061688423,0.9025000000000001
./Datasets/KADID10K/images/I30_18_05.png,0.016333438456058502,0.825
./Datasets/KADID10K/images/I30_19_01.png,0.020329570397734642,0.9750000000000001
./Datasets/KADID10K/images/I30_19_02.png,0.014842620119452477,0.8999999999999999
./Datasets/KADID10K/images/I30_19_03.png,0.05048181861639023,0.8174999999999999
./Datasets/KADID10K/images/I30_19_04.png,0.16078349947929382,0.38249999999999995
./Datasets/KADID10K/images/I30_19_05.png,0.2094719558954239,0.20750000000000002
./Datasets/KADID10K/images/I30_20_01.png,0.031209483742713928,0.8325
./Datasets/KADID10K/images/I30_20_02.png,0.06600743532180786,0.6675
./Datasets/KADID10K/images/I30_20_03.png,0.05466734990477562,0.7
./Datasets/KADID10K/images/I30_20_04.png,0.0561915785074234,0.7025
./Datasets/KADID10K/images/I30_20_05.png,0.054467424750328064,0.5075
./Datasets/KADID10K/images/I30_21_01.png,0.03163234144449234,0.8174999999999999
./Datasets/KADID10K/images/I30_21_02.png,0.05025859549641609,0.6825
./Datasets/KADID10K/images/I30_21_03.png,0.07652254402637482,0.67
./Datasets/KADID10K/images/I30_21_04.png,0.08882728219032288,0.6825
./Datasets/KADID10K/images/I30_21_05.png,0.32030168175697327,0.25
./Datasets/KADID10K/images/I30_22_01.png,0.17941516637802124,0.825
./Datasets/KADID10K/images/I30_22_02.png,0.2171780914068222,0.6675
./Datasets/KADID10K/images/I30_22_03.png,0.25261178612709045,0.5675
./Datasets/KADID10K/images/I30_22_04.png,0.28153547644615173,0.4425
./Datasets/KADID10K/images/I30_22_05.png,0.3332429528236389,0.39249999999999996
./Datasets/KADID10K/images/I30_23_01.png,0.02452467381954193,0.3325
./Datasets/KADID10K/images/I30_23_02.png,0.02771776355803013,0.2825
./Datasets/KADID10K/images/I30_23_03.png,0.046318329870700836,0.3175
./Datasets/KADID10K/images/I30_23_04.png,0.16934627294540405,0.2825
./Datasets/KADID10K/images/I30_23_05.png,0.1349932700395584,0.35
./Datasets/KADID10K/images/I30_24_01.png,0.002417610026896,0.8325
./Datasets/KADID10K/images/I30_24_02.png,0.0032992111518979073,0.675
./Datasets/KADID10K/images/I30_24_03.png,0.004855403210967779,0.5175
./Datasets/KADID10K/images/I30_24_04.png,0.015636499971151352,0.30000000000000004
./Datasets/KADID10K/images/I30_24_05.png,0.026231715455651283,0.14250000000000002
./Datasets/KADID10K/images/I30_25_01.png,0.049755364656448364,0.6575
./Datasets/KADID10K/images/I30_25_02.png,0.03881454840302467,0.8500000000000001
./Datasets/KADID10K/images/I30_25_03.png,0.03410685062408447,0.95
./Datasets/KADID10K/images/I30_25_04.png,0.023103222250938416,0.8500000000000001
./Datasets/KADID10K/images/I30_25_05.png,0.06699751317501068,0.6825
./Datasets/KADID10K/images/I31_01_01.png,8.802337833913043e-05,0.9575
./Datasets/KADID10K/images/I31_01_02.png,0.0038965025451034307,0.9075
./Datasets/KADID10K/images/I31_01_03.png,0.15373817086219788,0.5075
./Datasets/KADID10K/images/I31_01_04.png,0.37498754262924194,0.20750000000000002
./Datasets/KADID10K/images/I31_01_05.png,0.6955134272575378,0.0675
./Datasets/KADID10K/images/I31_02_01.png,0.03856578469276428,0.8
./Datasets/KADID10K/images/I31_02_02.png,0.18628020584583282,0.5575
./Datasets/KADID10K/images/I31_02_03.png,0.43456795811653137,0.21750000000000003
./Datasets/KADID10K/images/I31_02_04.png,0.5311852693557739,0.125
./Datasets/KADID10K/images/I31_02_05.png,0.5985057950019836,0.09250000000000003
./Datasets/KADID10K/images/I31_03_01.png,8.802337833913043e-05,0.9075
./Datasets/KADID10K/images/I31_03_02.png,0.014486181549727917,0.8075000000000001
./Datasets/KADID10K/images/I31_03_03.png,0.0772935152053833,0.5325
./Datasets/KADID10K/images/I31_03_04.png,0.17355228960514069,0.3325
./Datasets/KADID10K/images/I31_03_05.png,0.24014288187026978,0.14250000000000002
./Datasets/KADID10K/images/I31_04_01.png,0.00020763487555086613,0.9075
./Datasets/KADID10K/images/I31_04_02.png,0.00013902015052735806,0.49250000000000005
./Datasets/KADID10K/images/I31_04_03.png,0.0007772089447826147,0.38249999999999995
./Datasets/KADID10K/images/I31_04_04.png,0.0010756012052297592,0.2
./Datasets/KADID10K/images/I31_04_05.png,0.006671626586467028,0.125
./Datasets/KADID10K/images/I31_05_01.png,0.0009323903359472752,0.9175
./Datasets/KADID10K/images/I31_05_02.png,0.057029470801353455,0.42500000000000004
./Datasets/KADID10K/images/I31_05_03.png,0.09224779903888702,0.30000000000000004
./Datasets/KADID10K/images/I31_05_04.png,0.09800992906093597,0.22499999999999998
./Datasets/KADID10K/images/I31_05_05.png,0.09662846475839615,0.175
./Datasets/KADID10K/images/I31_06_01.png,5.96591644352884e-06,0.875
./Datasets/KADID10K/images/I31_06_02.png,8.583420822105836e-06,0.7749999999999999
./Datasets/KADID10K/images/I31_06_03.png,6.820911494287429e-06,0.6575
./Datasets/KADID10K/images/I31_06_04.png,1.9374398107174784e-05,0.6
./Datasets/KADID10K/images/I31_06_05.png,1.235339732374996e-05,0.35
./Datasets/KADID10K/images/I31_07_01.png,0.002830748213455081,0.35
./Datasets/KADID10K/images/I31_07_02.png,0.007074662949889898,0.38249999999999995
./Datasets/KADID10K/images/I31_07_03.png,0.008365590125322342,0.35
./Datasets/KADID10K/images/I31_07_04.png,0.010608864016830921,0.39249999999999996
./Datasets/KADID10K/images/I31_07_05.png,0.007281925063580275,0.3325
./Datasets/KADID10K/images/I31_08_01.png,8.802337833913043e-05,0.9025000000000001
./Datasets/KADID10K/images/I31_08_02.png,0.00011478419037302956,0.6575
./Datasets/KADID10K/images/I31_08_03.png,0.003598218783736229,0.5575
./Datasets/KADID10K/images/I31_08_04.png,0.03592060133814812,0.25749999999999995
./Datasets/KADID10K/images/I31_08_05.png,0.08068472892045975,0.20750000000000002
./Datasets/KADID10K/images/I31_09_01.png,0.000899259524885565,0.8674999999999999
./Datasets/KADID10K/images/I31_09_02.png,0.009311063215136528,0.8075000000000001
./Datasets/KADID10K/images/I31_09_03.png,0.045797642320394516,0.7425
./Datasets/KADID10K/images/I31_09_04.png,0.44824501872062683,0.36750000000000005
./Datasets/KADID10K/images/I31_09_05.png,0.7169230580329895,0.125
./Datasets/KADID10K/images/I31_10_01.png,0.0066726370714604855,0.9075
./Datasets/KADID10K/images/I31_10_02.png,0.008509121835231781,0.9075
./Datasets/KADID10K/images/I31_10_03.png,0.018636686727404594,0.8174999999999999
./Datasets/KADID10K/images/I31_10_04.png,0.388022243976593,0.25749999999999995
./Datasets/KADID10K/images/I31_10_05.png,0.6911948919296265,0.16749999999999998
./Datasets/KADID10K/images/I31_11_01.png,0.004207223188132048,0.7175
./Datasets/KADID10K/images/I31_11_02.png,0.02740018628537655,0.6425
./Datasets/KADID10K/images/I31_11_03.png,0.05296554043889046,0.5325
./Datasets/KADID10K/images/I31_11_04.png,0.13996148109436035,0.4675
./Datasets/KADID10K/images/I31_11_05.png,0.25220823287963867,0.35750000000000004
./Datasets/KADID10K/images/I31_12_01.png,0.00036120705772191286,0.8925000000000001
./Datasets/KADID10K/images/I31_12_02.png,0.013133267872035503,0.725
./Datasets/KADID10K/images/I31_12_03.png,0.06987801194190979,0.5825
./Datasets/KADID10K/images/I31_12_04.png,0.18666328489780426,0.4675
./Datasets/KADID10K/images/I31_12_05.png,0.3203180134296417,0.39249999999999996
./Datasets/KADID10K/images/I31_13_01.png,2.708156534936279e-05,0.6925
./Datasets/KADID10K/images/I31_13_02.png,8.250442078860942e-06,0.55
./Datasets/KADID10K/images/I31_13_03.png,2.33966075029457e-05,0.4425
./Datasets/KADID10K/images/I31_13_04.png,0.001270725973881781,0.3175
./Datasets/KADID10K/images/I31_13_05.png,0.07668150961399078,0.25749999999999995
./Datasets/KADID10K/images/I31_14_01.png,0.000134811649331823,0.8999999999999999
./Datasets/KADID10K/images/I31_14_02.png,0.0006346363225020468,0.7325
./Datasets/KADID10K/images/I31_14_03.png,0.004157716408371925,0.5575
./Datasets/KADID10K/images/I31_14_04.png,0.019082657992839813,0.4425
./Datasets/KADID10K/images/I31_14_05.png,0.08670222759246826,0.35750000000000004
./Datasets/KADID10K/images/I31_15_01.png,0.1533951610326767,0.7675000000000001
./Datasets/KADID10K/images/I31_15_02.png,0.3299746811389923,0.5675
./Datasets/KADID10K/images/I31_15_03.png,0.4721909463405609,0.5425
./Datasets/KADID10K/images/I31_15_04.png,0.5389835834503174,0.25749999999999995
./Datasets/KADID10K/images/I31_15_05.png,0.6054706573486328,0.21750000000000003
./Datasets/KADID10K/images/I31_16_01.png,9.505465277470648e-05,0.8925000000000001
./Datasets/KADID10K/images/I31_16_02.png,8.324251393787563e-05,0.8574999999999999
./Datasets/KADID10K/images/I31_16_03.png,4.536458436632529e-05,0.7
./Datasets/KADID10K/images/I31_16_04.png,2.630862218211405e-05,0.5
./Datasets/KADID10K/images/I31_16_05.png,0.00015003097360022366,0.23249999999999998
./Datasets/KADID10K/images/I31_17_01.png,7.824918429832906e-05,0.9175
./Datasets/KADID10K/images/I31_17_02.png,6.710760499117896e-05,0.8674999999999999
./Datasets/KADID10K/images/I31_17_03.png,4.476424146560021e-05,0.8574999999999999
./Datasets/KADID10K/images/I31_17_04.png,1.828654967539478e-05,0.6825
./Datasets/KADID10K/images/I31_17_05.png,0.0017192470841109753,0.3175
./Datasets/KADID10K/images/I31_18_01.png,1.2464684004953597e-05,0.8999999999999999
./Datasets/KADID10K/images/I31_18_02.png,3.952862971345894e-05,0.9325000000000001
./Datasets/KADID10K/images/I31_18_03.png,8.802337833913043e-05,0.9524999999999999
./Datasets/KADID10K/images/I31_18_04.png,4.664510015572887e-06,0.8325
./Datasets/KADID10K/images/I31_18_05.png,2.768103968264768e-06,0.7175
./Datasets/KADID10K/images/I31_19_01.png,0.0011019873199984431,0.8075000000000001
./Datasets/KADID10K/images/I31_19_02.png,0.003066867124289274,0.7749999999999999
./Datasets/KADID10K/images/I31_19_03.png,0.07228592783212662,0.62
./Datasets/KADID10K/images/I31_19_04.png,0.18406592309474945,0.26749999999999996
./Datasets/KADID10K/images/I31_19_05.png,0.09631813317537308,0.09999999999999998
./Datasets/KADID10K/images/I31_20_01.png,0.0001478625781601295,0.925
./Datasets/KADID10K/images/I31_20_02.png,7.333682879107073e-05,0.725
./Datasets/KADID10K/images/I31_20_03.png,0.00015671868459321558,0.7925
./Datasets/KADID10K/images/I31_20_04.png,0.0007853235001675785,0.6675
./Datasets/KADID10K/images/I31_20_05.png,0.0003370575432199985,0.8174999999999999
./Datasets/KADID10K/images/I31_21_01.png,0.0005835192278027534,0.875
./Datasets/KADID10K/images/I31_21_02.png,0.0014714873395860195,0.6075
./Datasets/KADID10K/images/I31_21_03.png,0.005127305630594492,0.5425
./Datasets/KADID10K/images/I31_21_04.png,0.026333365589380264,0.6175
./Datasets/KADID10K/images/I31_21_05.png,0.3392435908317566,0.15000000000000002
./Datasets/KADID10K/images/I31_22_01.png,0.001226125517860055,0.7925
./Datasets/KADID10K/images/I31_22_02.png,0.002708402229472995,0.625
./Datasets/KADID10K/images/I31_22_03.png,0.0029918146319687366,0.575
./Datasets/KADID10K/images/I31_22_04.png,0.002789601217955351,0.5075
./Datasets/KADID10K/images/I31_22_05.png,0.002296771854162216,0.5075
./Datasets/KADID10K/images/I31_23_01.png,0.00030382469412870705,0.375
./Datasets/KADID10K/images/I31_23_02.png,0.0007060226052999496,0.4
./Datasets/KADID10K/images/I31_23_03.png,0.0005015281494706869,0.35
./Datasets/KADID10K/images/I31_23_04.png,0.0005123665323480964,0.3075
./Datasets/KADID10K/images/I31_23_05.png,0.012470494024455547,0.1925
./Datasets/KADID10K/images/I31_24_01.png,6.067384674679488e-07,0.6925
./Datasets/KADID10K/images/I31_24_02.png,2.61360514741682e-06,0.5175
./Datasets/KADID10K/images/I31_24_03.png,1.5616211385349743e-05,0.2925
./Datasets/KADID10K/images/I31_24_04.png,0.0011342463549226522,0.25749999999999995
./Datasets/KADID10K/images/I31_24_05.png,0.013335125520825386,0.12
./Datasets/KADID10K/images/I31_25_01.png,3.7025927213107934e-07,0.65
./Datasets/KADID10K/images/I31_25_02.png,6.174562372507353e-07,0.7749999999999999
./Datasets/KADID10K/images/I31_25_03.png,5.121997219248442e-06,0.8500000000000001
./Datasets/KADID10K/images/I31_25_04.png,0.0010768104111775756,0.825
./Datasets/KADID10K/images/I31_25_05.png,0.013172483071684837,0.5675
./Datasets/KADID10K/images/I32_01_01.png,0.26466047763824463,0.875
./Datasets/KADID10K/images/I32_01_02.png,0.3256574273109436,0.8474999999999999
./Datasets/KADID10K/images/I32_01_03.png,0.4277462065219879,0.4325
./Datasets/KADID10K/images/I32_01_04.png,0.5766955614089966,0.15000000000000002
./Datasets/KADID10K/images/I32_01_05.png,0.8264275193214417,0.025000000000000022
./Datasets/KADID10K/images/I32_02_01.png,0.361907422542572,0.675
./Datasets/KADID10K/images/I32_02_02.png,0.46149635314941406,0.3425
./Datasets/KADID10K/images/I32_02_03.png,0.6152037978172302,0.1825
./Datasets/KADID10K/images/I32_02_04.png,0.6790972352027893,0.0675
./Datasets/KADID10K/images/I32_02_05.png,0.7376534342765808,0.0675
./Datasets/KADID10K/images/I32_03_01.png,0.26466047763824463,0.8925000000000001
./Datasets/KADID10K/images/I32_03_02.png,0.3495279550552368,0.6825
./Datasets/KADID10K/images/I32_03_03.png,0.35769274830818176,0.4425
./Datasets/KADID10K/images/I32_03_04.png,0.4389900267124176,0.23249999999999998
./Datasets/KADID10K/images/I32_03_05.png,0.443525493144989,0.15000000000000002
./Datasets/KADID10K/images/I32_04_01.png,0.29022216796875,0.8825000000000001
./Datasets/KADID10K/images/I32_04_02.png,0.1178152784705162,0.1925
./Datasets/KADID10K/images/I32_04_03.png,0.13981927931308746,0.14250000000000002
./Datasets/KADID10K/images/I32_04_04.png,0.14469459652900696,0.125
./Datasets/KADID10K/images/I32_04_05.png,0.15759781002998352,0.04249999999999998
./Datasets/KADID10K/images/I32_05_01.png,0.42864078283309937,0.825
./Datasets/KADID10K/images/I32_05_02.png,0.532480776309967,0.4
./Datasets/KADID10K/images/I32_05_03.png,0.5521674752235413,0.1825
./Datasets/KADID10K/images/I32_05_04.png,0.5587716102600098,0.2
./Datasets/KADID10K/images/I32_05_05.png,0.5525215864181519,0.15000000000000002
./Datasets/KADID10K/images/I32_06_01.png,0.21570232510566711,0.75
./Datasets/KADID10K/images/I32_06_02.png,0.22953654825687408,0.68
./Datasets/KADID10K/images/I32_06_03.png,0.22820419073104858,0.6075
./Datasets/KADID10K/images/I32_06_04.png,0.23412111401557922,0.6
./Datasets/KADID10K/images/I32_06_05.png,0.1711699366569519,0.3325
./Datasets/KADID10K/images/I32_07_01.png,0.3772042691707611,0.30000000000000004
./Datasets/KADID10K/images/I32_07_02.png,0.379766047000885,0.39249999999999996
./Datasets/KADID10K/images/I32_07_03.png,0.3770020008087158,0.32499999999999996
./Datasets/KADID10K/images/I32_07_04.png,0.37343060970306396,0.3075
./Datasets/KADID10K/images/I32_07_05.png,0.23890690505504608,0.22499999999999998
./Datasets/KADID10K/images/I32_08_01.png,0.26466047763824463,0.8075000000000001
./Datasets/KADID10K/images/I32_08_02.png,0.25185874104499817,0.32499999999999996
./Datasets/KADID10K/images/I32_08_03.png,0.2140914499759674,0.3325
./Datasets/KADID10K/images/I32_08_04.png,0.28066661953926086,0.15000000000000002
./Datasets/KADID10K/images/I32_08_05.png,0.3621833920478821,0.125
./Datasets/KADID10K/images/I32_09_01.png,0.31015968322753906,0.8674999999999999
./Datasets/KADID10K/images/I32_09_02.png,0.3544377088546753,0.8174999999999999
./Datasets/KADID10K/images/I32_09_03.png,0.41604167222976685,0.7175
./Datasets/KADID10K/images/I32_09_04.png,0.5936835408210754,0.275
./Datasets/KADID10K/images/I32_09_05.png,0.7747321128845215,0.057499999999999996
./Datasets/KADID10K/images/I32_10_01.png,0.4439143240451813,0.7575000000000001
./Datasets/KADID10K/images/I32_10_02.png,0.47154879570007324,0.7425
./Datasets/KADID10K/images/I32_10_03.png,0.5397171378135681,0.5675
./Datasets/KADID10K/images/I32_10_04.png,0.7393931746482849,0.175
./Datasets/KADID10K/images/I32_10_05.png,0.866571307182312,0.057499999999999996
./Datasets/KADID10K/images/I32_11_01.png,0.4456351697444916,0.5675
./Datasets/KADID10K/images/I32_11_02.png,0.5289005041122437,0.4325
./Datasets/KADID10K/images/I32_11_03.png,0.5286360383033752,0.375
./Datasets/KADID10K/images/I32_11_04.png,0.5532772541046143,0.32499999999999996
./Datasets/KADID10K/images/I32_11_05.png,0.563840925693512,0.22499999999999998
./Datasets/KADID10K/images/I32_12_01.png,0.36042284965515137,0.7425
./Datasets/KADID10K/images/I32_12_02.png,0.5174942016601562,0.5075
./Datasets/KADID10K/images/I32_12_03.png,0.5342323780059814,0.36750000000000005
./Datasets/KADID10K/images/I32_12_04.png,0.5367763638496399,0.30000000000000004
./Datasets/KADID10K/images/I32_12_05.png,0.5512310266494751,0.275
./Datasets/KADID10K/images/I32_13_01.png,0.22943976521492004,0.475
./Datasets/KADID10K/images/I32_13_02.png,0.4113781750202179,0.44999999999999996
./Datasets/KADID10K/images/I32_13_03.png,0.4970124661922455,0.375
./Datasets/KADID10K/images/I32_13_04.png,0.5500149726867676,0.3325
./Datasets/KADID10K/images/I32_13_05.png,0.5816397070884705,0.25
./Datasets/KADID10K/images/I32_14_01.png,0.3931044340133667,0.7
./Datasets/KADID10K/images/I32_14_02.png,0.5306692123413086,0.35750000000000004
./Datasets/KADID10K/images/I32_14_03.png,0.5480629801750183,0.3175
./Datasets/KADID10K/images/I32_14_04.png,0.56339430809021,0.25
./Datasets/KADID10K/images/I32_14_05.png,0.583007276058197,0.125
./Datasets/KADID10K/images/I32_15_01.png,0.5235268473625183,0.4
./Datasets/KADID10K/images/I32_15_02.png,0.5708233714103699,0.20750000000000002
./Datasets/KADID10K/images/I32_15_03.png,0.6225398182868958,0.09749999999999998
./Datasets/KADID10K/images/I32_15_04.png,0.6969406604766846,0.017500000000000016
./Datasets/KADID10K/images/I32_15_05.png,0.7285906076431274,0.07500000000000001
./Datasets/KADID10K/images/I32_16_01.png,0.2501043677330017,0.8
./Datasets/KADID10K/images/I32_16_02.png,0.23534870147705078,0.6425
./Datasets/KADID10K/images/I32_16_03.png,0.1851876825094223,0.525
./Datasets/KADID10K/images/I32_16_04.png,0.10694433003664017,0.2
./Datasets/KADID10K/images/I32_16_05.png,0.13029365241527557,0.007500000000000007
./Datasets/KADID10K/images/I32_17_01.png,0.27103057503700256,0.8999999999999999
./Datasets/KADID10K/images/I32_17_02.png,0.2636764347553253,0.8325
./Datasets/KADID10K/images/I32_17_03.png,0.2545173764228821,0.7675000000000001
./Datasets/KADID10K/images/I32_17_04.png,0.1882622092962265,0.6575
./Datasets/KADID10K/images/I32_17_05.png,0.05699361860752106,0.39249999999999996
./Datasets/KADID10K/images/I32_18_01.png,0.1828635036945343,0.625
./Datasets/KADID10K/images/I32_18_02.png,0.2159584015607834,0.825
./Datasets/KADID10K/images/I32_18_03.png,0.26466047763824463,0.9325000000000001
./Datasets/KADID10K/images/I32_18_04.png,0.2131490558385849,0.7675000000000001
./Datasets/KADID10K/images/I32_18_05.png,0.1986464411020279,0.7
./Datasets/KADID10K/images/I32_19_01.png,0.2804783582687378,0.8925000000000001
./Datasets/KADID10K/images/I32_19_02.png,0.29404503107070923,0.7749999999999999
./Datasets/KADID10K/images/I32_19_03.png,0.44672927260398865,0.6
./Datasets/KADID10K/images/I32_19_04.png,0.5966076850891113,0.25
./Datasets/KADID10K/images/I32_19_05.png,0.6262962222099304,0.08000000000000002
./Datasets/KADID10K/images/I32_20_01.png,0.30170077085494995,0.55
./Datasets/KADID10K/images/I32_20_02.png,0.2513704299926758,0.7175
./Datasets/KADID10K/images/I32_20_03.png,0.32748308777809143,0.7749999999999999
./Datasets/KADID10K/images/I32_20_04.png,0.32398876547813416,0.3325
./Datasets/KADID10K/images/I32_20_05.png,0.3379378914833069,0.6575
./Datasets/KADID10K/images/I32_21_01.png,0.33935844898223877,0.5925
./Datasets/KADID10K/images/I32_21_02.png,0.3065071105957031,0.4275
./Datasets/KADID10K/images/I32_21_03.png,0.3417077958583832,0.5075
./Datasets/KADID10K/images/I32_21_04.png,0.39010360836982727,0.355
./Datasets/KADID10K/images/I32_21_05.png,0.5837262272834778,0.09999999999999998
./Datasets/KADID10K/images/I32_22_01.png,0.3002525269985199,0.825
./Datasets/KADID10K/images/I32_22_02.png,0.3569340109825134,0.7825
./Datasets/KADID10K/images/I32_22_03.png,0.4350115656852722,0.675
./Datasets/KADID10K/images/I32_22_04.png,0.40105724334716797,0.49250000000000005
./Datasets/KADID10K/images/I32_22_05.png,0.32652541995048523,0.175
./Datasets/KADID10K/images/I32_23_01.png,0.3545418083667755,0.38249999999999995
./Datasets/KADID10K/images/I32_23_02.png,0.2893856167793274,0.2925
./Datasets/KADID10K/images/I32_23_03.png,0.34701967239379883,0.20750000000000002
./Datasets/KADID10K/images/I32_23_04.png,0.4096490144729614,0.3325
./Datasets/KADID10K/images/I32_23_05.png,0.32169124484062195,0.175
./Datasets/KADID10K/images/I32_24_01.png,0.1908818483352661,0.7075
./Datasets/KADID10K/images/I32_24_02.png,0.1643919199705124,0.475
./Datasets/KADID10K/images/I32_24_03.png,0.12349173426628113,0.4
./Datasets/KADID10K/images/I32_24_04.png,0.06798533350229263,0.15000000000000002
./Datasets/KADID10K/images/I32_24_05.png,0.009634607471525669,0.10749999999999998
./Datasets/KADID10K/images/I32_25_01.png,0.07758930325508118,0.5575
./Datasets/KADID10K/images/I32_25_02.png,0.1113683357834816,0.6175
./Datasets/KADID10K/images/I32_25_03.png,0.16627192497253418,0.71
./Datasets/KADID10K/images/I32_25_04.png,0.4240298569202423,0.55
./Datasets/KADID10K/images/I32_25_05.png,0.4958356022834778,0.3175
./Datasets/KADID10K/images/I33_01_01.png,0.018411897122859955,0.8500000000000001
./Datasets/KADID10K/images/I33_01_02.png,0.07072936743497849,0.725
./Datasets/KADID10K/images/I33_01_03.png,0.17968638241291046,0.3325
./Datasets/KADID10K/images/I33_01_04.png,0.4450784921646118,0.14250000000000002
./Datasets/KADID10K/images/I33_01_05.png,0.716201663017273,0.07500000000000001
./Datasets/KADID10K/images/I33_02_01.png,0.10980425029993057,0.6
./Datasets/KADID10K/images/I33_02_02.png,0.19537930190563202,0.36750000000000005
./Datasets/KADID10K/images/I33_02_03.png,0.4788709282875061,0.1175
./Datasets/KADID10K/images/I33_02_04.png,0.6025734543800354,0.08250000000000002
./Datasets/KADID10K/images/I33_02_05.png,0.6505138874053955,0.04249999999999998
./Datasets/KADID10K/images/I33_03_01.png,0.018411897122859955,0.8925000000000001
./Datasets/KADID10K/images/I33_03_02.png,0.05477490276098251,0.675
./Datasets/KADID10K/images/I33_03_03.png,0.20434312522411346,0.3325
./Datasets/KADID10K/images/I33_03_04.png,0.27110135555267334,0.2425
./Datasets/KADID10K/images/I33_03_05.png,0.3162930905818939,0.15000000000000002
./Datasets/KADID10K/images/I33_04_01.png,0.033627063035964966,0.8925000000000001
./Datasets/KADID10K/images/I33_04_02.png,0.1529470682144165,0.42500000000000004
./Datasets/KADID10K/images/I33_04_03.png,0.13697673380374908,0.2
./Datasets/KADID10K/images/I33_04_04.png,0.18009555339813232,0.1175
./Datasets/KADID10K/images/I33_04_05.png,0.32585597038269043,0.09999999999999998
./Datasets/KADID10K/images/I33_05_01.png,0.035203639417886734,0.7675000000000001
./Datasets/KADID10K/images/I33_05_02.png,0.09579423815011978,0.25
./Datasets/KADID10K/images/I33_05_03.png,0.09980528801679611,0.1825
./Datasets/KADID10K/images/I33_05_04.png,0.10061325132846832,0.08250000000000002
./Datasets/KADID10K/images/I33_05_05.png,0.10410793870687485,0.09250000000000003
./Datasets/KADID10K/images/I33_06_01.png,0.0018796981312334538,0.7749999999999999
./Datasets/KADID10K/images/I33_06_02.png,0.0007369160302914679,0.7575000000000001
./Datasets/KADID10K/images/I33_06_03.png,0.0007649281178601086,0.7425
./Datasets/KADID10K/images/I33_06_04.png,0.00014066950825508684,0.525
./Datasets/KADID10K/images/I33_06_05.png,1.334050375589868e-05,0.4575
./Datasets/KADID10K/images/I33_07_01.png,0.05713699758052826,0.4425
./Datasets/KADID10K/images/I33_07_02.png,0.09899536520242691,0.35
./Datasets/KADID10K/images/I33_07_03.png,0.15590119361877441,0.4175
./Datasets/KADID10K/images/I33_07_04.png,0.17733608186244965,0.3175
./Datasets/KADID10K/images/I33_07_05.png,0.3132873475551605,0.22499999999999998
./Datasets/KADID10K/images/I33_08_01.png,0.018411897122859955,0.8574999999999999
./Datasets/KADID10K/images/I33_08_02.png,0.06387808173894882,0.5925
./Datasets/KADID10K/images/I33_08_03.png,0.15443328022956848,0.3075
./Datasets/KADID10K/images/I33_08_04.png,0.25129103660583496,0.2825
./Datasets/KADID10K/images/I33_08_05.png,0.2619747519493103,0.1175
./Datasets/KADID10K/images/I33_09_01.png,0.20498664677143097,0.875
./Datasets/KADID10K/images/I33_09_02.png,0.2585545480251312,0.7425
./Datasets/KADID10K/images/I33_09_03.png,0.2903057634830475,0.7175
./Datasets/KADID10K/images/I33_09_04.png,0.4331449866294861,0.20750000000000002
./Datasets/KADID10K/images/I33_09_05.png,0.5814762115478516,0.08250000000000002
./Datasets/KADID10K/images/I33_10_01.png,0.20252010226249695,0.725
./Datasets/KADID10K/images/I33_10_02.png,0.25365403294563293,0.7749999999999999
./Datasets/KADID10K/images/I33_10_03.png,0.3046322464942932,0.65
./Datasets/KADID10K/images/I33_10_04.png,0.5737636089324951,0.1175
./Datasets/KADID10K/images/I33_10_05.png,0.7611563801765442,0.07500000000000001
./Datasets/KADID10K/images/I33_11_01.png,0.1223682090640068,0.6175
./Datasets/KADID10K/images/I33_11_02.png,0.19694380462169647,0.4425
./Datasets/KADID10K/images/I33_11_03.png,0.20668748021125793,0.4675
./Datasets/KADID10K/images/I33_11_04.png,0.24314287304878235,0.3175
./Datasets/KADID10K/images/I33_11_05.png,0.31109684705734253,0.30000000000000004
./Datasets/KADID10K/images/I33_12_01.png,0.056725721806287766,0.7075
./Datasets/KADID10K/images/I33_12_02.png,0.13628830015659332,0.5175
./Datasets/KADID10K/images/I33_12_03.png,0.2196170538663864,0.4425
./Datasets/KADID10K/images/I33_12_04.png,0.23275046050548553,0.4075
./Datasets/KADID10K/images/I33_12_05.png,0.2998366951942444,0.23249999999999998
./Datasets/KADID10K/images/I33_13_01.png,0.0001247057953150943,0.6425
./Datasets/KADID10K/images/I33_13_02.png,0.0031264442950487137,0.4675
./Datasets/KADID10K/images/I33_13_03.png,0.014117460697889328,0.32499999999999996
./Datasets/KADID10K/images/I33_13_04.png,0.058548521250486374,0.3325
./Datasets/KADID10K/images/I33_13_05.png,0.16549746692180634,0.23249999999999998
./Datasets/KADID10K/images/I33_14_01.png,0.07878553867340088,0.6925
./Datasets/KADID10K/images/I33_14_02.png,0.18892084062099457,0.5425
./Datasets/KADID10K/images/I33_14_03.png,0.22214071452617645,0.26749999999999996
./Datasets/KADID10K/images/I33_14_04.png,0.27098095417022705,0.25749999999999995
./Datasets/KADID10K/images/I33_14_05.png,0.4129919409751892,0.175
./Datasets/KADID10K/images/I33_15_01.png,0.2591274082660675,0.625
./Datasets/KADID10K/images/I33_15_02.png,0.41886940598487854,0.3075
./Datasets/KADID10K/images/I33_15_03.png,0.49958929419517517,0.23249999999999998
./Datasets/KADID10K/images/I33_15_04.png,0.5623314380645752,0.07500000000000001
./Datasets/KADID10K/images/I33_15_05.png,0.6083658933639526,0.08250000000000002
./Datasets/KADID10K/images/I33_16_01.png,0.02492840588092804,0.8500000000000001
./Datasets/KADID10K/images/I33_16_02.png,0.039053481072187424,0.7075
./Datasets/KADID10K/images/I33_16_03.png,0.06704729795455933,0.5425
./Datasets/KADID10K/images/I33_16_04.png,0.10053125768899918,0.3325
./Datasets/KADID10K/images/I33_16_05.png,0.15741035342216492,0.09999999999999998
./Datasets/KADID10K/images/I33_17_01.png,0.015213819220662117,0.8425
./Datasets/KADID10K/images/I33_17_02.png,0.013169520534574986,0.8574999999999999
./Datasets/KADID10K/images/I33_17_03.png,0.008600768633186817,0.8075000000000001
./Datasets/KADID10K/images/I33_17_04.png,0.003643057309091091,0.6925
./Datasets/KADID10K/images/I33_17_05.png,0.0016973722958937287,0.3075
./Datasets/KADID10K/images/I33_18_01.png,0.017988737672567368,0.675
./Datasets/KADID10K/images/I33_18_02.png,0.012939526699483395,0.8075000000000001
./Datasets/KADID10K/images/I33_18_03.png,0.018411897122859955,0.8999999999999999
./Datasets/KADID10K/images/I33_18_04.png,0.007926702499389648,0.8075000000000001
./Datasets/KADID10K/images/I33_18_05.png,0.003061539027839899,0.7575000000000001
./Datasets/KADID10K/images/I33_19_01.png,0.042116980999708176,0.825
./Datasets/KADID10K/images/I33_19_02.png,0.08862344175577164,0.725
./Datasets/KADID10K/images/I33_19_03.png,0.16423103213310242,0.5
./Datasets/KADID10K/images/I33_19_04.png,0.18346090614795685,0.10749999999999998
./Datasets/KADID10K/images/I33_19_05.png,0.154545396566391,0.03249999999999997
./Datasets/KADID10K/images/I33_20_01.png,0.019395798444747925,0.8425
./Datasets/KADID10K/images/I33_20_02.png,0.022021612152457237,0.8325
./Datasets/KADID10K/images/I33_20_03.png,0.024266470223665237,0.4
./Datasets/KADID10K/images/I33_20_04.png,0.0237128846347332,0.575
./Datasets/KADID10K/images/I33_20_05.png,0.02178027667105198,0.6675
./Datasets/KADID10K/images/I33_21_01.png,0.04020075127482414,0.8174999999999999
./Datasets/KADID10K/images/I33_21_02.png,0.031515493988990784,0.5675
./Datasets/KADID10K/images/I33_21_03.png,0.08937126398086548,0.5175
./Datasets/KADID10K/images/I33_21_04.png,0.07050079852342606,0.4
./Datasets/KADID10K/images/I33_21_05.png,0.3065792918205261,0.08250000000000002
./Datasets/KADID10K/images/I33_22_01.png,0.16248513758182526,0.6825
./Datasets/KADID10K/images/I33_22_02.png,0.16742922365665436,0.5425
./Datasets/KADID10K/images/I33_22_03.png,0.18488048017024994,0.4675
./Datasets/KADID10K/images/I33_22_04.png,0.16149140894412994,0.5575
./Datasets/KADID10K/images/I33_22_05.png,0.16242244839668274,0.22499999999999998
./Datasets/KADID10K/images/I33_23_01.png,0.01675039529800415,0.475
./Datasets/KADID10K/images/I33_23_02.png,0.0348365493118763,0.30000000000000004
./Datasets/KADID10K/images/I33_23_03.png,0.023686081171035767,0.38249999999999995
./Datasets/KADID10K/images/I33_23_04.png,0.0149369016289711,0.23249999999999998
./Datasets/KADID10K/images/I33_23_05.png,0.026388851925730705,0.3425
./Datasets/KADID10K/images/I33_24_01.png,0.0015085010090842843,0.4
./Datasets/KADID10K/images/I33_24_02.png,0.0003998733591288328,0.355
./Datasets/KADID10K/images/I33_24_03.png,0.0001909340062411502,0.175
./Datasets/KADID10K/images/I33_24_04.png,3.4906446671811864e-05,0.1175
./Datasets/KADID10K/images/I33_24_05.png,1.7349288100376725e-05,0.04249999999999998
./Datasets/KADID10K/images/I33_25_01.png,0.0034669851884245872,0.55
./Datasets/KADID10K/images/I33_25_02.png,0.004688633140176535,0.75
./Datasets/KADID10K/images/I33_25_03.png,0.007280328776687384,0.8425
./Datasets/KADID10K/images/I33_25_04.png,0.05154118686914444,0.8075000000000001
./Datasets/KADID10K/images/I33_25_05.png,0.11025707423686981,0.575
./Datasets/KADID10K/images/I34_01_01.png,0.013589492067694664,0.8999999999999999
./Datasets/KADID10K/images/I34_01_02.png,0.0651850551366806,0.8425
./Datasets/KADID10K/images/I34_01_03.png,0.2962956726551056,0.49250000000000005
./Datasets/KADID10K/images/I34_01_04.png,0.5063868165016174,0.175
./Datasets/KADID10K/images/I34_01_05.png,0.7291574478149414,0.07500000000000001
./Datasets/KADID10K/images/I34_02_01.png,0.14658910036087036,0.7075
./Datasets/KADID10K/images/I34_02_02.png,0.3504564166069031,0.4175
./Datasets/KADID10K/images/I34_02_03.png,0.5293681621551514,0.2
./Datasets/KADID10K/images/I34_02_04.png,0.611441433429718,0.09250000000000003
./Datasets/KADID10K/images/I34_02_05.png,0.6811936497688293,0.08250000000000002
./Datasets/KADID10K/images/I34_03_01.png,0.013589492067694664,0.8574999999999999
./Datasets/KADID10K/images/I34_03_02.png,0.10216647386550903,0.7575000000000001
./Datasets/KADID10K/images/I34_03_03.png,0.35584136843681335,0.475
./Datasets/KADID10K/images/I34_03_04.png,0.3651620149612427,0.2925
./Datasets/KADID10K/images/I34_03_05.png,0.4364384114742279,0.175
./Datasets/KADID10K/images/I34_04_01.png,0.03057844564318657,0.8999999999999999
./Datasets/KADID10K/images/I34_04_02.png,0.004139726050198078,0.39249999999999996
./Datasets/KADID10K/images/I34_04_03.png,0.0008588605560362339,0.20750000000000002
./Datasets/KADID10K/images/I34_04_04.png,0.003021140582859516,0.2925
./Datasets/KADID10K/images/I34_04_05.png,0.003460075706243515,0.057499999999999996
./Datasets/KADID10K/images/I34_05_01.png,0.07228193432092667,0.7749999999999999
./Datasets/KADID10K/images/I34_05_02.png,0.17395934462547302,0.48250000000000004
./Datasets/KADID10K/images/I34_05_03.png,0.3371758460998535,0.16749999999999998
./Datasets/KADID10K/images/I34_05_04.png,0.29576095938682556,0.15749999999999997
./Datasets/KADID10K/images/I34_05_05.png,0.3365258574485779,0.09999999999999998
./Datasets/KADID10K/images/I34_06_01.png,0.01492235716432333,0.8075000000000001
./Datasets/KADID10K/images/I34_06_02.png,0.01445059571415186,0.75
./Datasets/KADID10K/images/I34_06_03.png,0.01310009602457285,0.7425
./Datasets/KADID10K/images/I34_06_04.png,0.005611092317849398,0.7175
./Datasets/KADID10K/images/I34_06_05.png,0.0034560449421405792,0.35
./Datasets/KADID10K/images/I34_07_01.png,0.07192832231521606,0.4675
./Datasets/KADID10K/images/I34_07_02.png,0.07881302386522293,0.39249999999999996
./Datasets/KADID10K/images/I34_07_03.png,0.07779163122177124,0.3075
./Datasets/KADID10K/images/I34_07_04.png,0.0754881426692009,0.2925
./Datasets/KADID10K/images/I34_07_05.png,0.03666799142956734,0.4525
./Datasets/KADID10K/images/I34_08_01.png,0.013589492067694664,0.9175
./Datasets/KADID10K/images/I34_08_02.png,0.02315933257341385,0.5075
./Datasets/KADID10K/images/I34_08_03.png,0.02820376306772232,0.4
./Datasets/KADID10K/images/I34_08_04.png,0.08248099684715271,0.2
./Datasets/KADID10K/images/I34_08_05.png,0.3194422125816345,0.09250000000000003
./Datasets/KADID10K/images/I34_09_01.png,0.03889197111129761,0.8999999999999999
./Datasets/KADID10K/images/I34_09_02.png,0.16636134684085846,0.8075000000000001
./Datasets/KADID10K/images/I34_09_03.png,0.2884153127670288,0.725
./Datasets/KADID10K/images/I34_09_04.png,0.4522005617618561,0.395
./Datasets/KADID10K/images/I34_09_05.png,0.6698739528656006,0.04999999999999999
./Datasets/KADID10K/images/I34_10_01.png,0.10246044397354126,0.875
./Datasets/KADID10K/images/I34_10_02.png,0.12692123651504517,0.875
./Datasets/KADID10K/images/I34_10_03.png,0.22965006530284882,0.7
./Datasets/KADID10K/images/I34_10_04.png,0.6222631335258484,0.1325
./Datasets/KADID10K/images/I34_10_05.png,0.7989939451217651,0.04249999999999998
./Datasets/KADID10K/images/I34_11_01.png,0.10042131692171097,0.7675000000000001
./Datasets/KADID10K/images/I34_11_02.png,0.2161775678396225,0.5425
./Datasets/KADID10K/images/I34_11_03.png,0.2468186616897583,0.5575
./Datasets/KADID10K/images/I34_11_04.png,0.34290245175361633,0.38249999999999995
./Datasets/KADID10K/images/I34_11_05.png,0.40941083431243896,0.25
./Datasets/KADID10K/images/I34_12_01.png,0.03233879432082176,0.8574999999999999
./Datasets/KADID10K/images/I34_12_02.png,0.1488288789987564,0.7075
./Datasets/KADID10K/images/I34_12_03.png,0.285183310508728,0.49250000000000005
./Datasets/KADID10K/images/I34_12_04.png,0.35919836163520813,0.44999999999999996
./Datasets/KADID10K/images/I34_12_05.png,0.39416253566741943,0.3325
./Datasets/KADID10K/images/I34_13_01.png,0.026822887361049652,0.625
./Datasets/KADID10K/images/I34_13_02.png,0.09111151099205017,0.39249999999999996
./Datasets/KADID10K/images/I34_13_03.png,0.1927245706319809,0.4075
./Datasets/KADID10K/images/I34_13_04.png,0.35429927706718445,0.26749999999999996
./Datasets/KADID10K/images/I34_13_05.png,0.3552019000053406,0.29000000000000004
./Datasets/KADID10K/images/I34_14_01.png,0.018651844933629036,0.8
./Datasets/KADID10K/images/I34_14_02.png,0.06405667960643768,0.5675
./Datasets/KADID10K/images/I34_14_03.png,0.18937696516513824,0.42500000000000004
./Datasets/KADID10K/images/I34_14_04.png,0.3181690275669098,0.4075
./Datasets/KADID10K/images/I34_14_05.png,0.46143385767936707,0.3075
./Datasets/KADID10K/images/I34_15_01.png,0.3902333080768585,0.5325
./Datasets/KADID10K/images/I34_15_02.png,0.48927396535873413,0.36750000000000005
./Datasets/KADID10K/images/I34_15_03.png,0.5471445322036743,0.21750000000000003
./Datasets/KADID10K/images/I34_15_04.png,0.6194169521331787,0.15000000000000002
./Datasets/KADID10K/images/I34_15_05.png,0.6737255454063416,0.09999999999999998
./Datasets/KADID10K/images/I34_16_01.png,0.017505120486021042,0.8674999999999999
./Datasets/KADID10K/images/I34_16_02.png,0.01839226484298706,0.8
./Datasets/KADID10K/images/I34_16_03.png,0.013683008030056953,0.525
./Datasets/KADID10K/images/I34_16_04.png,0.003009527688845992,0.2825
./Datasets/KADID10K/images/I34_16_05.png,0.0003883817989844829,0.14250000000000002
./Datasets/KADID10K/images/I34_17_01.png,0.01152808964252472,0.9075
./Datasets/KADID10K/images/I34_17_02.png,0.008467946201562881,0.8999999999999999
./Datasets/KADID10K/images/I34_17_03.png,0.004277192987501621,0.7
./Datasets/KADID10K/images/I34_17_04.png,0.0009173404541797936,0.6075
./Datasets/KADID10K/images/I34_17_05.png,0.0024140095338225365,0.25
./Datasets/KADID10K/images/I34_18_01.png,0.0037644195836037397,0.7075
./Datasets/KADID10K/images/I34_18_02.png,0.006902968976646662,0.9075
./Datasets/KADID10K/images/I34_18_03.png,0.013589492067694664,0.915
./Datasets/KADID10K/images/I34_18_04.png,0.0039016620721668005,0.8325
./Datasets/KADID10K/images/I34_18_05.png,0.002298777922987938,0.6675
./Datasets/KADID10K/images/I34_19_01.png,0.04055088758468628,0.8500000000000001
./Datasets/KADID10K/images/I34_19_02.png,0.09621363133192062,0.8
./Datasets/KADID10K/images/I34_19_03.png,0.28022488951683044,0.6625
./Datasets/KADID10K/images/I34_19_04.png,0.5047255754470825,0.1925
./Datasets/KADID10K/images/I34_19_05.png,0.49630144238471985,0.09250000000000003
./Datasets/KADID10K/images/I34_20_01.png,0.017476072534918785,0.875
./Datasets/KADID10K/images/I34_20_02.png,0.013128874823451042,0.7325
./Datasets/KADID10K/images/I34_20_03.png,0.020365677773952484,0.7675000000000001
./Datasets/KADID10K/images/I34_20_04.png,0.027220146730542183,0.6
./Datasets/KADID10K/images/I34_20_05.png,0.013908034190535545,0.6
./Datasets/KADID10K/images/I34_21_01.png,0.02382604405283928,0.7925
./Datasets/KADID10K/images/I34_21_02.png,0.055138394236564636,0.6
./Datasets/KADID10K/images/I34_21_03.png,0.11742335557937622,0.4575
./Datasets/KADID10K/images/I34_21_04.png,0.16738581657409668,0.4175
./Datasets/KADID10K/images/I34_21_05.png,0.567882776260376,0.125
./Datasets/KADID10K/images/I34_22_01.png,0.02007027342915535,0.8425
./Datasets/KADID10K/images/I34_22_02.png,0.02941223978996277,0.8674999999999999
./Datasets/KADID10K/images/I34_22_03.png,0.04478191211819649,0.7175
./Datasets/KADID10K/images/I34_22_04.png,0.046201158314943314,0.6075
./Datasets/KADID10K/images/I34_22_05.png,0.08945468068122864,0.3075
./Datasets/KADID10K/images/I34_23_01.png,0.01085513737052679,0.32499999999999996
./Datasets/KADID10K/images/I34_23_02.png,0.01994301937520504,0.3325
./Datasets/KADID10K/images/I34_23_03.png,0.016327792778611183,0.3425
./Datasets/KADID10K/images/I34_23_04.png,0.027993034571409225,0.26749999999999996
./Datasets/KADID10K/images/I34_23_05.png,0.03439896181225777,0.15749999999999997
./Datasets/KADID10K/images/I34_24_01.png,0.0018081426387652755,0.675
./Datasets/KADID10K/images/I34_24_02.png,0.0003429628850426525,0.4575
./Datasets/KADID10K/images/I34_24_03.png,0.00032614273368380964,0.35750000000000004
./Datasets/KADID10K/images/I34_24_04.png,0.0003992435522377491,0.15000000000000002
./Datasets/KADID10K/images/I34_24_05.png,8.189040272554848e-06,0.0675
./Datasets/KADID10K/images/I34_25_01.png,0.000125935795949772,0.5075
./Datasets/KADID10K/images/I34_25_02.png,0.000413206173107028,0.6075
./Datasets/KADID10K/images/I34_25_03.png,0.001961169531568885,0.8174999999999999
./Datasets/KADID10K/images/I34_25_04.png,0.038833826780319214,0.75
./Datasets/KADID10K/images/I34_25_05.png,0.09582199901342392,0.4075
./Datasets/KADID10K/images/I35_01_01.png,0.015041780658066273,0.8825000000000001
./Datasets/KADID10K/images/I35_01_02.png,0.09291602671146393,0.875
./Datasets/KADID10K/images/I35_01_03.png,0.36424994468688965,0.55
./Datasets/KADID10K/images/I35_01_04.png,0.5587076544761658,0.2425
./Datasets/KADID10K/images/I35_01_05.png,0.780148446559906,0.08250000000000002
./Datasets/KADID10K/images/I35_02_01.png,0.21934345364570618,0.8325
./Datasets/KADID10K/images/I35_02_02.png,0.3940680921077728,0.5075
./Datasets/KADID10K/images/I35_02_03.png,0.5857118964195251,0.22499999999999998
./Datasets/KADID10K/images/I35_02_04.png,0.6584324240684509,0.09250000000000003
./Datasets/KADID10K/images/I35_02_05.png,0.7071928977966309,0.125
./Datasets/KADID10K/images/I35_03_01.png,0.015041780658066273,0.925
./Datasets/KADID10K/images/I35_03_02.png,0.14655423164367676,0.8825000000000001
./Datasets/KADID10K/images/I35_03_03.png,0.3614901900291443,0.49250000000000005
./Datasets/KADID10K/images/I35_03_04.png,0.4437699019908905,0.36750000000000005
./Datasets/KADID10K/images/I35_03_05.png,0.49845370650291443,0.22499999999999998
./Datasets/KADID10K/images/I35_04_01.png,0.026050904765725136,0.9075
./Datasets/KADID10K/images/I35_04_02.png,0.04601506143808365,0.35750000000000004
./Datasets/KADID10K/images/I35_04_03.png,0.04382147639989853,0.2
./Datasets/KADID10K/images/I35_04_04.png,0.056216076016426086,0.2425
./Datasets/KADID10K/images/I35_04_05.png,0.09258561581373215,0.1925
./Datasets/KADID10K/images/I35_05_01.png,0.08248370885848999,0.8075000000000001
./Datasets/KADID10K/images/I35_05_02.png,0.11345000565052032,0.6
./Datasets/KADID10K/images/I35_05_03.png,0.128001868724823,0.32499999999999996
./Datasets/KADID10K/images/I35_05_04.png,0.13429126143455505,0.4075
./Datasets/KADID10K/images/I35_05_05.png,0.14416846632957458,0.44999999999999996
./Datasets/KADID10K/images/I35_06_01.png,5.245957072474994e-05,0.7925
./Datasets/KADID10K/images/I35_06_02.png,0.0015938363503664732,0.7325
./Datasets/KADID10K/images/I35_06_03.png,0.0016560157528147101,0.6175
./Datasets/KADID10K/images/I35_06_04.png,6.824445154052228e-05,0.49250000000000005
./Datasets/KADID10K/images/I35_06_05.png,0.0006754040368832648,0.42500000000000004
./Datasets/KADID10K/images/I35_07_01.png,0.013540209271013737,0.48250000000000004
./Datasets/KADID10K/images/I35_07_02.png,0.013286391273140907,0.3175
./Datasets/KADID10K/images/I35_07_03.png,0.016798606142401695,0.26749999999999996
./Datasets/KADID10K/images/I35_07_04.png,0.018998954445123672,0.35750000000000004
./Datasets/KADID10K/images/I35_07_05.png,0.01571233570575714,0.36750000000000005
./Datasets/KADID10K/images/I35_08_01.png,0.015041780658066273,0.875
./Datasets/KADID10K/images/I35_08_02.png,0.02742272987961769,0.7075
./Datasets/KADID10K/images/I35_08_03.png,0.06225595250725746,0.4675
./Datasets/KADID10K/images/I35_08_04.png,0.15268437564373016,0.35750000000000004
./Datasets/KADID10K/images/I35_08_05.png,0.20742419362068176,0.1175
./Datasets/KADID10K/images/I35_09_01.png,0.042066577821969986,0.9424999999999999
./Datasets/KADID10K/images/I35_09_02.png,0.18569786846637726,0.9325000000000001
./Datasets/KADID10K/images/I35_09_03.png,0.27289217710494995,0.75
./Datasets/KADID10K/images/I35_09_04.png,0.47356894612312317,0.38249999999999995
./Datasets/KADID10K/images/I35_09_05.png,0.7146618962287903,0.07500000000000001
./Datasets/KADID10K/images/I35_10_01.png,0.1380852311849594,0.8825000000000001
./Datasets/KADID10K/images/I35_10_02.png,0.1519658863544464,0.8574999999999999
./Datasets/KADID10K/images/I35_10_03.png,0.21351505815982819,0.7675000000000001
./Datasets/KADID10K/images/I35_10_04.png,0.447957843542099,0.2
./Datasets/KADID10K/images/I35_10_05.png,0.6809853315353394,0.1175
./Datasets/KADID10K/images/I35_11_01.png,0.045849647372961044,0.7
./Datasets/KADID10K/images/I35_11_02.png,0.03984673693776131,0.5575
./Datasets/KADID10K/images/I35_11_03.png,0.057797301560640335,0.55
./Datasets/KADID10K/images/I35_11_04.png,0.19658057391643524,0.36750000000000005
./Datasets/KADID10K/images/I35_11_05.png,0.27778834104537964,0.35
./Datasets/KADID10K/images/I35_12_01.png,0.030860694125294685,0.8674999999999999
./Datasets/KADID10K/images/I35_12_02.png,0.00670376094058156,0.6575
./Datasets/KADID10K/images/I35_12_03.png,0.1488417237997055,0.42500000000000004
./Datasets/KADID10K/images/I35_12_04.png,0.23194999992847443,0.4
./Datasets/KADID10K/images/I35_12_05.png,0.2797790765762329,0.2925
./Datasets/KADID10K/images/I35_13_01.png,0.0007651161286048591,0.6325
./Datasets/KADID10K/images/I35_13_02.png,0.0020194645039737225,0.5075
./Datasets/KADID10K/images/I35_13_03.png,0.003879853757098317,0.4325
./Datasets/KADID10K/images/I35_13_04.png,0.03521553426980972,0.30000000000000004
./Datasets/KADID10K/images/I35_13_05.png,0.07151583582162857,0.32499999999999996
./Datasets/KADID10K/images/I35_14_01.png,0.024973630905151367,0.8174999999999999
./Datasets/KADID10K/images/I35_14_02.png,0.10406682640314102,0.5575
./Datasets/KADID10K/images/I35_14_03.png,0.10782801359891891,0.4425
./Datasets/KADID10K/images/I35_14_04.png,0.23682187497615814,0.4
./Datasets/KADID10K/images/I35_14_05.png,0.3476921319961548,0.25
./Datasets/KADID10K/images/I35_15_01.png,0.25753629207611084,0.8174999999999999
./Datasets/KADID10K/images/I35_15_02.png,0.3540564477443695,0.5325
./Datasets/KADID10K/images/I35_15_03.png,0.45015060901641846,0.38249999999999995
./Datasets/KADID10K/images/I35_15_04.png,0.5519794821739197,0.275
./Datasets/KADID10K/images/I35_15_05.png,0.6054195165634155,0.15749999999999997
./Datasets/KADID10K/images/I35_16_01.png,0.01664149761199951,0.9325000000000001
./Datasets/KADID10K/images/I35_16_02.png,0.01746874488890171,0.925
./Datasets/KADID10K/images/I35_16_03.png,0.017126284539699554,0.7
./Datasets/KADID10K/images/I35_16_04.png,0.041207730770111084,0.39249999999999996
./Datasets/KADID10K/images/I35_16_05.png,0.06769577413797379,0.1825
./Datasets/KADID10K/images/I35_17_01.png,0.013434384018182755,0.95
./Datasets/KADID10K/images/I35_17_02.png,0.012904883362352848,0.9424999999999999
./Datasets/KADID10K/images/I35_17_03.png,0.009607555344700813,0.9075
./Datasets/KADID10K/images/I35_17_04.png,0.006292117293924093,0.7825
./Datasets/KADID10K/images/I35_17_05.png,0.0024423629511147738,0.39249999999999996
./Datasets/KADID10K/images/I35_18_01.png,0.004501579329371452,0.8075000000000001
./Datasets/KADID10K/images/I35_18_02.png,0.005654144566506147,0.925
./Datasets/KADID10K/images/I35_18_03.png,0.015041780658066273,0.9325000000000001
./Datasets/KADID10K/images/I35_18_04.png,0.008086337707936764,0.8999999999999999
./Datasets/KADID10K/images/I35_18_05.png,0.005261570680886507,0.8500000000000001
./Datasets/KADID10K/images/I35_19_01.png,0.047162014991045,0.9175
./Datasets/KADID10K/images/I35_19_02.png,0.12318189442157745,0.8574999999999999
./Datasets/KADID10K/images/I35_19_03.png,0.22475294768810272,0.6175
./Datasets/KADID10K/images/I35_19_04.png,0.2982340157032013,0.2925
./Datasets/KADID10K/images/I35_19_05.png,0.29778844118118286,0.1325
./Datasets/KADID10K/images/I35_20_01.png,0.014858372509479523,0.9175
./Datasets/KADID10K/images/I35_20_02.png,0.027883829548954964,0.7175
./Datasets/KADID10K/images/I35_20_03.png,0.02131509594619274,0.7025
./Datasets/KADID10K/images/I35_20_04.png,0.017248079180717468,0.6675
./Datasets/KADID10K/images/I35_20_05.png,0.031516384333372116,0.5325
./Datasets/KADID10K/images/I35_21_01.png,0.027407975867390633,0.8425
./Datasets/KADID10K/images/I35_21_02.png,0.02490275725722313,0.5925
./Datasets/KADID10K/images/I35_21_03.png,0.045558102428913116,0.6075
./Datasets/KADID10K/images/I35_21_04.png,0.11507413536310196,0.48250000000000004
./Datasets/KADID10K/images/I35_21_05.png,0.2936091721057892,0.1375
./Datasets/KADID10K/images/I35_22_01.png,0.03435101732611656,0.7075
./Datasets/KADID10K/images/I35_22_02.png,0.04511381313204765,0.7325
./Datasets/KADID10K/images/I35_22_03.png,0.04286006838083267,0.5325
./Datasets/KADID10K/images/I35_22_04.png,0.036640606820583344,0.5
./Datasets/KADID10K/images/I35_22_05.png,0.057915639132261276,0.3425
./Datasets/KADID10K/images/I35_23_01.png,0.024430647492408752,0.4
./Datasets/KADID10K/images/I35_23_02.png,0.021532529965043068,0.5425
./Datasets/KADID10K/images/I35_23_03.png,0.020110860466957092,0.4075
./Datasets/KADID10K/images/I35_23_04.png,0.0403703898191452,0.39249999999999996
./Datasets/KADID10K/images/I35_23_05.png,0.03163980692625046,0.32499999999999996
./Datasets/KADID10K/images/I35_24_01.png,0.0009111020481213927,0.6575
./Datasets/KADID10K/images/I35_24_02.png,0.000836668536067009,0.5075
./Datasets/KADID10K/images/I35_24_03.png,0.0016120020300149918,0.2925
./Datasets/KADID10K/images/I35_24_04.png,0.006107919383794069,0.16749999999999998
./Datasets/KADID10K/images/I35_24_05.png,0.028679203242063522,0.09999999999999998
./Datasets/KADID10K/images/I35_25_01.png,0.0004973737522959709,0.6325
./Datasets/KADID10K/images/I35_25_02.png,0.001020643743686378,0.8425
./Datasets/KADID10K/images/I35_25_03.png,0.0035185301676392555,0.8999999999999999
./Datasets/KADID10K/images/I35_25_04.png,0.04215439781546593,0.8674999999999999
./Datasets/KADID10K/images/I35_25_05.png,0.08377400785684586,0.7
./Datasets/KADID10K/images/I36_01_01.png,1.8429916963214055e-05,0.9075
./Datasets/KADID10K/images/I36_01_02.png,0.0009026886546052992,0.8825000000000001
./Datasets/KADID10K/images/I36_01_03.png,0.0389019139111042,0.625
./Datasets/KADID10K/images/I36_01_04.png,0.15657182037830353,0.275
./Datasets/KADID10K/images/I36_01_05.png,0.7225562930107117,0.0675
./Datasets/KADID10K/images/I36_02_01.png,0.006490000523626804,0.8075000000000001
./Datasets/KADID10K/images/I36_02_02.png,0.05539127066731453,0.5175
./Datasets/KADID10K/images/I36_02_03.png,0.20793268084526062,0.26749999999999996
./Datasets/KADID10K/images/I36_02_04.png,0.45088568329811096,0.14250000000000002
./Datasets/KADID10K/images/I36_02_05.png,0.5592333078384399,0.065
./Datasets/KADID10K/images/I36_03_01.png,1.8429916963214055e-05,0.925
./Datasets/KADID10K/images/I36_03_02.png,0.00047880751662887633,0.875
./Datasets/KADID10K/images/I36_03_03.png,0.022529374808073044,0.5325
./Datasets/KADID10K/images/I36_03_04.png,0.04462265595793724,0.26749999999999996
./Datasets/KADID10K/images/I36_03_05.png,0.05239570140838623,0.25749999999999995
./Datasets/KADID10K/images/I36_04_01.png,5.5525080824736506e-05,0.8825000000000001
./Datasets/KADID10K/images/I36_04_02.png,0.0020742162596434355,0.22499999999999998
./Datasets/KADID10K/images/I36_04_03.png,0.015498022548854351,0.07250000000000001
./Datasets/KADID10K/images/I36_04_04.png,0.031533051282167435,0.03249999999999997
./Datasets/KADID10K/images/I36_04_05.png,0.03768230602145195,0.04999999999999999
./Datasets/KADID10K/images/I36_05_01.png,0.000276047590887174,0.925
./Datasets/KADID10K/images/I36_05_02.png,0.00458420068025589,0.7175
./Datasets/KADID10K/images/I36_05_03.png,0.007713123224675655,0.42500000000000004
./Datasets/KADID10K/images/I36_05_04.png,0.009739088825881481,0.4675
./Datasets/KADID10K/images/I36_05_05.png,0.015724750235676765,0.44999999999999996
./Datasets/KADID10K/images/I36_06_01.png,4.5005822357779834e-06,0.8
./Datasets/KADID10K/images/I36_06_02.png,4.440557859197725e-06,0.8075000000000001
./Datasets/KADID10K/images/I36_06_03.png,1.577791749696189e-06,0.7575000000000001
./Datasets/KADID10K/images/I36_06_04.png,3.057499782244122e-07,0.5575
./Datasets/KADID10K/images/I36_06_05.png,1.0430535724026413e-07,0.4675
./Datasets/KADID10K/images/I36_07_01.png,0.0003984469803981483,0.36750000000000005
./Datasets/KADID10K/images/I36_07_02.png,0.002727972576394677,0.23249999999999998
./Datasets/KADID10K/images/I36_07_03.png,0.009309995919466019,0.25749999999999995
./Datasets/KADID10K/images/I36_07_04.png,0.011483504436910152,0.35
./Datasets/KADID10K/images/I36_07_05.png,0.0008422273094765842,0.275
./Datasets/KADID10K/images/I36_08_01.png,1.8429916963214055e-05,0.9325000000000001
./Datasets/KADID10K/images/I36_08_02.png,0.00013489792763721198,0.5575
./Datasets/KADID10K/images/I36_08_03.png,0.0028273463249206543,0.32499999999999996
./Datasets/KADID10K/images/I36_08_04.png,0.018967749550938606,0.2
./Datasets/KADID10K/images/I36_08_05.png,0.02338152751326561,0.1825
./Datasets/KADID10K/images/I36_09_01.png,0.000288537674350664,0.95
./Datasets/KADID10K/images/I36_09_02.png,0.011171340011060238,0.8174999999999999
./Datasets/KADID10K/images/I36_09_03.png,0.04311405494809151,0.6675
./Datasets/KADID10K/images/I36_09_04.png,0.33748963475227356,0.2425
./Datasets/KADID10K/images/I36_09_05.png,0.7394729852676392,0.10749999999999998
./Datasets/KADID10K/images/I36_10_01.png,0.0011714870342984796,0.8325
./Datasets/KADID10K/images/I36_10_02.png,0.0038774844724684954,0.8574999999999999
./Datasets/KADID10K/images/I36_10_03.png,0.013532326556742191,0.7925
./Datasets/KADID10K/images/I36_10_04.png,0.35725611448287964,0.26749999999999996
./Datasets/KADID10K/images/I36_10_05.png,0.685792088508606,0.10749999999999998
./Datasets/KADID10K/images/I36_11_01.png,0.0013701714342460036,0.875
./Datasets/KADID10K/images/I36_11_02.png,0.009611081331968307,0.6075
./Datasets/KADID10K/images/I36_11_03.png,0.026872985064983368,0.49250000000000005
./Datasets/KADID10K/images/I36_11_04.png,0.05870286747813225,0.525
./Datasets/KADID10K/images/I36_11_05.png,0.17268837988376617,0.3175
./Datasets/KADID10K/images/I36_12_01.png,0.0001452635187888518,0.9325000000000001
./Datasets/KADID10K/images/I36_12_02.png,0.006908023729920387,0.7575000000000001
./Datasets/KADID10K/images/I36_12_03.png,0.028326448053121567,0.6
./Datasets/KADID10K/images/I36_12_04.png,0.06282515078783035,0.39249999999999996
./Datasets/KADID10K/images/I36_12_05.png,0.11912143975496292,0.38249999999999995
./Datasets/KADID10K/images/I36_13_01.png,1.3327266970009077e-05,0.625
./Datasets/KADID10K/images/I36_13_02.png,1.4029242265678477e-05,0.4175
./Datasets/KADID10K/images/I36_13_03.png,6.602643679798348e-06,0.36750000000000005
./Datasets/KADID10K/images/I36_13_04.png,0.0001576288341311738,0.3075
./Datasets/KADID10K/images/I36_13_05.png,0.0031310326885432005,0.235
./Datasets/KADID10K/images/I36_14_01.png,1.2296073691686615e-05,0.9325000000000001
./Datasets/KADID10K/images/I36_14_02.png,6.711464084219187e-05,0.7325
./Datasets/KADID10K/images/I36_14_03.png,0.0002289076946908608,0.5825
./Datasets/KADID10K/images/I36_14_04.png,0.0011578635312616825,0.5425
./Datasets/KADID10K/images/I36_14_05.png,0.006596242543309927,0.30000000000000004
./Datasets/KADID10K/images/I36_15_01.png,0.04144949093461037,0.8075000000000001
./Datasets/KADID10K/images/I36_15_02.png,0.2158733755350113,0.5575
./Datasets/KADID10K/images/I36_15_03.png,0.3380576968193054,0.35750000000000004
./Datasets/KADID10K/images/I36_15_04.png,0.5375562906265259,0.10749999999999998
./Datasets/KADID10K/images/I36_15_05.png,0.6490725874900818,0.10499999999999998
./Datasets/KADID10K/images/I36_16_01.png,1.4029977137397509e-05,0.9424999999999999
./Datasets/KADID10K/images/I36_16_02.png,1.2120103747292887e-05,0.9175
./Datasets/KADID10K/images/I36_16_03.png,7.859367542550899e-06,0.7925
./Datasets/KADID10K/images/I36_16_04.png,3.6560204534907825e-06,0.6325
./Datasets/KADID10K/images/I36_16_05.png,5.02128614243702e-06,0.375
./Datasets/KADID10K/images/I36_17_01.png,1.6132764358189888e-05,0.9424999999999999
./Datasets/KADID10K/images/I36_17_02.png,1.7607660993235186e-05,0.9075
./Datasets/KADID10K/images/I36_17_03.png,1.7565380403539166e-05,0.875
./Datasets/KADID10K/images/I36_17_04.png,1.6960673747234978e-05,0.625
./Datasets/KADID10K/images/I36_17_05.png,0.00028070484404452145,0.23249999999999998
./Datasets/KADID10K/images/I36_18_01.png,4.5961410251038615e-06,0.8925000000000001
./Datasets/KADID10K/images/I36_18_02.png,9.219125786330551e-06,0.9424999999999999
./Datasets/KADID10K/images/I36_18_03.png,1.8429916963214055e-05,0.9175
./Datasets/KADID10K/images/I36_18_04.png,1.9282142602605745e-05,0.825
./Datasets/KADID10K/images/I36_18_05.png,1.8157970771426335e-05,0.8174999999999999
./Datasets/KADID10K/images/I36_19_01.png,0.00023410948051605374,0.9424999999999999
./Datasets/KADID10K/images/I36_19_02.png,0.004577058367431164,0.7
./Datasets/KADID10K/images/I36_19_03.png,0.05698366463184357,0.5175
./Datasets/KADID10K/images/I36_19_04.png,0.16311536729335785,0.175
./Datasets/KADID10K/images/I36_19_05.png,0.13802675902843475,0.09250000000000003
./Datasets/KADID10K/images/I36_20_01.png,2.2774005628889427e-05,0.9175
./Datasets/KADID10K/images/I36_20_02.png,5.056056033936329e-05,0.8
./Datasets/KADID10K/images/I36_20_03.png,3.356713568791747e-05,0.8999999999999999
./Datasets/KADID10K/images/I36_20_04.png,9.313740156358108e-05,0.6575
./Datasets/KADID10K/images/I36_20_05.png,7.364735938608646e-05,0.6575
./Datasets/KADID10K/images/I36_21_01.png,4.342450847616419e-05,0.8174999999999999
./Datasets/KADID10K/images/I36_21_02.png,8.28193878987804e-05,0.6675
./Datasets/KADID10K/images/I36_21_03.png,0.000497331959195435,0.525
./Datasets/KADID10K/images/I36_21_04.png,0.0004357670259196311,0.5175
./Datasets/KADID10K/images/I36_21_05.png,0.29260995984077454,0.125
./Datasets/KADID10K/images/I36_22_01.png,2.2422582333092578e-05,0.8999999999999999
./Datasets/KADID10K/images/I36_22_02.png,3.446079426794313e-05,0.8999999999999999
./Datasets/KADID10K/images/I36_22_03.png,8.21980502223596e-05,0.9175
./Datasets/KADID10K/images/I36_22_04.png,0.00016865177894942462,0.8425
./Datasets/KADID10K/images/I36_22_05.png,0.00021278667554724962,0.625
./Datasets/KADID10K/images/I36_23_01.png,3.349081089254469e-05,0.42500000000000004
./Datasets/KADID10K/images/I36_23_02.png,5.087386671220884e-05,0.3425
./Datasets/KADID10K/images/I36_23_03.png,0.00013061153003945947,0.4575
./Datasets/KADID10K/images/I36_23_04.png,0.00016114948084577918,0.20750000000000002
./Datasets/KADID10K/images/I36_23_05.png,0.00038028258131816983,0.2825
./Datasets/KADID10K/images/I36_24_01.png,2.774592644527729e-07,0.725
./Datasets/KADID10K/images/I36_24_02.png,1.198489343323672e-07,0.475
./Datasets/KADID10K/images/I36_24_03.png,1.8474773355592333e-07,0.36750000000000005
./Datasets/KADID10K/images/I36_24_04.png,1.7110847920775996e-06,0.09999999999999998
./Datasets/KADID10K/images/I36_24_05.png,8.891885954653844e-06,0.08250000000000002
./Datasets/KADID10K/images/I36_25_01.png,3.861732693621889e-06,0.7175
./Datasets/KADID10K/images/I36_25_02.png,4.896023710898589e-06,0.8
./Datasets/KADID10K/images/I36_25_03.png,7.194750196504174e-06,0.8999999999999999
./Datasets/KADID10K/images/I36_25_04.png,5.024228084948845e-05,0.8500000000000001
./Datasets/KADID10K/images/I36_25_05.png,0.0001909396523842588,0.7749999999999999
./Datasets/KADID10K/images/I37_01_01.png,0.008937506936490536,0.9424999999999999
./Datasets/KADID10K/images/I37_01_02.png,0.07598520815372467,0.7749999999999999
./Datasets/KADID10K/images/I37_01_03.png,0.23980902135372162,0.4675
./Datasets/KADID10K/images/I37_01_04.png,0.32591569423675537,0.1325
./Datasets/KADID10K/images/I37_01_05.png,0.6435117125511169,0.08250000000000002
./Datasets/KADID10K/images/I37_02_01.png,0.16193555295467377,0.6925
./Datasets/KADID10K/images/I37_02_02.png,0.2531082034111023,0.25749999999999995
./Datasets/KADID10K/images/I37_02_03.png,0.34052276611328125,0.09999999999999998
./Datasets/KADID10K/images/I37_02_04.png,0.438470721244812,0.057499999999999996
./Datasets/KADID10K/images/I37_02_05.png,0.5540052652359009,0.09250000000000003
./Datasets/KADID10K/images/I37_03_01.png,0.008937506936490536,0.8925000000000001
./Datasets/KADID10K/images/I37_03_02.png,0.13017556071281433,0.8075000000000001
./Datasets/KADID10K/images/I37_03_03.png,0.24843016266822815,0.475
./Datasets/KADID10K/images/I37_03_04.png,0.21123288571834564,0.2825
./Datasets/KADID10K/images/I37_03_05.png,0.2621978223323822,0.15000000000000002
./Datasets/KADID10K/images/I37_04_01.png,0.00749134412035346,0.8574999999999999
./Datasets/KADID10K/images/I37_04_02.png,0.027972739189863205,0.4675
./Datasets/KADID10K/images/I37_04_03.png,0.13916407525539398,0.23249999999999998
./Datasets/KADID10K/images/I37_04_04.png,0.14293451607227325,0.20750000000000002
./Datasets/KADID10K/images/I37_04_05.png,0.1683218628168106,0.09999999999999998
./Datasets/KADID10K/images/I37_05_01.png,0.031060583889484406,0.825
./Datasets/KADID10K/images/I37_05_02.png,0.08903609216213226,0.3425
./Datasets/KADID10K/images/I37_05_03.png,0.11085107177495956,0.15749999999999997
./Datasets/KADID10K/images/I37_05_04.png,0.11444202810525894,0.2
./Datasets/KADID10K/images/I37_05_05.png,0.10694606602191925,0.20750000000000002
./Datasets/KADID10K/images/I37_06_01.png,0.0011821486987173557,0.7575000000000001
./Datasets/KADID10K/images/I37_06_02.png,0.0006615470629185438,0.7425
./Datasets/KADID10K/images/I37_06_03.png,0.0006438209093175828,0.8174999999999999
./Datasets/KADID10K/images/I37_06_04.png,7.565775740658864e-05,0.5575
./Datasets/KADID10K/images/I37_06_05.png,9.366412086819764e-06,0.49250000000000005
./Datasets/KADID10K/images/I37_07_01.png,0.02855301834642887,0.5175
./Datasets/KADID10K/images/I37_07_02.png,0.0938611552119255,0.36750000000000005
./Datasets/KADID10K/images/I37_07_03.png,0.14713293313980103,0.2825
./Datasets/KADID10K/images/I37_07_04.png,0.1500771939754486,0.2925
./Datasets/KADID10K/images/I37_07_05.png,0.2581459879875183,0.20750000000000002
./Datasets/KADID10K/images/I37_08_01.png,0.008937506936490536,0.9175
./Datasets/KADID10K/images/I37_08_02.png,0.017867011949419975,0.645
./Datasets/KADID10K/images/I37_08_03.png,0.05241449177265167,0.48250000000000004
./Datasets/KADID10K/images/I37_08_04.png,0.22538429498672485,0.23249999999999998
./Datasets/KADID10K/images/I37_08_05.png,0.2562862038612366,0.20750000000000002
./Datasets/KADID10K/images/I37_09_01.png,0.026614995673298836,0.8674999999999999
./Datasets/KADID10K/images/I37_09_02.png,0.04966069385409355,0.7325
./Datasets/KADID10K/images/I37_09_03.png,0.09343564510345459,0.575
./Datasets/KADID10K/images/I37_09_04.png,0.24496008455753326,0.3075
./Datasets/KADID10K/images/I37_09_05.png,0.5661400556564331,0.04249999999999998
./Datasets/KADID10K/images/I37_10_01.png,0.04369011148810387,0.7575000000000001
./Datasets/KADID10K/images/I37_10_02.png,0.04644538089632988,0.725
./Datasets/KADID10K/images/I37_10_03.png,0.08851000666618347,0.6325
./Datasets/KADID10K/images/I37_10_04.png,0.6016866564750671,0.1925
./Datasets/KADID10K/images/I37_10_05.png,0.7996088266372681,0.03249999999999997
./Datasets/KADID10K/images/I37_11_01.png,0.06552660465240479,0.5175
./Datasets/KADID10K/images/I37_11_02.png,0.11246160417795181,0.5
./Datasets/KADID10K/images/I37_11_03.png,0.151960551738739,0.4575
./Datasets/KADID10K/images/I37_11_04.png,0.21920832991600037,0.3425
./Datasets/KADID10K/images/I37_11_05.png,0.2894333004951477,0.20750000000000002
./Datasets/KADID10K/images/I37_12_01.png,0.0268697552382946,0.8125
./Datasets/KADID10K/images/I37_12_02.png,0.08573250472545624,0.5675
./Datasets/KADID10K/images/I37_12_03.png,0.12139415740966797,0.4675
./Datasets/KADID10K/images/I37_12_04.png,0.22625648975372314,0.32499999999999996
./Datasets/KADID10K/images/I37_12_05.png,0.27824971079826355,0.25
./Datasets/KADID10K/images/I37_13_01.png,0.0020842240191996098,0.6175
./Datasets/KADID10K/images/I37_13_02.png,0.0004681247810367495,0.49250000000000005
./Datasets/KADID10K/images/I37_13_03.png,0.0005818012868985534,0.32499999999999996
./Datasets/KADID10K/images/I37_13_04.png,0.013864605687558651,0.3325
./Datasets/KADID10K/images/I37_13_05.png,0.0695137307047844,0.275
./Datasets/KADID10K/images/I37_14_01.png,0.03074527531862259,0.6575
./Datasets/KADID10K/images/I37_14_02.png,0.09566579759120941,0.4175
./Datasets/KADID10K/images/I37_14_03.png,0.13796894252300262,0.4175
./Datasets/KADID10K/images/I37_14_04.png,0.2567387819290161,0.25749999999999995
./Datasets/KADID10K/images/I37_14_05.png,0.42567718029022217,0.15000000000000002
./Datasets/KADID10K/images/I37_15_01.png,0.2946982681751251,0.725
./Datasets/KADID10K/images/I37_15_02.png,0.44629189372062683,0.375
./Datasets/KADID10K/images/I37_15_03.png,0.530576229095459,0.21750000000000003
./Datasets/KADID10K/images/I37_15_04.png,0.6015934944152832,0.09250000000000003
./Datasets/KADID10K/images/I37_15_05.png,0.67461097240448,0.057499999999999996
./Datasets/KADID10K/images/I37_16_01.png,0.011552027426660061,0.8574999999999999
./Datasets/KADID10K/images/I37_16_02.png,0.014047879725694656,0.8174999999999999
./Datasets/KADID10K/images/I37_16_03.png,0.013665707781910896,0.525
./Datasets/KADID10K/images/I37_16_04.png,0.03426100313663483,0.35750000000000004
./Datasets/KADID10K/images/I37_16_05.png,0.03462731093168259,0.057499999999999996
./Datasets/KADID10K/images/I37_17_01.png,0.007424731273204088,0.9175
./Datasets/KADID10K/images/I37_17_02.png,0.006043524481356144,0.8174999999999999
./Datasets/KADID10K/images/I37_17_03.png,0.003441884880885482,0.8
./Datasets/KADID10K/images/I37_17_04.png,0.0007410576217807829,0.5675
./Datasets/KADID10K/images/I37_17_05.png,3.61090678779874e-05,0.4075
./Datasets/KADID10K/images/I37_18_01.png,0.0077462103217840195,0.7925
./Datasets/KADID10K/images/I37_18_02.png,0.005632470827549696,0.8825000000000001
./Datasets/KADID10K/images/I37_18_03.png,0.008937506936490536,0.875
./Datasets/KADID10K/images/I37_18_04.png,0.0030722194351255894,0.8999999999999999
./Datasets/KADID10K/images/I37_18_05.png,0.0007526029949076474,0.825
./Datasets/KADID10K/images/I37_19_01.png,0.013937421143054962,0.875
./Datasets/KADID10K/images/I37_19_02.png,0.0192812979221344,0.825
./Datasets/KADID10K/images/I37_19_03.png,0.07678139954805374,0.5425
./Datasets/KADID10K/images/I37_19_04.png,0.13354414701461792,0.1325
./Datasets/KADID10K/images/I37_19_05.png,0.06902377307415009,0.04999999999999999
./Datasets/KADID10K/images/I37_20_01.png,0.009064990095794201,0.875
./Datasets/KADID10K/images/I37_20_02.png,0.014930807054042816,0.7425
./Datasets/KADID10K/images/I37_20_03.png,0.01797838881611824,0.6325
./Datasets/KADID10K/images/I37_20_04.png,0.019478464499115944,0.7749999999999999
./Datasets/KADID10K/images/I37_20_05.png,0.022198455408215523,0.6925
./Datasets/KADID10K/images/I37_21_01.png,0.02542247623205185,0.5675
./Datasets/KADID10K/images/I37_21_02.png,0.03525463864207268,0.3175
./Datasets/KADID10K/images/I37_21_03.png,0.035216011106967926,0.3325
./Datasets/KADID10K/images/I37_21_04.png,0.0331907644867897,0.4175
./Datasets/KADID10K/images/I37_21_05.png,0.12688761949539185,0.08250000000000002
./Datasets/KADID10K/images/I37_22_01.png,0.05995636433362961,0.6075
./Datasets/KADID10K/images/I37_22_02.png,0.10262048244476318,0.5175
./Datasets/KADID10K/images/I37_22_03.png,0.14292244613170624,0.4675
./Datasets/KADID10K/images/I37_22_04.png,0.20716318488121033,0.38249999999999995
./Datasets/KADID10K/images/I37_22_05.png,0.2957780957221985,0.3075
./Datasets/KADID10K/images/I37_23_01.png,0.011163156479597092,0.4325
./Datasets/KADID10K/images/I37_23_02.png,0.029677312821149826,0.3425
./Datasets/KADID10K/images/I37_23_03.png,0.028271514922380447,0.30000000000000004
./Datasets/KADID10K/images/I37_23_04.png,0.025426747277379036,0.2925
./Datasets/KADID10K/images/I37_23_05.png,0.031233781948685646,0.275
./Datasets/KADID10K/images/I37_24_01.png,0.0002474566863384098,0.6925
./Datasets/KADID10K/images/I37_24_02.png,3.815834134002216e-05,0.5075
./Datasets/KADID10K/images/I37_24_03.png,1.159189923782833e-05,0.36750000000000005
./Datasets/KADID10K/images/I37_24_04.png,3.0299375794129446e-05,0.25
./Datasets/KADID10K/images/I37_24_05.png,0.0008001552778296173,0.08750000000000002
./Datasets/KADID10K/images/I37_25_01.png,0.0003736774960998446,0.725
./Datasets/KADID10K/images/I37_25_02.png,0.0005774884484708309,0.7925
./Datasets/KADID10K/images/I37_25_03.png,0.0019255467923358083,0.9075
./Datasets/KADID10K/images/I37_25_04.png,0.04313812032341957,0.7925
./Datasets/KADID10K/images/I37_25_05.png,0.11845872551202774,0.49250000000000005
./Datasets/KADID10K/images/I38_01_01.png,0.20158620178699493,0.925
./Datasets/KADID10K/images/I38_01_02.png,0.37302345037460327,0.9075
./Datasets/KADID10K/images/I38_01_03.png,0.5867143273353577,0.6
./Datasets/KADID10K/images/I38_01_04.png,0.7146976590156555,0.21750000000000003
./Datasets/KADID10K/images/I38_01_05.png,0.8586950302124023,0.10749999999999998
./Datasets/KADID10K/images/I38_02_01.png,0.5072891116142273,0.7325
./Datasets/KADID10K/images/I38_02_02.png,0.6252906322479248,0.35750000000000004
./Datasets/KADID10K/images/I38_02_03.png,0.7426066398620605,0.23249999999999998
./Datasets/KADID10K/images/I38_02_04.png,0.7549765706062317,0.09999999999999998
./Datasets/KADID10K/images/I38_02_05.png,0.8122461438179016,0.0675
./Datasets/KADID10K/images/I38_03_01.png,0.20158620178699493,0.9175
./Datasets/KADID10K/images/I38_03_02.png,0.4286060035228729,0.8
./Datasets/KADID10K/images/I38_03_03.png,0.5467960834503174,0.5575
./Datasets/KADID10K/images/I38_03_04.png,0.5560488700866699,0.32499999999999996
./Datasets/KADID10K/images/I38_03_05.png,0.6085920333862305,0.1925
./Datasets/KADID10K/images/I38_04_01.png,0.1949692815542221,0.8925000000000001
./Datasets/KADID10K/images/I38_04_02.png,0.24620409309864044,0.5425
./Datasets/KADID10K/images/I38_04_03.png,0.1395655870437622,0.21750000000000003
./Datasets/KADID10K/images/I38_04_04.png,0.11215517669916153,0.21750000000000003
./Datasets/KADID10K/images/I38_04_05.png,0.16438916325569153,0.1325
./Datasets/KADID10K/images/I38_05_01.png,0.44919437170028687,0.75
./Datasets/KADID10K/images/I38_05_02.png,0.4956088960170746,0.23249999999999998
./Datasets/KADID10K/images/I38_05_03.png,0.5032718777656555,0.175
./Datasets/KADID10K/images/I38_05_04.png,0.5216838717460632,0.14250000000000002
./Datasets/KADID10K/images/I38_05_05.png,0.5179784297943115,0.14250000000000002
./Datasets/KADID10K/images/I38_06_01.png,0.09004773944616318,0.875
./Datasets/KADID10K/images/I38_06_02.png,0.06228802353143692,0.8574999999999999
./Datasets/KADID10K/images/I38_06_03.png,0.05214281380176544,0.75
./Datasets/KADID10K/images/I38_06_04.png,0.025401590391993523,0.675
./Datasets/KADID10K/images/I38_06_05.png,0.0018446821486577392,0.3425
./Datasets/KADID10K/images/I38_07_01.png,0.29751595854759216,0.6675
./Datasets/KADID10K/images/I38_07_02.png,0.38289621472358704,0.3375
./Datasets/KADID10K/images/I38_07_03.png,0.4092056453227997,0.4175
./Datasets/KADID10K/images/I38_07_04.png,0.4152472913265228,0.44999999999999996
./Datasets/KADID10K/images/I38_07_05.png,0.35520148277282715,0.3425
./Datasets/KADID10K/images/I38_08_01.png,0.20158620178699493,0.9175
./Datasets/KADID10K/images/I38_08_02.png,0.23577994108200073,0.6425
./Datasets/KADID10K/images/I38_08_03.png,0.2783554494380951,0.4425
./Datasets/KADID10K/images/I38_08_04.png,0.3722642958164215,0.2925
./Datasets/KADID10K/images/I38_08_05.png,0.39627400040626526,0.10749999999999998
./Datasets/KADID10K/images/I38_09_01.png,0.21620360016822815,0.9424999999999999
./Datasets/KADID10K/images/I38_09_02.png,0.22426491975784302,0.9424999999999999
./Datasets/KADID10K/images/I38_09_03.png,0.2920096814632416,0.8825000000000001
./Datasets/KADID10K/images/I38_09_04.png,0.5155671834945679,0.675
./Datasets/KADID10K/images/I38_09_05.png,0.6990488767623901,0.20750000000000002
./Datasets/KADID10K/images/I38_10_01.png,0.41746747493743896,0.8
./Datasets/KADID10K/images/I38_10_02.png,0.48392006754875183,0.8300000000000001
./Datasets/KADID10K/images/I38_10_03.png,0.537671685218811,0.55
./Datasets/KADID10K/images/I38_10_04.png,0.740378201007843,0.1925
./Datasets/KADID10K/images/I38_10_05.png,0.9087598919868469,0.04249999999999998
./Datasets/KADID10K/images/I38_11_01.png,0.4422660171985626,0.6175
./Datasets/KADID10K/images/I38_11_02.png,0.5131294131278992,0.49250000000000005
./Datasets/KADID10K/images/I38_11_03.png,0.5279014110565186,0.4425
./Datasets/KADID10K/images/I38_11_04.png,0.5601025223731995,0.375
./Datasets/KADID10K/images/I38_11_05.png,0.5542179942131042,0.25749999999999995
./Datasets/KADID10K/images/I38_12_01.png,0.3303318917751312,0.825
./Datasets/KADID10K/images/I38_12_02.png,0.4712868332862854,0.5575
./Datasets/KADID10K/images/I38_12_03.png,0.5326318740844727,0.4
./Datasets/KADID10K/images/I38_12_04.png,0.5343640446662903,0.3325
./Datasets/KADID10K/images/I38_12_05.png,0.5471994876861572,0.30000000000000004
./Datasets/KADID10K/images/I38_13_01.png,0.03132391721010208,0.55
./Datasets/KADID10K/images/I38_13_02.png,0.021773384883999825,0.4175
./Datasets/KADID10K/images/I38_13_03.png,0.12508518993854523,0.3175
./Datasets/KADID10K/images/I38_13_04.png,0.3553728759288788,0.3075
./Datasets/KADID10K/images/I38_13_05.png,0.48463302850723267,0.275
./Datasets/KADID10K/images/I38_14_01.png,0.2589475214481354,0.8425
./Datasets/KADID10K/images/I38_14_02.png,0.3991697430610657,0.5675
./Datasets/KADID10K/images/I38_14_03.png,0.4763268828392029,0.475
./Datasets/KADID10K/images/I38_14_04.png,0.5171874761581421,0.35750000000000004
./Datasets/KADID10K/images/I38_14_05.png,0.5558605194091797,0.1825
./Datasets/KADID10K/images/I38_15_01.png,0.5416790246963501,0.5825
./Datasets/KADID10K/images/I38_15_02.png,0.574556827545166,0.25
./Datasets/KADID10K/images/I38_15_03.png,0.5998637080192566,0.20750000000000002
./Datasets/KADID10K/images/I38_15_04.png,0.6654884219169617,0.08750000000000002
./Datasets/KADID10K/images/I38_15_05.png,0.7282296419143677,0.04249999999999998
./Datasets/KADID10K/images/I38_16_01.png,0.19740481674671173,0.8875
./Datasets/KADID10K/images/I38_16_02.png,0.1983075588941574,0.8
./Datasets/KADID10K/images/I38_16_03.png,0.1588544398546219,0.6325
./Datasets/KADID10K/images/I38_16_04.png,0.07038968056440353,0.5
./Datasets/KADID10K/images/I38_16_05.png,0.12178867310285568,0.25
./Datasets/KADID10K/images/I38_17_01.png,0.20498673617839813,0.8674999999999999
./Datasets/KADID10K/images/I38_17_02.png,0.20366398990154266,0.8674999999999999
./Datasets/KADID10K/images/I38_17_03.png,0.21079209446907043,0.7175
./Datasets/KADID10K/images/I38_17_04.png,0.1856202334165573,0.48250000000000004
./Datasets/KADID10K/images/I38_17_05.png,0.18749845027923584,0.175
./Datasets/KADID10K/images/I38_18_01.png,0.10655339807271957,0.7675000000000001
./Datasets/KADID10K/images/I38_18_02.png,0.14633332192897797,0.9125000000000001
./Datasets/KADID10K/images/I38_18_03.png,0.20158620178699493,0.9325000000000001
./Datasets/KADID10K/images/I38_18_04.png,0.1606169044971466,0.7575000000000001
./Datasets/KADID10K/images/I38_18_05.png,0.14872345328330994,0.7749999999999999
./Datasets/KADID10K/images/I38_19_01.png,0.2694608271121979,0.875
./Datasets/KADID10K/images/I38_19_02.png,0.29897424578666687,0.8075000000000001
./Datasets/KADID10K/images/I38_19_03.png,0.42235875129699707,0.5425
./Datasets/KADID10K/images/I38_19_04.png,0.4991483986377716,0.16749999999999998
./Datasets/KADID10K/images/I38_19_05.png,0.5397570133209229,0.057499999999999996
./Datasets/KADID10K/images/I38_20_01.png,0.22225092351436615,0.8825000000000001
./Datasets/KADID10K/images/I38_20_02.png,0.2207895666360855,0.7575000000000001
./Datasets/KADID10K/images/I38_20_03.png,0.15702728927135468,0.8174999999999999
./Datasets/KADID10K/images/I38_20_04.png,0.1514236330986023,0.825
./Datasets/KADID10K/images/I38_20_05.png,0.11045502871274948,0.6
./Datasets/KADID10K/images/I38_21_01.png,0.15912452340126038,0.38249999999999995
./Datasets/KADID10K/images/I38_21_02.png,0.27697110176086426,0.3175
./Datasets/KADID10K/images/I38_21_03.png,0.40271928906440735,0.32499999999999996
./Datasets/KADID10K/images/I38_21_04.png,0.43899720907211304,0.4325
./Datasets/KADID10K/images/I38_21_05.png,0.5615137815475464,0.14250000000000002
./Datasets/KADID10K/images/I38_22_01.png,0.4367124140262604,0.75
./Datasets/KADID10K/images/I38_22_02.png,0.4461686611175537,0.475
./Datasets/KADID10K/images/I38_22_03.png,0.40996479988098145,0.525
./Datasets/KADID10K/images/I38_22_04.png,0.4657001197338104,0.4425
./Datasets/KADID10K/images/I38_22_05.png,0.3883811831474304,0.30000000000000004
./Datasets/KADID10K/images/I38_23_01.png,0.2161404937505722,0.4675
./Datasets/KADID10K/images/I38_23_02.png,0.30614858865737915,0.36750000000000005
./Datasets/KADID10K/images/I38_23_03.png,0.4148208200931549,0.2825
./Datasets/KADID10K/images/I38_23_04.png,0.3424588739871979,0.26749999999999996
./Datasets/KADID10K/images/I38_23_05.png,0.3829595744609833,0.3325
./Datasets/KADID10K/images/I38_24_01.png,0.06972771883010864,0.675
./Datasets/KADID10K/images/I38_24_02.png,0.05517701432108879,0.4325
./Datasets/KADID10K/images/I38_24_03.png,0.07828639447689056,0.21750000000000003
./Datasets/KADID10K/images/I38_24_04.png,0.24359428882598877,0.15000000000000002
./Datasets/KADID10K/images/I38_24_05.png,0.3635289669036865,0.0675
./Datasets/KADID10K/images/I38_25_01.png,0.05389564111828804,0.65
./Datasets/KADID10K/images/I38_25_02.png,0.07666929811239243,0.6825
./Datasets/KADID10K/images/I38_25_03.png,0.12073593586683273,0.825
./Datasets/KADID10K/images/I38_25_04.png,0.34003591537475586,0.7425
./Datasets/KADID10K/images/I38_25_05.png,0.46420931816101074,0.525
./Datasets/KADID10K/images/I39_01_01.png,0.00022381760936696082,0.9325000000000001
./Datasets/KADID10K/images/I39_01_02.png,0.01942344754934311,0.8574999999999999
./Datasets/KADID10K/images/I39_01_03.png,0.29992011189460754,0.49250000000000005
./Datasets/KADID10K/images/I39_01_04.png,0.5165371894836426,0.2
./Datasets/KADID10K/images/I39_01_05.png,0.7781121730804443,0.08000000000000002
./Datasets/KADID10K/images/I39_02_01.png,0.13140559196472168,0.7825
./Datasets/KADID10K/images/I39_02_02.png,0.3493863344192505,0.35
./Datasets/KADID10K/images/I39_02_03.png,0.5394312739372253,0.1825
./Datasets/KADID10K/images/I39_02_04.png,0.6358901262283325,0.09250000000000003
./Datasets/KADID10K/images/I39_02_05.png,0.7048911452293396,0.04999999999999999
./Datasets/KADID10K/images/I39_03_01.png,0.00022381760936696082,0.9424999999999999
./Datasets/KADID10K/images/I39_03_02.png,0.07416378706693649,0.8325
./Datasets/KADID10K/images/I39_03_03.png,0.1657658815383911,0.4425
./Datasets/KADID10K/images/I39_03_04.png,0.41503697633743286,0.2425
./Datasets/KADID10K/images/I39_03_05.png,0.45969367027282715,0.1175
./Datasets/KADID10K/images/I39_04_01.png,7.871242996770889e-05,0.9075
./Datasets/KADID10K/images/I39_04_02.png,0.00219682976603508,0.16749999999999998
./Datasets/KADID10K/images/I39_04_03.png,0.002106491941958666,0.07500000000000001
./Datasets/KADID10K/images/I39_04_04.png,0.00901047233492136,0.04999999999999999
./Datasets/KADID10K/images/I39_04_05.png,0.04498280957341194,0.04249999999999998
./Datasets/KADID10K/images/I39_05_01.png,0.04156552627682686,0.8075000000000001
./Datasets/KADID10K/images/I39_05_02.png,0.12041923403739929,0.4075
./Datasets/KADID10K/images/I39_05_03.png,0.1937531679868698,0.1325
./Datasets/KADID10K/images/I39_05_04.png,0.20988953113555908,0.1175
./Datasets/KADID10K/images/I39_05_05.png,0.20501041412353516,0.125
./Datasets/KADID10K/images/I39_06_01.png,0.0010981984669342637,0.8425
./Datasets/KADID10K/images/I39_06_02.png,0.0017838445492088795,0.8325
./Datasets/KADID10K/images/I39_06_03.png,0.0014215391129255295,0.8325
./Datasets/KADID10K/images/I39_06_04.png,3.083490810240619e-05,0.6325
./Datasets/KADID10K/images/I39_06_05.png,2.6940151656162925e-05,0.5075
./Datasets/KADID10K/images/I39_07_01.png,0.0002817763015627861,0.34750000000000003
./Datasets/KADID10K/images/I39_07_02.png,0.0021528087090700865,0.26749999999999996
./Datasets/KADID10K/images/I39_07_03.png,0.005673958454281092,0.175
./Datasets/KADID10K/images/I39_07_04.png,0.007300462108105421,0.3175
./Datasets/KADID10K/images/I39_07_05.png,0.00998014397919178,0.22499999999999998
./Datasets/KADID10K/images/I39_08_01.png,0.00022381760936696082,0.9075
./Datasets/KADID10K/images/I39_08_02.png,0.0060955798253417015,0.4575
./Datasets/KADID10K/images/I39_08_03.png,0.016120532527565956,0.185
./Datasets/KADID10K/images/I39_08_04.png,0.07038453221321106,0.08250000000000002
./Datasets/KADID10K/images/I39_08_05.png,0.0825420469045639,0.03249999999999997
./Datasets/KADID10K/images/I39_09_01.png,0.0027806602884083986,0.935
./Datasets/KADID10K/images/I39_09_02.png,0.06834381818771362,0.8174999999999999
./Datasets/KADID10K/images/I39_09_03.png,0.16569912433624268,0.75
./Datasets/KADID10K/images/I39_09_04.png,0.5142009258270264,0.2825
./Datasets/KADID10K/images/I39_09_05.png,0.7673542499542236,0.0675
./Datasets/KADID10K/images/I39_10_01.png,0.04872291907668114,0.875
./Datasets/KADID10K/images/I39_10_02.png,0.050301797688007355,0.8825000000000001
./Datasets/KADID10K/images/I39_10_03.png,0.14149130880832672,0.7675000000000001
./Datasets/KADID10K/images/I39_10_04.png,0.4567566514015198,0.2825
./Datasets/KADID10K/images/I39_10_05.png,0.6249961256980896,0.10749999999999998
./Datasets/KADID10K/images/I39_11_01.png,0.020075812935829163,0.8825000000000001
./Datasets/KADID10K/images/I39_11_02.png,0.050178248435258865,0.7675000000000001
./Datasets/KADID10K/images/I39_11_03.png,0.07686265558004379,0.6825
./Datasets/KADID10K/images/I39_11_04.png,0.15617768466472626,0.5425
./Datasets/KADID10K/images/I39_11_05.png,0.30751603841781616,0.36750000000000005
./Datasets/KADID10K/images/I39_12_01.png,0.0022361651062965393,0.9325000000000001
./Datasets/KADID10K/images/I39_12_02.png,0.05059003084897995,0.8325
./Datasets/KADID10K/images/I39_12_03.png,0.10913371294736862,0.7
./Datasets/KADID10K/images/I39_12_04.png,0.19435329735279083,0.5675
./Datasets/KADID10K/images/I39_12_05.png,0.2565779387950897,0.42500000000000004
./Datasets/KADID10K/images/I39_13_01.png,7.395364082185552e-05,0.5575
./Datasets/KADID10K/images/I39_13_02.png,2.4345539713976905e-05,0.5075
./Datasets/KADID10K/images/I39_13_03.png,0.00027611813857220113,0.4425
./Datasets/KADID10K/images/I39_13_04.png,0.004974637646228075,0.35750000000000004
./Datasets/KADID10K/images/I39_13_05.png,0.06386905908584595,0.26749999999999996
./Datasets/KADID10K/images/I39_14_01.png,0.0009776684455573559,0.8999999999999999
./Datasets/KADID10K/images/I39_14_02.png,0.006216783542186022,0.8799999999999999
./Datasets/KADID10K/images/I39_14_03.png,0.01359559129923582,0.5825
./Datasets/KADID10K/images/I39_14_04.png,0.022752845659852028,0.5175
./Datasets/KADID10K/images/I39_14_05.png,0.059927504509687424,0.26749999999999996
./Datasets/KADID10K/images/I39_15_01.png,0.24145768582820892,0.7825
./Datasets/KADID10K/images/I39_15_02.png,0.3524976372718811,0.6
./Datasets/KADID10K/images/I39_15_03.png,0.45858263969421387,0.39249999999999996
./Datasets/KADID10K/images/I39_15_04.png,0.531783938407898,0.1925
./Datasets/KADID10K/images/I39_15_05.png,0.6010704040527344,0.1175
./Datasets/KADID10K/images/I39_16_01.png,0.00024293988826684654,0.8825000000000001
./Datasets/KADID10K/images/I39_16_02.png,0.00024089333601295948,0.8825000000000001
./Datasets/KADID10K/images/I39_16_03.png,0.00023878221691120416,0.825
./Datasets/KADID10K/images/I39_16_04.png,0.0003368582110852003,0.525
./Datasets/KADID10K/images/I39_16_05.png,0.0022511177230626345,0.125
./Datasets/KADID10K/images/I39_17_01.png,0.00021009272313676775,0.9075
./Datasets/KADID10K/images/I39_17_02.png,0.00019105510727968067,0.9424999999999999
./Datasets/KADID10K/images/I39_17_03.png,0.0001663432049099356,0.8999999999999999
./Datasets/KADID10K/images/I39_17_04.png,0.00024444086011499166,0.6925
./Datasets/KADID10K/images/I39_17_05.png,0.0025114931631833315,0.275
./Datasets/KADID10K/images/I39_18_01.png,0.00016689368931110948,0.8825000000000001
./Datasets/KADID10K/images/I39_18_02.png,0.00015486964548472315,0.8925000000000001
./Datasets/KADID10K/images/I39_18_03.png,0.00022381760936696082,0.9075
./Datasets/KADID10K/images/I39_18_04.png,9.63163620326668e-05,0.8674999999999999
./Datasets/KADID10K/images/I39_18_05.png,0.00016774740652181208,0.7575000000000001
./Datasets/KADID10K/images/I39_19_01.png,0.006408981513231993,0.8574999999999999
./Datasets/KADID10K/images/I39_19_02.png,0.02531670592725277,0.675
./Datasets/KADID10K/images/I39_19_03.png,0.17800240218639374,0.35750000000000004
./Datasets/KADID10K/images/I39_19_04.png,0.3865291178226471,0.125
./Datasets/KADID10K/images/I39_19_05.png,0.28821220993995667,0.017500000000000016
./Datasets/KADID10K/images/I39_20_01.png,0.00023849669378250837,0.8500000000000001
./Datasets/KADID10K/images/I39_20_02.png,0.00016435649013146758,0.8075000000000001
./Datasets/KADID10K/images/I39_20_03.png,0.0004088395508006215,0.7
./Datasets/KADID10K/images/I39_20_04.png,0.000296913756756112,0.5575
./Datasets/KADID10K/images/I39_20_05.png,0.0002050074836006388,0.38
./Datasets/KADID10K/images/I39_21_01.png,0.001014722278341651,0.75
./Datasets/KADID10K/images/I39_21_02.png,0.007323544006794691,0.42500000000000004
./Datasets/KADID10K/images/I39_21_03.png,0.05180661752820015,0.2925
./Datasets/KADID10K/images/I39_21_04.png,0.09854099154472351,0.3175
./Datasets/KADID10K/images/I39_21_05.png,0.5531029105186462,0.025000000000000022
./Datasets/KADID10K/images/I39_22_01.png,0.000604134751483798,0.8825000000000001
./Datasets/KADID10K/images/I39_22_02.png,0.0012240286450833082,0.9075
./Datasets/KADID10K/images/I39_22_03.png,0.0021034509409219027,0.9075
./Datasets/KADID10K/images/I39_22_04.png,0.004306673537939787,0.8925000000000001
./Datasets/KADID10K/images/I39_22_05.png,0.005137141793966293,0.8425
./Datasets/KADID10K/images/I39_23_01.png,0.00041889731073752046,0.375
./Datasets/KADID10K/images/I39_23_02.png,0.0005095175001770258,0.34750000000000003
./Datasets/KADID10K/images/I39_23_03.png,0.0013824464986100793,0.3325
./Datasets/KADID10K/images/I39_23_04.png,0.0022070622071623802,0.275
./Datasets/KADID10K/images/I39_23_05.png,0.005370886530727148,0.2425
./Datasets/KADID10K/images/I39_24_01.png,5.087134559289552e-05,0.6575
./Datasets/KADID10K/images/I39_24_02.png,0.0001879819465102628,0.42500000000000004
./Datasets/KADID10K/images/I39_24_03.png,0.0006001335568726063,0.1925
./Datasets/KADID10K/images/I39_24_04.png,0.0061107478104531765,0.04999999999999999
./Datasets/KADID10K/images/I39_24_05.png,0.03233204409480095,0.04249999999999998
./Datasets/KADID10K/images/I39_25_01.png,0.00017968571046367288,0.6925
./Datasets/KADID10K/images/I39_25_02.png,9.77440140559338e-05,0.8075000000000001
./Datasets/KADID10K/images/I39_25_03.png,0.00011650655505945906,0.9175
./Datasets/KADID10K/images/I39_25_04.png,0.0012446257751435041,0.8425
./Datasets/KADID10K/images/I39_25_05.png,0.009440150111913681,0.6925
./Datasets/KADID10K/images/I40_01_01.png,0.0057599348947405815,0.8174999999999999
./Datasets/KADID10K/images/I40_01_02.png,0.09486499428749084,0.7075
./Datasets/KADID10K/images/I40_01_03.png,0.3262005150318146,0.2925
./Datasets/KADID10K/images/I40_01_04.png,0.5314754843711853,0.14250000000000002
./Datasets/KADID10K/images/I40_01_05.png,0.6954725980758667,0.025000000000000022
./Datasets/KADID10K/images/I40_02_01.png,0.12871547043323517,0.4575
./Datasets/KADID10K/images/I40_02_02.png,0.3838716447353363,0.25
./Datasets/KADID10K/images/I40_02_03.png,0.544249415397644,0.125
./Datasets/KADID10K/images/I40_02_04.png,0.571182370185852,0.09999999999999998
./Datasets/KADID10K/images/I40_02_05.png,0.6162267923355103,0.025000000000000022
./Datasets/KADID10K/images/I40_03_01.png,0.0057599348947405815,0.825
./Datasets/KADID10K/images/I40_03_02.png,0.15114329755306244,0.5675
./Datasets/KADID10K/images/I40_03_03.png,0.48105695843696594,0.3075
./Datasets/KADID10K/images/I40_03_04.png,0.4919457733631134,0.09250000000000003
./Datasets/KADID10K/images/I40_03_05.png,0.4154489040374756,0.04249999999999998
./Datasets/KADID10K/images/I40_04_01.png,0.03320542350411415,0.7825
./Datasets/KADID10K/images/I40_04_02.png,0.1465221643447876,0.3425
./Datasets/KADID10K/images/I40_04_03.png,0.1551550179719925,0.1825
./Datasets/KADID10K/images/I40_04_04.png,0.13291122019290924,0.1175
./Datasets/KADID10K/images/I40_04_05.png,0.1956499218940735,0.10749999999999998
./Datasets/KADID10K/images/I40_05_01.png,0.17882925271987915,0.675
./Datasets/KADID10K/images/I40_05_02.png,0.3526139259338379,0.1825
./Datasets/KADID10K/images/I40_05_03.png,0.4120505452156067,0.1325
./Datasets/KADID10K/images/I40_05_04.png,0.44335049390792847,0.08250000000000002
./Datasets/KADID10K/images/I40_05_05.png,0.42443352937698364,0.09250000000000003
./Datasets/KADID10K/images/I40_06_01.png,0.000860045081935823,0.7825
./Datasets/KADID10K/images/I40_06_02.png,0.00041108124423772097,0.8174999999999999
./Datasets/KADID10K/images/I40_06_03.png,0.0005483603454194963,0.6925
./Datasets/KADID10K/images/I40_06_04.png,0.0006283604307100177,0.7425
./Datasets/KADID10K/images/I40_06_05.png,0.0025914711877703667,0.42000000000000004
./Datasets/KADID10K/images/I40_07_01.png,0.017782539129257202,0.4
./Datasets/KADID10K/images/I40_07_02.png,0.07186422497034073,0.3075
./Datasets/KADID10K/images/I40_07_03.png,0.16507618129253387,0.25
./Datasets/KADID10K/images/I40_07_04.png,0.1689700037240982,0.25
./Datasets/KADID10K/images/I40_07_05.png,0.11709953844547272,0.21750000000000003
./Datasets/KADID10K/images/I40_08_01.png,0.0057599348947405815,0.8674999999999999
./Datasets/KADID10K/images/I40_08_02.png,0.07308285683393478,0.5575
./Datasets/KADID10K/images/I40_08_03.png,0.2758055329322815,0.3175
./Datasets/KADID10K/images/I40_08_04.png,0.41105586290359497,0.16749999999999998
./Datasets/KADID10K/images/I40_08_05.png,0.48962339758872986,0.09250000000000003
./Datasets/KADID10K/images/I40_09_01.png,0.03847052901983261,0.8
./Datasets/KADID10K/images/I40_09_02.png,0.2207995057106018,0.5825
./Datasets/KADID10K/images/I40_09_03.png,0.31199899315834045,0.5
./Datasets/KADID10K/images/I40_09_04.png,0.5125222206115723,0.125
./Datasets/KADID10K/images/I40_09_05.png,0.6745075583457947,0.057499999999999996
./Datasets/KADID10K/images/I40_10_01.png,0.030260393396019936,0.8
./Datasets/KADID10K/images/I40_10_02.png,0.028640499338507652,0.8
./Datasets/KADID10K/images/I40_10_03.png,0.04587898775935173,0.7425
./Datasets/KADID10K/images/I40_10_04.png,0.33236607909202576,0.375
./Datasets/KADID10K/images/I40_10_05.png,0.5979421138763428,0.14250000000000002
./Datasets/KADID10K/images/I40_11_01.png,0.007059525698423386,0.8574999999999999
./Datasets/KADID10K/images/I40_11_02.png,0.011612013913691044,0.8574999999999999
./Datasets/KADID10K/images/I40_11_03.png,0.02474202960729599,0.7075
./Datasets/KADID10K/images/I40_11_04.png,0.053061120212078094,0.6925
./Datasets/KADID10K/images/I40_11_05.png,0.18808309733867645,0.5825
./Datasets/KADID10K/images/I40_12_01.png,0.004253298509865999,0.8925000000000001
./Datasets/KADID10K/images/I40_12_02.png,0.008025185205042362,0.875
./Datasets/KADID10K/images/I40_12_03.png,0.023724760860204697,0.6925
./Datasets/KADID10K/images/I40_12_04.png,0.090242899954319,0.65
./Datasets/KADID10K/images/I40_12_05.png,0.19648505747318268,0.6075
./Datasets/KADID10K/images/I40_13_01.png,0.006617664825171232,0.8075000000000001
./Datasets/KADID10K/images/I40_13_02.png,0.011762667447328568,0.5675
./Datasets/KADID10K/images/I40_13_03.png,0.039655495434999466,0.44999999999999996
./Datasets/KADID10K/images/I40_13_04.png,0.11828097701072693,0.4
./Datasets/KADID10K/images/I40_13_05.png,0.19994574785232544,0.2925
./Datasets/KADID10K/images/I40_14_01.png,0.005342406686395407,0.8325
./Datasets/KADID10K/images/I40_14_02.png,0.007472736295312643,0.825
./Datasets/KADID10K/images/I40_14_03.png,0.016931572929024696,0.8325
./Datasets/KADID10K/images/I40_14_04.png,0.067801333963871,0.7
./Datasets/KADID10K/images/I40_14_05.png,0.21740372478961945,0.5175
./Datasets/KADID10K/images/I40_15_01.png,0.3156486451625824,0.525
./Datasets/KADID10K/images/I40_15_02.png,0.4248124361038208,0.3075
./Datasets/KADID10K/images/I40_15_03.png,0.513617992401123,0.20750000000000002
./Datasets/KADID10K/images/I40_15_04.png,0.5931088924407959,0.175
./Datasets/KADID10K/images/I40_15_05.png,0.649846076965332,0.175
./Datasets/KADID10K/images/I40_16_01.png,0.008886104449629784,0.815
./Datasets/KADID10K/images/I40_16_02.png,0.012728339992463589,0.75
./Datasets/KADID10K/images/I40_16_03.png,0.020643992349505424,0.55
./Datasets/KADID10K/images/I40_16_04.png,0.03858431801199913,0.35750000000000004
./Datasets/KADID10K/images/I40_16_05.png,0.13409878313541412,0.1325
./Datasets/KADID10K/images/I40_17_01.png,0.004673386458307505,0.8825000000000001
./Datasets/KADID10K/images/I40_17_02.png,0.0035286240745335817,0.8674999999999999
./Datasets/KADID10K/images/I40_17_03.png,0.0019852991681545973,0.7325
./Datasets/KADID10K/images/I40_17_04.png,0.000655823212582618,0.5325
./Datasets/KADID10K/images/I40_17_05.png,0.004025815054774284,0.21750000000000003
./Datasets/KADID10K/images/I40_18_01.png,0.00640582712367177,0.7825
./Datasets/KADID10K/images/I40_18_02.png,0.005349151324480772,0.8500000000000001
./Datasets/KADID10K/images/I40_18_03.png,0.0057599348947405815,0.8999999999999999
./Datasets/KADID10K/images/I40_18_04.png,0.002353471238166094,0.7575000000000001
./Datasets/KADID10K/images/I40_18_05.png,0.001613457570783794,0.7075
./Datasets/KADID10K/images/I40_19_01.png,0.02307329885661602,0.7749999999999999
./Datasets/KADID10K/images/I40_19_02.png,0.06046189367771149,0.725
./Datasets/KADID10K/images/I40_19_03.png,0.25180307030677795,0.3425
./Datasets/KADID10K/images/I40_19_04.png,0.31423690915107727,0.15000000000000002
./Datasets/KADID10K/images/I40_19_05.png,0.27755582332611084,0.04999999999999999
./Datasets/KADID10K/images/I40_20_01.png,0.006544452626258135,0.8674999999999999
./Datasets/KADID10K/images/I40_20_02.png,0.009108521975576878,0.5075
./Datasets/KADID10K/images/I40_20_03.png,0.008117487654089928,0.5575
./Datasets/KADID10K/images/I40_20_04.png,0.007799170445650816,0.5175
./Datasets/KADID10K/images/I40_20_05.png,0.01316832471638918,0.66
./Datasets/KADID10K/images/I40_21_01.png,0.007975173182785511,0.725
./Datasets/KADID10K/images/I40_21_02.png,0.01897813379764557,0.5075
./Datasets/KADID10K/images/I40_21_03.png,0.038381606340408325,0.4175
./Datasets/KADID10K/images/I40_21_04.png,0.025499925017356873,0.5
./Datasets/KADID10K/images/I40_21_05.png,0.3599321246147156,0.08250000000000002
./Datasets/KADID10K/images/I40_22_01.png,0.005753843579441309,0.8825000000000001
./Datasets/KADID10K/images/I40_22_02.png,0.005560694262385368,0.8325
./Datasets/KADID10K/images/I40_22_03.png,0.0045166932977736,0.7675000000000001
./Datasets/KADID10K/images/I40_22_04.png,0.004133579321205616,0.8425
./Datasets/KADID10K/images/I40_22_05.png,0.003204634878784418,0.7425
./Datasets/KADID10K/images/I40_23_01.png,0.006576428189873695,0.30000000000000004
./Datasets/KADID10K/images/I40_23_02.png,0.009360761381685734,0.35
./Datasets/KADID10K/images/I40_23_03.png,0.014639271423220634,0.20750000000000002
./Datasets/KADID10K/images/I40_23_04.png,0.01710066758096218,0.35750000000000004
./Datasets/KADID10K/images/I40_23_05.png,0.011862043291330338,0.22499999999999998
./Datasets/KADID10K/images/I40_24_01.png,0.010409734211862087,0.5575
./Datasets/KADID10K/images/I40_24_02.png,0.04981762543320656,0.2425
./Datasets/KADID10K/images/I40_24_03.png,0.11540710180997849,0.2
./Datasets/KADID10K/images/I40_24_04.png,0.0687565878033638,0.08250000000000002
./Datasets/KADID10K/images/I40_24_05.png,0.009053852409124374,0.04249999999999998
./Datasets/KADID10K/images/I40_25_01.png,0.004166333004832268,0.6575
./Datasets/KADID10K/images/I40_25_02.png,0.003173328237608075,0.6175
./Datasets/KADID10K/images/I40_25_03.png,0.0035675803665071726,0.7325
./Datasets/KADID10K/images/I40_25_04.png,0.009035018272697926,0.7175
./Datasets/KADID10K/images/I40_25_05.png,0.02106255665421486,0.36250000000000004
./Datasets/KADID10K/images/I41_01_01.png,0.13986949622631073,0.8925000000000001
./Datasets/KADID10K/images/I41_01_02.png,0.26501792669296265,0.8574999999999999
./Datasets/KADID10K/images/I41_01_03.png,0.3687953054904938,0.5425
./Datasets/KADID10K/images/I41_01_04.png,0.5149505734443665,0.26749999999999996
./Datasets/KADID10K/images/I41_01_05.png,0.74452143907547,0.09999999999999998
./Datasets/KADID10K/images/I41_02_01.png,0.3044983148574829,0.75
./Datasets/KADID10K/images/I41_02_02.png,0.41205155849456787,0.4525
./Datasets/KADID10K/images/I41_02_03.png,0.5375444293022156,0.2025
./Datasets/KADID10K/images/I41_02_04.png,0.6076202392578125,0.1175
./Datasets/KADID10K/images/I41_02_05.png,0.6795828938484192,0.09250000000000003
./Datasets/KADID10K/images/I41_03_01.png,0.13986949622631073,0.8925000000000001
./Datasets/KADID10K/images/I41_03_02.png,0.28642594814300537,0.8999999999999999
./Datasets/KADID10K/images/I41_03_03.png,0.3586989939212799,0.6175
./Datasets/KADID10K/images/I41_03_04.png,0.44052085280418396,0.35
./Datasets/KADID10K/images/I41_03_05.png,0.44222375750541687,0.1925
./Datasets/KADID10K/images/I41_04_01.png,0.1896638125181198,0.9175
./Datasets/KADID10K/images/I41_04_02.png,0.16655698418617249,0.4075
./Datasets/KADID10K/images/I41_04_03.png,0.20067353546619415,0.09999999999999998
./Datasets/KADID10K/images/I41_04_04.png,0.22989149391651154,0.09250000000000003
./Datasets/KADID10K/images/I41_04_05.png,0.24883440136909485,0.04999999999999999
./Datasets/KADID10K/images/I41_05_01.png,0.21860629320144653,0.95
./Datasets/KADID10K/images/I41_05_02.png,0.32657715678215027,0.475
./Datasets/KADID10K/images/I41_05_03.png,0.29812848567962646,0.44999999999999996
./Datasets/KADID10K/images/I41_05_04.png,0.32709193229675293,0.35
./Datasets/KADID10K/images/I41_05_05.png,0.3410865068435669,0.375
./Datasets/KADID10K/images/I41_06_01.png,0.1983836144208908,0.8174999999999999
./Datasets/KADID10K/images/I41_06_02.png,0.18788990378379822,0.7175
./Datasets/KADID10K/images/I41_06_03.png,0.20642177760601044,0.675
./Datasets/KADID10K/images/I41_06_04.png,0.2248273491859436,0.4525
./Datasets/KADID10K/images/I41_06_05.png,0.22103923559188843,0.20750000000000002
./Datasets/KADID10K/images/I41_07_01.png,0.22182472050189972,0.5325
./Datasets/KADID10K/images/I41_07_02.png,0.28302255272865295,0.39249999999999996
./Datasets/KADID10K/images/I41_07_03.png,0.2943721413612366,0.23249999999999998
./Datasets/KADID10K/images/I41_07_04.png,0.21318094432353973,0.25
./Datasets/KADID10K/images/I41_07_05.png,0.2676052451133728,0.175
./Datasets/KADID10K/images/I41_08_01.png,0.13986949622631073,0.8825000000000001
./Datasets/KADID10K/images/I41_08_02.png,0.21479129791259766,0.6925
./Datasets/KADID10K/images/I41_08_03.png,0.25692784786224365,0.375
./Datasets/KADID10K/images/I41_08_04.png,0.35672563314437866,0.3175
./Datasets/KADID10K/images/I41_08_05.png,0.4414246380329132,0.09250000000000003
./Datasets/KADID10K/images/I41_09_01.png,0.1987859457731247,0.9175
./Datasets/KADID10K/images/I41_09_02.png,0.29695552587509155,0.8500000000000001
./Datasets/KADID10K/images/I41_09_03.png,0.35352927446365356,0.7425
./Datasets/KADID10K/images/I41_09_04.png,0.5618157386779785,0.20750000000000002
./Datasets/KADID10K/images/I41_09_05.png,0.7704662680625916,0.09999999999999998
./Datasets/KADID10K/images/I41_10_01.png,0.29907193779945374,0.8999999999999999
./Datasets/KADID10K/images/I41_10_02.png,0.295012891292572,0.7925
./Datasets/KADID10K/images/I41_10_03.png,0.3752869665622711,0.7575000000000001
./Datasets/KADID10K/images/I41_10_04.png,0.6120103597640991,0.1925
./Datasets/KADID10K/images/I41_10_05.png,0.830692708492279,0.04249999999999998
./Datasets/KADID10K/images/I41_11_01.png,0.32629820704460144,0.8174999999999999
./Datasets/KADID10K/images/I41_11_02.png,0.38214412331581116,0.6575
./Datasets/KADID10K/images/I41_11_03.png,0.40855979919433594,0.5175
./Datasets/KADID10K/images/I41_11_04.png,0.4763355255126953,0.4175
./Datasets/KADID10K/images/I41_11_05.png,0.5206952691078186,0.35
./Datasets/KADID10K/images/I41_12_01.png,0.26648592948913574,0.9175
./Datasets/KADID10K/images/I41_12_02.png,0.3735899329185486,0.7425
./Datasets/KADID10K/images/I41_12_03.png,0.39690205454826355,0.625
./Datasets/KADID10K/images/I41_12_04.png,0.4886617362499237,0.4325
./Datasets/KADID10K/images/I41_12_05.png,0.4992353618144989,0.4
./Datasets/KADID10K/images/I41_13_01.png,0.0962611585855484,0.8
./Datasets/KADID10K/images/I41_13_02.png,0.055715519934892654,0.5175
./Datasets/KADID10K/images/I41_13_03.png,0.13787804543972015,0.475
./Datasets/KADID10K/images/I41_13_04.png,0.27809348702430725,0.4
./Datasets/KADID10K/images/I41_13_05.png,0.41781362891197205,0.35750000000000004
./Datasets/KADID10K/images/I41_14_01.png,0.24266526103019714,0.9424999999999999
./Datasets/KADID10K/images/I41_14_02.png,0.36871132254600525,0.7075
./Datasets/KADID10K/images/I41_14_03.png,0.42564114928245544,0.525
./Datasets/KADID10K/images/I41_14_04.png,0.4937099516391754,0.35750000000000004
./Datasets/KADID10K/images/I41_14_05.png,0.540355384349823,0.2
./Datasets/KADID10K/images/I41_15_01.png,0.3547762632369995,0.58
./Datasets/KADID10K/images/I41_15_02.png,0.4963092505931854,0.3325
./Datasets/KADID10K/images/I41_15_03.png,0.5654773116111755,0.2925
./Datasets/KADID10K/images/I41_15_04.png,0.6439670920372009,0.10749999999999998
./Datasets/KADID10K/images/I41_15_05.png,0.7115182280540466,0.10749999999999998
./Datasets/KADID10K/images/I41_16_01.png,0.144264355301857,0.8999999999999999
./Datasets/KADID10K/images/I41_16_02.png,0.1461798995733261,0.8825000000000001
./Datasets/KADID10K/images/I41_16_03.png,0.1325947493314743,0.5825
./Datasets/KADID10K/images/I41_16_04.png,0.05967045575380325,0.32499999999999996
./Datasets/KADID10K/images/I41_16_05.png,0.038239941000938416,0.09999999999999998
./Datasets/KADID10K/images/I41_17_01.png,0.13783790171146393,0.875
./Datasets/KADID10K/images/I41_17_02.png,0.13355481624603271,0.9325000000000001
./Datasets/KADID10K/images/I41_17_03.png,0.12082292139530182,0.8174999999999999
./Datasets/KADID10K/images/I41_17_04.png,0.07749688625335693,0.65
./Datasets/KADID10K/images/I41_17_05.png,0.009778947569429874,0.4675
./Datasets/KADID10K/images/I41_18_01.png,0.09118044376373291,0.7325
./Datasets/KADID10K/images/I41_18_02.png,0.11822523176670074,0.9075
./Datasets/KADID10K/images/I41_18_03.png,0.13986949622631073,0.8999999999999999
./Datasets/KADID10K/images/I41_18_04.png,0.090682752430439,0.8999999999999999
./Datasets/KADID10K/images/I41_18_05.png,0.06610464304685593,0.7425
./Datasets/KADID10K/images/I41_19_01.png,0.1523977518081665,0.8825000000000001
./Datasets/KADID10K/images/I41_19_02.png,0.18982917070388794,0.925
./Datasets/KADID10K/images/I41_19_03.png,0.25033146142959595,0.7425
./Datasets/KADID10K/images/I41_19_04.png,0.39249297976493835,0.23249999999999998
./Datasets/KADID10K/images/I41_19_05.png,0.44065046310424805,0.09999999999999998
./Datasets/KADID10K/images/I41_20_01.png,0.13916951417922974,0.8
./Datasets/KADID10K/images/I41_20_02.png,0.154236301779747,0.8500000000000001
./Datasets/KADID10K/images/I41_20_03.png,0.1450292468070984,0.6825
./Datasets/KADID10K/images/I41_20_04.png,0.15473318099975586,0.5075
./Datasets/KADID10K/images/I41_20_05.png,0.17858628928661346,0.35
./Datasets/KADID10K/images/I41_21_01.png,0.1938837170600891,0.8174999999999999
./Datasets/KADID10K/images/I41_21_02.png,0.2512212097644806,0.62
./Datasets/KADID10K/images/I41_21_03.png,0.30182546377182007,0.5075
./Datasets/KADID10K/images/I41_21_04.png,0.33327844738960266,0.5325
./Datasets/KADID10K/images/I41_21_05.png,0.5553898811340332,0.1175
./Datasets/KADID10K/images/I41_22_01.png,0.220933735370636,0.9325000000000001
./Datasets/KADID10K/images/I41_22_02.png,0.21418775618076324,0.9175
./Datasets/KADID10K/images/I41_22_03.png,0.24920934438705444,0.8174999999999999
./Datasets/KADID10K/images/I41_22_04.png,0.24673351645469666,0.7675000000000001
./Datasets/KADID10K/images/I41_22_05.png,0.23375238478183746,0.55
./Datasets/KADID10K/images/I41_23_01.png,0.15839911997318268,0.48250000000000004
./Datasets/KADID10K/images/I41_23_02.png,0.16783955693244934,0.5325
./Datasets/KADID10K/images/I41_23_03.png,0.1948796957731247,0.3325
./Datasets/KADID10K/images/I41_23_04.png,0.22672538459300995,0.3175
./Datasets/KADID10K/images/I41_23_05.png,0.22564302384853363,0.2925
./Datasets/KADID10K/images/I41_24_01.png,0.024458471685647964,0.7675000000000001
./Datasets/KADID10K/images/I41_24_02.png,0.008917463012039661,0.5575
./Datasets/KADID10K/images/I41_24_03.png,0.004693645052611828,0.36750000000000005
./Datasets/KADID10K/images/I41_24_04.png,0.004844512790441513,0.21750000000000003
./Datasets/KADID10K/images/I41_24_05.png,0.02753186598420143,0.1175
./Datasets/KADID10K/images/I41_25_01.png,0.03543153405189514,0.6825
./Datasets/KADID10K/images/I41_25_02.png,0.055880166590213776,0.8075000000000001
./Datasets/KADID10K/images/I41_25_03.png,0.08184383064508438,0.8825000000000001
./Datasets/KADID10K/images/I41_25_04.png,0.20392844080924988,0.8999999999999999
./Datasets/KADID10K/images/I41_25_05.png,0.26275119185447693,0.7425
./Datasets/KADID10K/images/I42_01_01.png,0.004711933434009552,0.8925000000000001
./Datasets/KADID10K/images/I42_01_02.png,0.03169308602809906,0.9075
./Datasets/KADID10K/images/I42_01_03.png,0.2316884696483612,0.5575
./Datasets/KADID10K/images/I42_01_04.png,0.4463185966014862,0.26749999999999996
./Datasets/KADID10K/images/I42_01_05.png,0.7556115984916687,0.09999999999999998
./Datasets/KADID10K/images/I42_02_01.png,0.10556067526340485,0.7675000000000001
./Datasets/KADID10K/images/I42_02_02.png,0.27522170543670654,0.5325
./Datasets/KADID10K/images/I42_02_03.png,0.5250952243804932,0.15749999999999997
./Datasets/KADID10K/images/I42_02_04.png,0.5977608561515808,0.15000000000000002
./Datasets/KADID10K/images/I42_02_05.png,0.6719793081283569,0.08250000000000002
./Datasets/KADID10K/images/I42_03_01.png,0.004711933434009552,0.9424999999999999
./Datasets/KADID10K/images/I42_03_02.png,0.03610778599977493,0.8574999999999999
./Datasets/KADID10K/images/I42_03_03.png,0.18072481453418732,0.5175
./Datasets/KADID10K/images/I42_03_04.png,0.2740685045719147,0.3325
./Datasets/KADID10K/images/I42_03_05.png,0.5225421190261841,0.175
./Datasets/KADID10K/images/I42_04_01.png,0.004290154669433832,0.9325000000000001
./Datasets/KADID10K/images/I42_04_02.png,0.0193596500903368,0.3325
./Datasets/KADID10K/images/I42_04_03.png,0.069771908223629,0.09250000000000003
./Datasets/KADID10K/images/I42_04_04.png,0.1718244105577469,0.0675
./Datasets/KADID10K/images/I42_04_05.png,0.2581728398799896,0.04999999999999999
./Datasets/KADID10K/images/I42_05_01.png,0.057957038283348083,0.8325
./Datasets/KADID10K/images/I42_05_02.png,0.12029426544904709,0.525
./Datasets/KADID10K/images/I42_05_03.png,0.15467752516269684,0.36750000000000005
./Datasets/KADID10K/images/I42_05_04.png,0.17795273661613464,0.25749999999999995
./Datasets/KADID10K/images/I42_05_05.png,0.181070938706398,0.3175
./Datasets/KADID10K/images/I42_06_01.png,0.009851796552538872,0.7075
./Datasets/KADID10K/images/I42_06_02.png,0.015658054500818253,0.6575
./Datasets/KADID10K/images/I42_06_03.png,0.008753763511776924,0.4675
./Datasets/KADID10K/images/I42_06_04.png,0.00439414894208312,0.4425
./Datasets/KADID10K/images/I42_06_05.png,0.0014058835804462433,0.2825
./Datasets/KADID10K/images/I42_07_01.png,0.007797893602401018,0.4325
./Datasets/KADID10K/images/I42_07_02.png,0.012385645881295204,0.35
./Datasets/KADID10K/images/I42_07_03.png,0.011628241278231144,0.25749999999999995
./Datasets/KADID10K/images/I42_07_04.png,0.012194988317787647,0.2825
./Datasets/KADID10K/images/I42_07_05.png,0.02424260415136814,0.30000000000000004
./Datasets/KADID10K/images/I42_08_01.png,0.004711933434009552,0.925
./Datasets/KADID10K/images/I42_08_02.png,0.10201361030340195,0.5425
./Datasets/KADID10K/images/I42_08_03.png,0.23149949312210083,0.4075
./Datasets/KADID10K/images/I42_08_04.png,0.43940606713294983,0.16749999999999998
./Datasets/KADID10K/images/I42_08_05.png,0.4150886535644531,0.1175
./Datasets/KADID10K/images/I42_09_01.png,0.008771137334406376,0.9325000000000001
./Datasets/KADID10K/images/I42_09_02.png,0.06579909473657608,0.8075000000000001
./Datasets/KADID10K/images/I42_09_03.png,0.12777265906333923,0.7075
./Datasets/KADID10K/images/I42_09_04.png,0.464179128408432,0.34750000000000003
./Datasets/KADID10K/images/I42_09_05.png,0.7605619430541992,0.057499999999999996
./Datasets/KADID10K/images/I42_10_01.png,0.0469057597219944,0.825
./Datasets/KADID10K/images/I42_10_02.png,0.053494423627853394,0.8325
./Datasets/KADID10K/images/I42_10_03.png,0.12682664394378662,0.7
./Datasets/KADID10K/images/I42_10_04.png,0.5621873736381531,0.32499999999999996
./Datasets/KADID10K/images/I42_10_05.png,0.781890332698822,0.10749999999999998
./Datasets/KADID10K/images/I42_11_01.png,0.046159517019987106,0.8075000000000001
./Datasets/KADID10K/images/I42_11_02.png,0.1174946278333664,0.65
./Datasets/KADID10K/images/I42_11_03.png,0.1741412729024887,0.5825
./Datasets/KADID10K/images/I42_11_04.png,0.2611869275569916,0.5
./Datasets/KADID10K/images/I42_11_05.png,0.35047873854637146,0.36750000000000005
./Datasets/KADID10K/images/I42_12_01.png,0.013512455858290195,0.9325000000000001
./Datasets/KADID10K/images/I42_12_02.png,0.09763069450855255,0.7075
./Datasets/KADID10K/images/I42_12_03.png,0.1740974634885788,0.5925
./Datasets/KADID10K/images/I42_12_04.png,0.3030819892883301,0.5225
./Datasets/KADID10K/images/I42_12_05.png,0.3729821741580963,0.42500000000000004
./Datasets/KADID10K/images/I42_13_01.png,0.011704470962285995,0.725
./Datasets/KADID10K/images/I42_13_02.png,0.02978707104921341,0.5425
./Datasets/KADID10K/images/I42_13_03.png,0.055782340466976166,0.4075
./Datasets/KADID10K/images/I42_13_04.png,0.1503254771232605,0.35750000000000004
./Datasets/KADID10K/images/I42_13_05.png,0.2638866901397705,0.3325
./Datasets/KADID10K/images/I42_14_01.png,0.00877793412655592,0.8425
./Datasets/KADID10K/images/I42_14_02.png,0.023659519851207733,0.7675000000000001
./Datasets/KADID10K/images/I42_14_03.png,0.07693252712488174,0.5575
./Datasets/KADID10K/images/I42_14_04.png,0.13072191178798676,0.48250000000000004
./Datasets/KADID10K/images/I42_14_05.png,0.3023982644081116,0.3325
./Datasets/KADID10K/images/I42_15_01.png,0.217116117477417,0.7575000000000001
./Datasets/KADID10K/images/I42_15_02.png,0.39884158968925476,0.5575
./Datasets/KADID10K/images/I42_15_03.png,0.4573902189731598,0.2825
./Datasets/KADID10K/images/I42_15_04.png,0.6238633990287781,0.25
./Datasets/KADID10K/images/I42_15_05.png,0.7074209451675415,0.125
./Datasets/KADID10K/images/I42_16_01.png,0.006276983302086592,0.8825000000000001
./Datasets/KADID10K/images/I42_16_02.png,0.007390137761831284,0.8325
./Datasets/KADID10K/images/I42_16_03.png,0.008655237965285778,0.675
./Datasets/KADID10K/images/I42_16_04.png,0.004217405803501606,0.48250000000000004
./Datasets/KADID10K/images/I42_16_05.png,0.0029145509470254183,0.22499999999999998
./Datasets/KADID10K/images/I42_17_01.png,0.004253152757883072,0.9325000000000001
./Datasets/KADID10K/images/I42_17_02.png,0.0037198439240455627,0.8825000000000001
./Datasets/KADID10K/images/I42_17_03.png,0.0028035223949700594,0.8
./Datasets/KADID10K/images/I42_17_04.png,0.0011232957476750016,0.665
./Datasets/KADID10K/images/I42_17_05.png,0.00020332516578491777,0.1925
./Datasets/KADID10K/images/I42_18_01.png,0.0025393518153578043,0.875
./Datasets/KADID10K/images/I42_18_02.png,0.0030796958599239588,0.925
./Datasets/KADID10K/images/I42_18_03.png,0.004711933434009552,0.9424999999999999
./Datasets/KADID10K/images/I42_18_04.png,0.0010604282142594457,0.8574999999999999
./Datasets/KADID10K/images/I42_18_05.png,0.0003753092314582318,0.7325
./Datasets/KADID10K/images/I42_19_01.png,0.026216605678200722,0.8425
./Datasets/KADID10K/images/I42_19_02.png,0.06136683002114296,0.875
./Datasets/KADID10K/images/I42_19_03.png,0.20142661035060883,0.6175
./Datasets/KADID10K/images/I42_19_04.png,0.42631062865257263,0.2425
./Datasets/KADID10K/images/I42_19_05.png,0.49142125248908997,0.10749999999999998
./Datasets/KADID10K/images/I42_20_01.png,0.00434868922457099,0.8425
./Datasets/KADID10K/images/I42_20_02.png,0.005983015056699514,0.7925
./Datasets/KADID10K/images/I42_20_03.png,0.005975246895104647,0.575
./Datasets/KADID10K/images/I42_20_04.png,0.0069861747324466705,0.5
./Datasets/KADID10K/images/I42_20_05.png,0.005922046024352312,0.375
./Datasets/KADID10K/images/I42_21_01.png,0.03355788066983223,0.605
./Datasets/KADID10K/images/I42_21_02.png,0.11939312517642975,0.515
./Datasets/KADID10K/images/I42_21_03.png,0.22852873802185059,0.4425
./Datasets/KADID10K/images/I42_21_04.png,0.2537926733493805,0.4175
./Datasets/KADID10K/images/I42_21_05.png,0.6450634598731995,0.10749999999999998
./Datasets/KADID10K/images/I42_22_01.png,0.009141851216554642,0.925
./Datasets/KADID10K/images/I42_22_02.png,0.009518870152533054,0.9424999999999999
./Datasets/KADID10K/images/I42_22_03.png,0.00890471413731575,0.9025000000000001
./Datasets/KADID10K/images/I42_22_04.png,0.009017325937747955,0.8
./Datasets/KADID10K/images/I42_22_05.png,0.015644457191228867,0.75
./Datasets/KADID10K/images/I42_23_01.png,0.0071286712773144245,0.525
./Datasets/KADID10K/images/I42_23_02.png,0.00894202385097742,0.3425
./Datasets/KADID10K/images/I42_23_03.png,0.008165453560650349,0.35
./Datasets/KADID10K/images/I42_23_04.png,0.028995510190725327,0.38749999999999996
./Datasets/KADID10K/images/I42_23_05.png,0.024851739406585693,0.15000000000000002
./Datasets/KADID10K/images/I42_24_01.png,0.00018672930309548974,0.5575
./Datasets/KADID10K/images/I42_24_02.png,3.853319867630489e-05,0.475
./Datasets/KADID10K/images/I42_24_03.png,1.7807940821512602e-05,0.32499999999999996
./Datasets/KADID10K/images/I42_24_04.png,4.26339965997613e-06,0.125
./Datasets/KADID10K/images/I42_24_05.png,5.215613782638684e-05,0.1175
./Datasets/KADID10K/images/I42_25_01.png,0.00014506239676848054,0.5325
./Datasets/KADID10K/images/I42_25_02.png,0.00043121943599544466,0.7175
./Datasets/KADID10K/images/I42_25_03.png,0.0016087726689875126,0.8174999999999999
./Datasets/KADID10K/images/I42_25_04.png,0.012551513500511646,0.825
./Datasets/KADID10K/images/I42_25_05.png,0.03828265890479088,0.525
./Datasets/KADID10K/images/I43_01_01.png,0.000992001499980688,0.95
./Datasets/KADID10K/images/I43_01_02.png,0.004871181212365627,0.8674999999999999
./Datasets/KADID10K/images/I43_01_03.png,0.02946856990456581,0.6675
./Datasets/KADID10K/images/I43_01_04.png,0.11559757590293884,0.36750000000000005
./Datasets/KADID10K/images/I43_01_05.png,0.7073318362236023,0.15000000000000002
./Datasets/KADID10K/images/I43_02_01.png,0.008948241360485554,0.8825000000000001
./Datasets/KADID10K/images/I43_02_02.png,0.025217965245246887,0.55
./Datasets/KADID10K/images/I43_02_03.png,0.21183092892169952,0.30000000000000004
./Datasets/KADID10K/images/I43_02_04.png,0.5199951529502869,0.22499999999999998
./Datasets/KADID10K/images/I43_02_05.png,0.5636318922042847,0.15000000000000002
./Datasets/KADID10K/images/I43_03_01.png,0.000992001499980688,0.925
./Datasets/KADID10K/images/I43_03_02.png,0.003579020034521818,0.8674999999999999
./Datasets/KADID10K/images/I43_03_03.png,0.020919684320688248,0.6325
./Datasets/KADID10K/images/I43_03_04.png,0.11329986900091171,0.4575
./Datasets/KADID10K/images/I43_03_05.png,0.2575908899307251,0.32499999999999996
./Datasets/KADID10K/images/I43_04_01.png,0.002406579675152898,0.9675
./Datasets/KADID10K/images/I43_04_02.png,0.05364380031824112,0.4575
./Datasets/KADID10K/images/I43_04_03.png,0.20718611776828766,0.475
./Datasets/KADID10K/images/I43_04_04.png,0.24618303775787354,0.49250000000000005
./Datasets/KADID10K/images/I43_04_05.png,0.29774269461631775,0.4075
./Datasets/KADID10K/images/I43_05_01.png,0.005294132046401501,0.8325
./Datasets/KADID10K/images/I43_05_02.png,0.06245262920856476,0.5425
./Datasets/KADID10K/images/I43_05_03.png,0.06304606795310974,0.2425
./Datasets/KADID10K/images/I43_05_04.png,0.09150951355695724,0.275
./Datasets/KADID10K/images/I43_05_05.png,0.1103711947798729,0.21000000000000002
./Datasets/KADID10K/images/I43_06_01.png,6.281158130150288e-05,0.8925000000000001
./Datasets/KADID10K/images/I43_06_02.png,2.546829819038976e-05,0.9025000000000001
./Datasets/KADID10K/images/I43_06_03.png,2.413794027233962e-05,0.9175
./Datasets/KADID10K/images/I43_06_04.png,4.792570507561322e-06,0.7325
./Datasets/KADID10K/images/I43_06_05.png,5.917868475080468e-05,0.5925
./Datasets/KADID10K/images/I43_07_01.png,0.040161535143852234,0.525
./Datasets/KADID10K/images/I43_07_02.png,0.0928664430975914,0.25749999999999995
./Datasets/KADID10K/images/I43_07_03.png,0.10730881989002228,0.275
./Datasets/KADID10K/images/I43_07_04.png,0.02892344258725643,0.38249999999999995
./Datasets/KADID10K/images/I43_07_05.png,0.026357701048254967,0.21750000000000003
./Datasets/KADID10K/images/I43_08_01.png,0.000992001499980688,0.8999999999999999
./Datasets/KADID10K/images/I43_08_02.png,0.003785490058362484,0.675
./Datasets/KADID10K/images/I43_08_03.png,0.025822188705205917,0.5575
./Datasets/KADID10K/images/I43_08_04.png,0.12158426642417908,0.42500000000000004
./Datasets/KADID10K/images/I43_08_05.png,0.15199309587478638,0.5175
./Datasets/KADID10K/images/I43_09_01.png,0.003554366063326597,0.9675
./Datasets/KADID10K/images/I43_09_02.png,0.0036417676601558924,0.9325000000000001
./Datasets/KADID10K/images/I43_09_03.png,0.0067586214281618595,0.8425
./Datasets/KADID10K/images/I43_09_04.png,0.09225747734308243,0.575
./Datasets/KADID10K/images/I43_09_05.png,0.6579010486602783,0.1325
./Datasets/KADID10K/images/I43_10_01.png,0.0009885327890515327,0.9175
./Datasets/KADID10K/images/I43_10_02.png,0.0021191139239817858,0.8999999999999999
./Datasets/KADID10K/images/I43_10_03.png,0.009336905553936958,0.8325
./Datasets/KADID10K/images/I43_10_04.png,0.6683235764503479,0.26749999999999996
./Datasets/KADID10K/images/I43_10_05.png,0.8090415000915527,0.16749999999999998
./Datasets/KADID10K/images/I43_11_01.png,0.011350899934768677,0.7175
./Datasets/KADID10K/images/I43_11_02.png,0.04944148287177086,0.6575
./Datasets/KADID10K/images/I43_11_03.png,0.09661564230918884,0.6325
./Datasets/KADID10K/images/I43_11_04.png,0.19609299302101135,0.55
./Datasets/KADID10K/images/I43_11_05.png,0.33423417806625366,0.42500000000000004
./Datasets/KADID10K/images/I43_12_01.png,0.0015992488479241729,0.95
./Datasets/KADID10K/images/I43_12_02.png,0.027316603809595108,0.6825
./Datasets/KADID10K/images/I43_12_03.png,0.10824473202228546,0.7175
./Datasets/KADID10K/images/I43_12_04.png,0.21274936199188232,0.475
./Datasets/KADID10K/images/I43_12_05.png,0.3309570550918579,0.475
./Datasets/KADID10K/images/I43_13_01.png,0.0001827246305765584,0.6
./Datasets/KADID10K/images/I43_13_02.png,0.0002449690655339509,0.525
./Datasets/KADID10K/images/I43_13_03.png,0.0015269811265170574,0.4
./Datasets/KADID10K/images/I43_13_04.png,0.02066151797771454,0.36750000000000005
./Datasets/KADID10K/images/I43_13_05.png,0.11481615900993347,0.32499999999999996
./Datasets/KADID10K/images/I43_14_01.png,0.000673743081279099,0.9675
./Datasets/KADID10K/images/I43_14_02.png,0.004593697842210531,0.875
./Datasets/KADID10K/images/I43_14_03.png,0.015223817899823189,0.7425
./Datasets/KADID10K/images/I43_14_04.png,0.05826422572135925,0.5075
./Datasets/KADID10K/images/I43_14_05.png,0.24029642343521118,0.3375
./Datasets/KADID10K/images/I43_15_01.png,0.17575280368328094,0.6575
./Datasets/KADID10K/images/I43_15_02.png,0.4688628911972046,0.5
./Datasets/KADID10K/images/I43_15_03.png,0.5651188492774963,0.2825
./Datasets/KADID10K/images/I43_15_04.png,0.6293637156486511,0.1825
./Datasets/KADID10K/images/I43_15_05.png,0.6875407695770264,0.175
./Datasets/KADID10K/images/I43_16_01.png,0.0009785896399989724,0.855
./Datasets/KADID10K/images/I43_16_02.png,0.0009372359490953386,0.7425
./Datasets/KADID10K/images/I43_16_03.png,0.0004518439818639308,0.6675
./Datasets/KADID10K/images/I43_16_04.png,0.00014870541053824127,0.32499999999999996
./Datasets/KADID10K/images/I43_16_05.png,0.00016380890156142414,0.15749999999999997
./Datasets/KADID10K/images/I43_17_01.png,0.0008245799690485001,0.8674999999999999
./Datasets/KADID10K/images/I43_17_02.png,0.0006230791914276779,0.9175
./Datasets/KADID10K/images/I43_17_03.png,0.00036694848677143455,0.8500000000000001
./Datasets/KADID10K/images/I43_17_04.png,8.558561967220157e-05,0.725
./Datasets/KADID10K/images/I43_17_05.png,8.806482583167963e-06,0.55
./Datasets/KADID10K/images/I43_18_01.png,0.00023978583340067416,0.8
./Datasets/KADID10K/images/I43_18_02.png,0.00040071477997116745,0.8999999999999999
./Datasets/KADID10K/images/I43_18_03.png,0.000992001499980688,0.9175
./Datasets/KADID10K/images/I43_18_04.png,0.00014071096666157246,0.875
./Datasets/KADID10K/images/I43_18_05.png,2.8001970349578187e-05,0.8325
./Datasets/KADID10K/images/I43_19_01.png,0.005078036803752184,0.9175
./Datasets/KADID10K/images/I43_19_02.png,0.013290347531437874,0.8925000000000001
./Datasets/KADID10K/images/I43_19_03.png,0.09598737210035324,0.7425
./Datasets/KADID10K/images/I43_19_04.png,0.27313944697380066,0.44999999999999996
./Datasets/KADID10K/images/I43_19_05.png,0.23387449979782104,0.22499999999999998
./Datasets/KADID10K/images/I43_20_01.png,0.0007076099282130599,0.875
./Datasets/KADID10K/images/I43_20_02.png,0.0009523260523565114,0.8825000000000001
./Datasets/KADID10K/images/I43_20_03.png,0.0008871546015143394,0.875
./Datasets/KADID10K/images/I43_20_04.png,0.0007733422098681331,0.7675000000000001
./Datasets/KADID10K/images/I43_20_05.png,0.0011314491275697947,0.6675
./Datasets/KADID10K/images/I43_21_01.png,0.002910213079303503,0.8925000000000001
./Datasets/KADID10K/images/I43_21_02.png,0.013146030716598034,0.7925
./Datasets/KADID10K/images/I43_21_03.png,0.03785599768161774,0.7575000000000001
./Datasets/KADID10K/images/I43_21_04.png,0.0629044696688652,0.7675000000000001
./Datasets/KADID10K/images/I43_21_05.png,0.3583560585975647,0.2825
./Datasets/KADID10K/images/I43_22_01.png,0.03827992454171181,0.6425
./Datasets/KADID10K/images/I43_22_02.png,0.09981522709131241,0.6175
./Datasets/KADID10K/images/I43_22_03.png,0.0904640182852745,0.5575
./Datasets/KADID10K/images/I43_22_04.png,0.11093252897262573,0.5175
./Datasets/KADID10K/images/I43_22_05.png,0.10741425305604935,0.5
./Datasets/KADID10K/images/I43_23_01.png,0.001234813709743321,0.35750000000000004
./Datasets/KADID10K/images/I43_23_02.png,0.0025809507351368666,0.2825
./Datasets/KADID10K/images/I43_23_03.png,0.010287261568009853,0.38249999999999995
./Datasets/KADID10K/images/I43_23_04.png,0.003785925218835473,0.26749999999999996
./Datasets/KADID10K/images/I43_23_05.png,0.005588610656559467,0.3325
./Datasets/KADID10K/images/I43_24_01.png,7.323895715671824e-06,0.8574999999999999
./Datasets/KADID10K/images/I43_24_02.png,1.7689123978925636e-06,0.6825
./Datasets/KADID10K/images/I43_24_03.png,4.290863216738217e-06,0.44999999999999996
./Datasets/KADID10K/images/I43_24_04.png,0.0005513631622307003,0.3075
./Datasets/KADID10K/images/I43_24_05.png,0.07470440864562988,0.2025
./Datasets/KADID10K/images/I43_25_01.png,4.407211690704571e-06,0.7
./Datasets/KADID10K/images/I43_25_02.png,1.4357125110109337e-05,0.8
./Datasets/KADID10K/images/I43_25_03.png,7.175461360020563e-05,0.8825000000000001
./Datasets/KADID10K/images/I43_25_04.png,0.007559044286608696,0.7825
./Datasets/KADID10K/images/I43_25_05.png,0.037395212799310684,0.525
./Datasets/KADID10K/images/I44_01_01.png,0.0072470796294510365,0.8574999999999999
./Datasets/KADID10K/images/I44_01_02.png,0.0323033481836319,0.7675000000000001
./Datasets/KADID10K/images/I44_01_03.png,0.12080617994070053,0.6575
./Datasets/KADID10K/images/I44_01_04.png,0.3012099862098694,0.21750000000000003
./Datasets/KADID10K/images/I44_01_05.png,0.681702196598053,0.03249999999999997
./Datasets/KADID10K/images/I44_02_01.png,0.062378011643886566,0.8325
./Datasets/KADID10K/images/I44_02_02.png,0.13780474662780762,0.48250000000000004
./Datasets/KADID10K/images/I44_02_03.png,0.34030020236968994,0.16749999999999998
./Datasets/KADID10K/images/I44_02_04.png,0.49595120549201965,0.07500000000000001
./Datasets/KADID10K/images/I44_02_05.png,0.5919309258460999,0.03249999999999997
./Datasets/KADID10K/images/I44_03_01.png,0.0072470796294510365,0.8674999999999999
./Datasets/KADID10K/images/I44_03_02.png,0.036216817796230316,0.8674999999999999
./Datasets/KADID10K/images/I44_03_03.png,0.11237159371376038,0.5925
./Datasets/KADID10K/images/I44_03_04.png,0.13677582144737244,0.25
./Datasets/KADID10K/images/I44_03_05.png,0.23342201113700867,0.14250000000000002
./Datasets/KADID10K/images/I44_04_01.png,0.007726876065135002,0.8925000000000001
./Datasets/KADID10K/images/I44_04_02.png,0.05119021609425545,0.30000000000000004
./Datasets/KADID10K/images/I44_04_03.png,0.19747667014598846,0.10749999999999998
./Datasets/KADID10K/images/I44_04_04.png,0.23342330753803253,0.12
./Datasets/KADID10K/images/I44_04_05.png,0.2355882078409195,0.04249999999999998
./Datasets/KADID10K/images/I44_05_01.png,0.029751572757959366,0.9325000000000001
./Datasets/KADID10K/images/I44_05_02.png,0.1421477198600769,0.38
./Datasets/KADID10K/images/I44_05_03.png,0.2363842874765396,0.23249999999999998
./Datasets/KADID10K/images/I44_05_04.png,0.26225119829177856,0.1325
./Datasets/KADID10K/images/I44_05_05.png,0.29094427824020386,0.09250000000000003
./Datasets/KADID10K/images/I44_06_01.png,0.0032735036220401525,0.8075000000000001
./Datasets/KADID10K/images/I44_06_02.png,0.004191476386040449,0.8
./Datasets/KADID10K/images/I44_06_03.png,0.0027141952887177467,0.725
./Datasets/KADID10K/images/I44_06_04.png,0.004003296140581369,0.7175
./Datasets/KADID10K/images/I44_06_05.png,4.606014408636838e-05,0.48250000000000004
./Datasets/KADID10K/images/I44_07_01.png,0.048118676990270615,0.39249999999999996
./Datasets/KADID10K/images/I44_07_02.png,0.11189642548561096,0.22499999999999998
./Datasets/KADID10K/images/I44_07_03.png,0.1776461899280548,0.235
./Datasets/KADID10K/images/I44_07_04.png,0.23537889122962952,0.2825
./Datasets/KADID10K/images/I44_07_05.png,0.22096869349479675,0.25
./Datasets/KADID10K/images/I44_08_01.png,0.0072470796294510365,0.8999999999999999
./Datasets/KADID10K/images/I44_08_02.png,0.0199133288115263,0.5575
./Datasets/KADID10K/images/I44_08_03.png,0.09338082373142242,0.30000000000000004
./Datasets/KADID10K/images/I44_08_04.png,0.24377769231796265,0.09250000000000003
./Datasets/KADID10K/images/I44_08_05.png,0.2552025318145752,0.0675
./Datasets/KADID10K/images/I44_09_01.png,0.013299285434186459,0.9325000000000001
./Datasets/KADID10K/images/I44_09_02.png,0.01807376928627491,0.8925000000000001
./Datasets/KADID10K/images/I44_09_03.png,0.03779563307762146,0.8500000000000001
./Datasets/KADID10K/images/I44_09_04.png,0.26099780201911926,0.525
./Datasets/KADID10K/images/I44_09_05.png,0.596509575843811,0.08250000000000002
./Datasets/KADID10K/images/I44_10_01.png,0.03692661598324776,0.8825000000000001
./Datasets/KADID10K/images/I44_10_02.png,0.05716605857014656,0.8500000000000001
./Datasets/KADID10K/images/I44_10_03.png,0.09817516058683395,0.7175
./Datasets/KADID10K/images/I44_10_04.png,0.5631096959114075,0.3325
./Datasets/KADID10K/images/I44_10_05.png,0.7694952487945557,0.09250000000000003
./Datasets/KADID10K/images/I44_11_01.png,0.06259917467832565,0.7675000000000001
./Datasets/KADID10K/images/I44_11_02.png,0.15548574924468994,0.6425
./Datasets/KADID10K/images/I44_11_03.png,0.20083892345428467,0.55
./Datasets/KADID10K/images/I44_11_04.png,0.2874894440174103,0.4425
./Datasets/KADID10K/images/I44_11_05.png,0.3369966447353363,0.3325
./Datasets/KADID10K/images/I44_12_01.png,0.01658233441412449,0.8425
./Datasets/KADID10K/images/I44_12_02.png,0.09571019560098648,0.7575000000000001
./Datasets/KADID10K/images/I44_12_03.png,0.2554134428501129,0.5675
./Datasets/KADID10K/images/I44_12_04.png,0.2965563237667084,0.45999999999999996
./Datasets/KADID10K/images/I44_12_05.png,0.3141784071922302,0.3075
./Datasets/KADID10K/images/I44_13_01.png,0.006832621525973082,0.675
./Datasets/KADID10K/images/I44_13_02.png,0.015312393195927143,0.5
./Datasets/KADID10K/images/I44_13_03.png,0.014201114885509014,0.38249999999999995
./Datasets/KADID10K/images/I44_13_04.png,0.0806344524025917,0.36750000000000005
./Datasets/KADID10K/images/I44_13_05.png,0.16912125051021576,0.32499999999999996
./Datasets/KADID10K/images/I44_14_01.png,0.00748782092705369,0.8500000000000001
./Datasets/KADID10K/images/I44_14_02.png,0.04992266371846199,0.7175
./Datasets/KADID10K/images/I44_14_03.png,0.11636212468147278,0.5175
./Datasets/KADID10K/images/I44_14_04.png,0.24339249730110168,0.44999999999999996
./Datasets/KADID10K/images/I44_14_05.png,0.36117932200431824,0.3175
./Datasets/KADID10K/images/I44_15_01.png,0.3016859292984009,0.6925
./Datasets/KADID10K/images/I44_15_02.png,0.3955521285533905,0.49250000000000005
./Datasets/KADID10K/images/I44_15_03.png,0.479847252368927,0.3075
./Datasets/KADID10K/images/I44_15_04.png,0.5795871615409851,0.15749999999999997
./Datasets/KADID10K/images/I44_15_05.png,0.6081534028053284,0.04999999999999999
./Datasets/KADID10K/images/I44_16_01.png,0.007818122394382954,0.8075000000000001
./Datasets/KADID10K/images/I44_16_02.png,0.007149068173021078,0.7825
./Datasets/KADID10K/images/I44_16_03.png,0.004416702780872583,0.6175
./Datasets/KADID10K/images/I44_16_04.png,0.0011261908803135157,0.32499999999999996
./Datasets/KADID10K/images/I44_16_05.png,0.004223883152008057,0.1175
./Datasets/KADID10K/images/I44_17_01.png,0.006439258810132742,0.8999999999999999
./Datasets/KADID10K/images/I44_17_02.png,0.0052089206874370575,0.875
./Datasets/KADID10K/images/I44_17_03.png,0.0033269154373556376,0.725
./Datasets/KADID10K/images/I44_17_04.png,0.0008123202132992446,0.6425
./Datasets/KADID10K/images/I44_17_05.png,0.0008109245682135224,0.175
./Datasets/KADID10K/images/I44_18_01.png,0.002083742991089821,0.7575000000000001
./Datasets/KADID10K/images/I44_18_02.png,0.004455178044736385,0.8574999999999999
./Datasets/KADID10K/images/I44_18_03.png,0.0072470796294510365,0.8500000000000001
./Datasets/KADID10K/images/I44_18_04.png,0.0017568584298714995,0.815
./Datasets/KADID10K/images/I44_18_05.png,0.000802724389359355,0.6675
./Datasets/KADID10K/images/I44_19_01.png,0.010123977437615395,0.8674999999999999
./Datasets/KADID10K/images/I44_19_02.png,0.020373716950416565,0.8075000000000001
./Datasets/KADID10K/images/I44_19_03.png,0.042881328612565994,0.7
./Datasets/KADID10K/images/I44_19_04.png,0.11735416203737259,0.30000000000000004
./Datasets/KADID10K/images/I44_19_05.png,0.08818371593952179,0.10749999999999998
./Datasets/KADID10K/images/I44_20_01.png,0.007037056144326925,0.8075000000000001
./Datasets/KADID10K/images/I44_20_02.png,0.010403267107903957,0.6675
./Datasets/KADID10K/images/I44_20_03.png,0.01285616960376501,0.8
./Datasets/KADID10K/images/I44_20_04.png,0.01431763544678688,0.6325
./Datasets/KADID10K/images/I44_20_05.png,0.019518081098794937,0.5675
./Datasets/KADID10K/images/I44_21_01.png,0.042208582162857056,0.7675000000000001
./Datasets/KADID10K/images/I44_21_02.png,0.08067253232002258,0.5325
./Datasets/KADID10K/images/I44_21_03.png,0.14719732105731964,0.5075
./Datasets/KADID10K/images/I44_21_04.png,0.16375470161437988,0.63
./Datasets/KADID10K/images/I44_21_05.png,0.4140179455280304,0.10749999999999998
./Datasets/KADID10K/images/I44_22_01.png,0.028110289946198463,0.8825000000000001
./Datasets/KADID10K/images/I44_22_02.png,0.044393062591552734,0.8325
./Datasets/KADID10K/images/I44_22_03.png,0.05890565365552902,0.8
./Datasets/KADID10K/images/I44_22_04.png,0.10956218838691711,0.555
./Datasets/KADID10K/images/I44_22_05.png,0.10283145308494568,0.3325
./Datasets/KADID10K/images/I44_23_01.png,0.007644431199878454,0.4325
./Datasets/KADID10K/images/I44_23_02.png,0.021740641444921494,0.39249999999999996
./Datasets/KADID10K/images/I44_23_03.png,0.02449425868690014,0.3075
./Datasets/KADID10K/images/I44_23_04.png,0.02410796843469143,0.2425
./Datasets/KADID10K/images/I44_23_05.png,0.031756628304719925,0.2425
./Datasets/KADID10K/images/I44_24_01.png,6.23254818492569e-05,0.65
./Datasets/KADID10K/images/I44_24_02.png,1.0291024409525562e-05,0.36250000000000004
./Datasets/KADID10K/images/I44_24_03.png,7.891007953730877e-06,0.25
./Datasets/KADID10K/images/I44_24_04.png,2.3781138224876486e-05,0.1825
./Datasets/KADID10K/images/I44_24_05.png,0.0013588661095127463,0.04999999999999999
./Datasets/KADID10K/images/I44_25_01.png,6.629522249568254e-05,0.5425
./Datasets/KADID10K/images/I44_25_02.png,0.00025022326735779643,0.6425
./Datasets/KADID10K/images/I44_25_03.png,0.0012174196308478713,0.7925
./Datasets/KADID10K/images/I44_25_04.png,0.034094881266355515,0.6
./Datasets/KADID10K/images/I44_25_05.png,0.14112025499343872,0.49250000000000005
./Datasets/KADID10K/images/I45_01_01.png,0.040860820561647415,0.8925000000000001
./Datasets/KADID10K/images/I45_01_02.png,0.1630145162343979,0.825
./Datasets/KADID10K/images/I45_01_03.png,0.41874417662620544,0.4075
./Datasets/KADID10K/images/I45_01_04.png,0.6017481088638306,0.11249999999999999
./Datasets/KADID10K/images/I45_01_05.png,0.7905386686325073,0.057499999999999996
./Datasets/KADID10K/images/I45_02_01.png,0.26762446761131287,0.6575
./Datasets/KADID10K/images/I45_02_02.png,0.46517249941825867,0.2825
./Datasets/KADID10K/images/I45_02_03.png,0.6236050724983215,0.125
./Datasets/KADID10K/images/I45_02_04.png,0.6911115050315857,0.09999999999999998
./Datasets/KADID10K/images/I45_02_05.png,0.7491238713264465,0.04249999999999998
./Datasets/KADID10K/images/I45_03_01.png,0.040860820561647415,0.8999999999999999
./Datasets/KADID10K/images/I45_03_02.png,0.17638158798217773,0.7
./Datasets/KADID10K/images/I45_03_03.png,0.3591722846031189,0.38249999999999995
./Datasets/KADID10K/images/I45_03_04.png,0.49910905957221985,0.22499999999999998
./Datasets/KADID10K/images/I45_03_05.png,0.5835587382316589,0.15000000000000002
./Datasets/KADID10K/images/I45_04_01.png,0.07333604246377945,0.925
./Datasets/KADID10K/images/I45_04_02.png,0.10395876318216324,0.44999999999999996
./Datasets/KADID10K/images/I45_04_03.png,0.07554890960454941,0.125
./Datasets/KADID10K/images/I45_04_04.png,0.08078335970640182,0.15000000000000002
./Datasets/KADID10K/images/I45_04_05.png,0.09897439181804657,0.07500000000000001
./Datasets/KADID10K/images/I45_05_01.png,0.2284502387046814,0.7
./Datasets/KADID10K/images/I45_05_02.png,0.3112994134426117,0.4225
./Datasets/KADID10K/images/I45_05_03.png,0.3702681362628937,0.15749999999999997
./Datasets/KADID10K/images/I45_05_04.png,0.39499878883361816,0.1325
./Datasets/KADID10K/images/I45_05_05.png,0.3969796895980835,0.15749999999999997
./Datasets/KADID10K/images/I45_06_01.png,0.040533218532800674,0.5825
./Datasets/KADID10K/images/I45_06_02.png,0.04495992884039879,0.5
./Datasets/KADID10K/images/I45_06_03.png,0.049479804933071136,0.375
./Datasets/KADID10K/images/I45_06_04.png,0.008374610915780067,0.36750000000000005
./Datasets/KADID10K/images/I45_06_05.png,0.0021528129000216722,0.1325
./Datasets/KADID10K/images/I45_07_01.png,0.062019214034080505,0.48250000000000004
./Datasets/KADID10K/images/I45_07_02.png,0.09357231110334396,0.4175
./Datasets/KADID10K/images/I45_07_03.png,0.12047703564167023,0.32499999999999996
./Datasets/KADID10K/images/I45_07_04.png,0.10884565860033035,0.39249999999999996
./Datasets/KADID10K/images/I45_07_05.png,0.09027493000030518,0.23249999999999998
./Datasets/KADID10K/images/I45_08_01.png,0.040860820561647415,0.8825000000000001
./Datasets/KADID10K/images/I45_08_02.png,0.11868448555469513,0.6
./Datasets/KADID10K/images/I45_08_03.png,0.2250615805387497,0.4075
./Datasets/KADID10K/images/I45_08_04.png,0.2973124086856842,0.09250000000000003
./Datasets/KADID10K/images/I45_08_05.png,0.33495962619781494,0.07500000000000001
./Datasets/KADID10K/images/I45_09_01.png,0.0978454127907753,0.875
./Datasets/KADID10K/images/I45_09_02.png,0.22898270189762115,0.8674999999999999
./Datasets/KADID10K/images/I45_09_03.png,0.3399294316768646,0.5575
./Datasets/KADID10K/images/I45_09_04.png,0.575485348701477,0.25749999999999995
./Datasets/KADID10K/images/I45_09_05.png,0.7650753855705261,0.03249999999999997
./Datasets/KADID10K/images/I45_10_01.png,0.2671275734901428,0.7749999999999999
./Datasets/KADID10K/images/I45_10_02.png,0.2682235538959503,0.7649999999999999
./Datasets/KADID10K/images/I45_10_03.png,0.3551516532897949,0.645
./Datasets/KADID10K/images/I45_10_04.png,0.5959055423736572,0.1325
./Datasets/KADID10K/images/I45_10_05.png,0.8110989332199097,0.03249999999999997
./Datasets/KADID10K/images/I45_11_01.png,0.18550769984722137,0.7425
./Datasets/KADID10K/images/I45_11_02.png,0.28783127665519714,0.5425
./Datasets/KADID10K/images/I45_11_03.png,0.34333208203315735,0.4175
./Datasets/KADID10K/images/I45_11_04.png,0.3860219717025757,0.35
./Datasets/KADID10K/images/I45_11_05.png,0.4329446256160736,0.3325
./Datasets/KADID10K/images/I45_12_01.png,0.09349849075078964,0.8674999999999999
./Datasets/KADID10K/images/I45_12_02.png,0.26160019636154175,0.6075
./Datasets/KADID10K/images/I45_12_03.png,0.30952149629592896,0.485
./Datasets/KADID10K/images/I45_12_04.png,0.417194664478302,0.3175
./Datasets/KADID10K/images/I45_12_05.png,0.4255845248699188,0.3075
./Datasets/KADID10K/images/I45_13_01.png,0.06942745298147202,0.5925
./Datasets/KADID10K/images/I45_13_02.png,0.11049441993236542,0.44999999999999996
./Datasets/KADID10K/images/I45_13_03.png,0.12128795683383942,0.4275
./Datasets/KADID10K/images/I45_13_04.png,0.20514258742332458,0.3425
./Datasets/KADID10K/images/I45_13_05.png,0.30064892768859863,0.25749999999999995
./Datasets/KADID10K/images/I45_14_01.png,0.05199231579899788,0.8174999999999999
./Datasets/KADID10K/images/I45_14_02.png,0.1354265958070755,0.5575
./Datasets/KADID10K/images/I45_14_03.png,0.1974625289440155,0.4425
./Datasets/KADID10K/images/I45_14_04.png,0.30576008558273315,0.32499999999999996
./Datasets/KADID10K/images/I45_14_05.png,0.4420347213745117,0.1825
./Datasets/KADID10K/images/I45_15_01.png,0.39330098032951355,0.65
./Datasets/KADID10K/images/I45_15_02.png,0.5104721188545227,0.3175
./Datasets/KADID10K/images/I45_15_03.png,0.572155773639679,0.15749999999999997
./Datasets/KADID10K/images/I45_15_04.png,0.6496186852455139,0.1175
./Datasets/KADID10K/images/I45_15_05.png,0.708608090877533,0.07500000000000001
./Datasets/KADID10K/images/I45_16_01.png,0.04420577734708786,0.9075
./Datasets/KADID10K/images/I45_16_02.png,0.04326281324028969,0.8500000000000001
./Datasets/KADID10K/images/I45_16_03.png,0.036075495183467865,0.675
./Datasets/KADID10K/images/I45_16_04.png,0.02925679087638855,0.32499999999999996
./Datasets/KADID10K/images/I45_16_05.png,0.02585480362176895,0.1175
./Datasets/KADID10K/images/I45_17_01.png,0.03780785948038101,0.9175
./Datasets/KADID10K/images/I45_17_02.png,0.03398185595870018,0.9075
./Datasets/KADID10K/images/I45_17_03.png,0.02793717011809349,0.7925
./Datasets/KADID10K/images/I45_17_04.png,0.018365919589996338,0.7425
./Datasets/KADID10K/images/I45_17_05.png,0.04559994116425514,0.4675
./Datasets/KADID10K/images/I45_18_01.png,0.02399466186761856,0.825
./Datasets/KADID10K/images/I45_18_02.png,0.026192042976617813,0.8574999999999999
./Datasets/KADID10K/images/I45_18_03.png,0.040860820561647415,0.8825000000000001
./Datasets/KADID10K/images/I45_18_04.png,0.01526104100048542,0.8574999999999999
./Datasets/KADID10K/images/I45_18_05.png,0.013156631030142307,0.7575000000000001
./Datasets/KADID10K/images/I45_19_01.png,0.08006898313760757,0.8500000000000001
./Datasets/KADID10K/images/I45_19_02.png,0.15992030501365662,0.825
./Datasets/KADID10K/images/I45_19_03.png,0.2746719717979431,0.475
./Datasets/KADID10K/images/I45_19_04.png,0.3826509416103363,0.14250000000000002
./Datasets/KADID10K/images/I45_19_05.png,0.44089633226394653,0.09999999999999998
./Datasets/KADID10K/images/I45_20_01.png,0.05029001086950302,0.8174999999999999
./Datasets/KADID10K/images/I45_20_02.png,0.04875689744949341,0.5675
./Datasets/KADID10K/images/I45_20_03.png,0.06692147254943848,0.4175
./Datasets/KADID10K/images/I45_20_04.png,0.046684060245752335,0.5325
./Datasets/KADID10K/images/I45_20_05.png,0.09620381146669388,0.26749999999999996
./Datasets/KADID10K/images/I45_21_01.png,0.09026212245225906,0.6925
./Datasets/KADID10K/images/I45_21_02.png,0.09891162067651749,0.35750000000000004
./Datasets/KADID10K/images/I45_21_03.png,0.1883452981710434,0.4
./Datasets/KADID10K/images/I45_21_04.png,0.21157041192054749,0.35
./Datasets/KADID10K/images/I45_21_05.png,0.4855359196662903,0.057499999999999996
./Datasets/KADID10K/images/I45_22_01.png,0.04652085900306702,0.8075000000000001
./Datasets/KADID10K/images/I45_22_02.png,0.06057300418615341,0.7749999999999999
./Datasets/KADID10K/images/I45_22_03.png,0.07559963315725327,0.6825
./Datasets/KADID10K/images/I45_22_04.png,0.10064978152513504,0.575
./Datasets/KADID10K/images/I45_22_05.png,0.1862451285123825,0.36750000000000005
./Datasets/KADID10K/images/I45_23_01.png,0.057166557759046555,0.7575000000000001
./Datasets/KADID10K/images/I45_23_02.png,0.06064270809292793,0.4425
./Datasets/KADID10K/images/I45_23_03.png,0.0569218285381794,0.35
./Datasets/KADID10K/images/I45_23_04.png,0.08664615452289581,0.2425
./Datasets/KADID10K/images/I45_23_05.png,0.08456168323755264,0.2425
./Datasets/KADID10K/images/I45_24_01.png,0.005870799068361521,0.6
./Datasets/KADID10K/images/I45_24_02.png,0.005845758132636547,0.38249999999999995
./Datasets/KADID10K/images/I45_24_03.png,0.004551314748823643,0.275
./Datasets/KADID10K/images/I45_24_04.png,0.004613223019987345,0.1325
./Datasets/KADID10K/images/I45_24_05.png,0.007720762398093939,0.09250000000000003
./Datasets/KADID10K/images/I45_25_01.png,0.009801817126572132,0.6
./Datasets/KADID10K/images/I45_25_02.png,0.011447494849562645,0.7
./Datasets/KADID10K/images/I45_25_03.png,0.01927582547068596,0.8174999999999999
./Datasets/KADID10K/images/I45_25_04.png,0.06652013957500458,0.8174999999999999
./Datasets/KADID10K/images/I45_25_05.png,0.10163532197475433,0.55
./Datasets/KADID10K/images/I46_01_01.png,0.017591143026947975,0.9125000000000001
./Datasets/KADID10K/images/I46_01_02.png,0.1159403845667839,0.8325
./Datasets/KADID10K/images/I46_01_03.png,0.33569175004959106,0.49250000000000005
./Datasets/KADID10K/images/I46_01_04.png,0.5221220850944519,0.15749999999999997
./Datasets/KADID10K/images/I46_01_05.png,0.7813861966133118,0.04249999999999998
./Datasets/KADID10K/images/I46_02_01.png,0.22592636942863464,0.7575000000000001
./Datasets/KADID10K/images/I46_02_02.png,0.3753390908241272,0.375
./Datasets/KADID10K/images/I46_02_03.png,0.5655962228775024,0.1825
./Datasets/KADID10K/images/I46_02_04.png,0.6695200800895691,0.08250000000000002
./Datasets/KADID10K/images/I46_02_05.png,0.7427664399147034,0.04999999999999999
./Datasets/KADID10K/images/I46_03_01.png,0.017591143026947975,0.9175
./Datasets/KADID10K/images/I46_03_02.png,0.17255012691020966,0.7749999999999999
./Datasets/KADID10K/images/I46_03_03.png,0.3148023784160614,0.575
./Datasets/KADID10K/images/I46_03_04.png,0.3937436044216156,0.25
./Datasets/KADID10K/images/I46_03_05.png,0.44937509298324585,0.1325
./Datasets/KADID10K/images/I46_04_01.png,0.02191959135234356,0.8825000000000001
./Datasets/KADID10K/images/I46_04_02.png,0.02203318476676941,0.36750000000000005
./Datasets/KADID10K/images/I46_04_03.png,0.016745630651712418,0.1825
./Datasets/KADID10K/images/I46_04_04.png,0.03181220963597298,0.11249999999999999
./Datasets/KADID10K/images/I46_04_05.png,0.09511201083660126,0.125
./Datasets/KADID10K/images/I46_05_01.png,0.055967047810554504,0.8825000000000001
./Datasets/KADID10K/images/I46_05_02.png,0.09402372688055038,0.44999999999999996
./Datasets/KADID10K/images/I46_05_03.png,0.15797926485538483,0.3425
./Datasets/KADID10K/images/I46_05_04.png,0.19705945253372192,0.35750000000000004
./Datasets/KADID10K/images/I46_05_05.png,0.1934451311826706,0.4175
./Datasets/KADID10K/images/I46_06_01.png,0.016855791211128235,0.7675000000000001
./Datasets/KADID10K/images/I46_06_02.png,0.010874339379370213,0.725
./Datasets/KADID10K/images/I46_06_03.png,0.007882208563387394,0.6675
./Datasets/KADID10K/images/I46_06_04.png,0.008696128614246845,0.525
./Datasets/KADID10K/images/I46_06_05.png,3.320032556075603e-05,0.3425
./Datasets/KADID10K/images/I46_07_01.png,0.05063573643565178,0.3375
./Datasets/KADID10K/images/I46_07_02.png,0.10266949981451035,0.39249999999999996
./Datasets/KADID10K/images/I46_07_03.png,0.09332260489463806,0.2825
./Datasets/KADID10K/images/I46_07_04.png,0.043703991919755936,0.175
./Datasets/KADID10K/images/I46_07_05.png,0.15502312779426575,0.15749999999999997
./Datasets/KADID10K/images/I46_08_01.png,0.017591143026947975,0.8999999999999999
./Datasets/KADID10K/images/I46_08_02.png,0.08655577152967453,0.5825
./Datasets/KADID10K/images/I46_08_03.png,0.19634535908699036,0.36750000000000005
./Datasets/KADID10K/images/I46_08_04.png,0.2950984239578247,0.09250000000000003
./Datasets/KADID10K/images/I46_08_05.png,0.3353871703147888,0.07500000000000001
./Datasets/KADID10K/images/I46_09_01.png,0.07960807532072067,0.8825000000000001
./Datasets/KADID10K/images/I46_09_02.png,0.2269330620765686,0.7749999999999999
./Datasets/KADID10K/images/I46_09_03.png,0.2973906099796295,0.6675
./Datasets/KADID10K/images/I46_09_04.png,0.503580629825592,0.2425
./Datasets/KADID10K/images/I46_09_05.png,0.7827327847480774,0.04249999999999998
./Datasets/KADID10K/images/I46_10_01.png,0.14081399142742157,0.9175
./Datasets/KADID10K/images/I46_10_02.png,0.15079371631145477,0.8574999999999999
./Datasets/KADID10K/images/I46_10_03.png,0.23020121455192566,0.7825
./Datasets/KADID10K/images/I46_10_04.png,0.5029544234275818,0.25749999999999995
./Datasets/KADID10K/images/I46_10_05.png,0.68658047914505,0.09999999999999998
./Datasets/KADID10K/images/I46_11_01.png,0.08667176961898804,0.8075000000000001
./Datasets/KADID10K/images/I46_11_02.png,0.16377052664756775,0.7
./Datasets/KADID10K/images/I46_11_03.png,0.1857239007949829,0.65
./Datasets/KADID10K/images/I46_11_04.png,0.2710074484348297,0.5075
./Datasets/KADID10K/images/I46_11_05.png,0.3377447724342346,0.32499999999999996
./Datasets/KADID10K/images/I46_12_01.png,0.03903051093220711,0.9075
./Datasets/KADID10K/images/I46_12_02.png,0.12958751618862152,0.7925
./Datasets/KADID10K/images/I46_12_03.png,0.20541800558567047,0.675
./Datasets/KADID10K/images/I46_12_04.png,0.2731209695339203,0.5325
./Datasets/KADID10K/images/I46_12_05.png,0.30468061566352844,0.4425
./Datasets/KADID10K/images/I46_13_01.png,0.01361299678683281,0.8500000000000001
./Datasets/KADID10K/images/I46_13_02.png,0.009082346223294735,0.65
./Datasets/KADID10K/images/I46_13_03.png,0.005110292695462704,0.5925
./Datasets/KADID10K/images/I46_13_04.png,0.017413310706615448,0.4325
./Datasets/KADID10K/images/I46_13_05.png,0.10803376883268356,0.32499999999999996
./Datasets/KADID10K/images/I46_14_01.png,0.02677789330482483,0.8825000000000001
./Datasets/KADID10K/images/I46_14_02.png,0.08406658470630646,0.6925
./Datasets/KADID10K/images/I46_14_03.png,0.15073847770690918,0.5175
./Datasets/KADID10K/images/I46_14_04.png,0.20691363513469696,0.375
./Datasets/KADID10K/images/I46_14_05.png,0.30054712295532227,0.21750000000000003
./Datasets/KADID10K/images/I46_15_01.png,0.22694794833660126,0.8075000000000001
./Datasets/KADID10K/images/I46_15_02.png,0.394108384847641,0.575
./Datasets/KADID10K/images/I46_15_03.png,0.4986596405506134,0.44999999999999996
./Datasets/KADID10K/images/I46_15_04.png,0.5791193246841431,0.18
./Datasets/KADID10K/images/I46_15_05.png,0.6774926781654358,0.07500000000000001
./Datasets/KADID10K/images/I46_16_01.png,0.016945278272032738,0.9075
./Datasets/KADID10K/images/I46_16_02.png,0.014676916413009167,0.8500000000000001
./Datasets/KADID10K/images/I46_16_03.png,0.006824139039963484,0.6675
./Datasets/KADID10K/images/I46_16_04.png,0.000679460063111037,0.35750000000000004
./Datasets/KADID10K/images/I46_16_05.png,0.00130520761013031,0.16749999999999998
./Datasets/KADID10K/images/I46_17_01.png,0.017723973840475082,0.9175
./Datasets/KADID10K/images/I46_17_02.png,0.016685212031006813,0.9075
./Datasets/KADID10K/images/I46_17_03.png,0.014535060152411461,0.8174999999999999
./Datasets/KADID10K/images/I46_17_04.png,0.00810596626251936,0.65
./Datasets/KADID10K/images/I46_17_05.png,0.003963973838835955,0.3325
./Datasets/KADID10K/images/I46_18_01.png,0.003390122903510928,0.7425
./Datasets/KADID10K/images/I46_18_02.png,0.007636989466845989,0.8925000000000001
./Datasets/KADID10K/images/I46_18_03.png,0.017591143026947975,0.9325000000000001
./Datasets/KADID10K/images/I46_18_04.png,0.008253381587564945,0.9175
./Datasets/KADID10K/images/I46_18_05.png,0.006983486004173756,0.7425
./Datasets/KADID10K/images/I46_19_01.png,0.06050596386194229,0.8825000000000001
./Datasets/KADID10K/images/I46_19_02.png,0.1065099835395813,0.7749999999999999
./Datasets/KADID10K/images/I46_19_03.png,0.24549636244773865,0.5825
./Datasets/KADID10K/images/I46_19_04.png,0.3828416168689728,0.21750000000000003
./Datasets/KADID10K/images/I46_19_05.png,0.42026665806770325,0.08250000000000002
./Datasets/KADID10K/images/I46_20_01.png,0.0193483829498291,0.8999999999999999
./Datasets/KADID10K/images/I46_20_02.png,0.023644741624593735,0.875
./Datasets/KADID10K/images/I46_20_03.png,0.026034235954284668,0.8574999999999999
./Datasets/KADID10K/images/I46_20_04.png,0.026328708976507187,0.8075000000000001
./Datasets/KADID10K/images/I46_20_05.png,0.018012650310993195,0.8425
./Datasets/KADID10K/images/I46_21_01.png,0.026090966537594795,0.675
./Datasets/KADID10K/images/I46_21_02.png,0.07656677812337875,0.475
./Datasets/KADID10K/images/I46_21_03.png,0.21009784936904907,0.35750000000000004
./Datasets/KADID10K/images/I46_21_04.png,0.2779698371887207,0.36750000000000005
./Datasets/KADID10K/images/I46_21_05.png,0.7224308252334595,0.15000000000000002
./Datasets/KADID10K/images/I46_22_01.png,0.018228478729724884,0.8925000000000001
./Datasets/KADID10K/images/I46_22_02.png,0.02408025413751602,0.9175
./Datasets/KADID10K/images/I46_22_03.png,0.029221877455711365,0.8574999999999999
./Datasets/KADID10K/images/I46_22_04.png,0.0412738211452961,0.875
./Datasets/KADID10K/images/I46_22_05.png,0.05300704389810562,0.7325
./Datasets/KADID10K/images/I46_23_01.png,0.02660462073981762,0.4575
./Datasets/KADID10K/images/I46_23_02.png,0.03979156166315079,0.39249999999999996
./Datasets/KADID10K/images/I46_23_03.png,0.048196155577898026,0.275
./Datasets/KADID10K/images/I46_23_04.png,0.0333237498998642,0.2925
./Datasets/KADID10K/images/I46_23_05.png,0.04544815793633461,0.21750000000000003
./Datasets/KADID10K/images/I46_24_01.png,0.0028850368689745665,0.525
./Datasets/KADID10K/images/I46_24_02.png,0.0028595738112926483,0.3325
./Datasets/KADID10K/images/I46_24_03.png,0.004997050855308771,0.22499999999999998
./Datasets/KADID10K/images/I46_24_04.png,0.019287949427962303,0.10749999999999998
./Datasets/KADID10K/images/I46_24_05.png,0.04459797590970993,0.07500000000000001
./Datasets/KADID10K/images/I46_25_01.png,0.0012272144667804241,0.6325
./Datasets/KADID10K/images/I46_25_02.png,0.002653959207236767,0.8075000000000001
./Datasets/KADID10K/images/I46_25_03.png,0.006430116016417742,0.8925000000000001
./Datasets/KADID10K/images/I46_25_04.png,0.039785441011190414,0.8325
./Datasets/KADID10K/images/I46_25_05.png,0.0678764134645462,0.6175
./Datasets/KADID10K/images/I47_01_01.png,0.02794518880546093,0.875
./Datasets/KADID10K/images/I47_01_02.png,0.1358666718006134,0.8174999999999999
./Datasets/KADID10K/images/I47_01_03.png,0.4004538059234619,0.5325
./Datasets/KADID10K/images/I47_01_04.png,0.5528296828269958,0.26749999999999996
./Datasets/KADID10K/images/I47_01_05.png,0.8481537103652954,0.1175
./Datasets/KADID10K/images/I47_02_01.png,0.2583181858062744,0.8174999999999999
./Datasets/KADID10K/images/I47_02_02.png,0.43860599398612976,0.5325
./Datasets/KADID10K/images/I47_02_03.png,0.5897959470748901,0.3325
./Datasets/KADID10K/images/I47_02_04.png,0.6996709704399109,0.125
./Datasets/KADID10K/images/I47_02_05.png,0.7932259440422058,0.09250000000000003
./Datasets/KADID10K/images/I47_03_01.png,0.02794518880546093,0.9075
./Datasets/KADID10K/images/I47_03_02.png,0.2038698047399521,0.8174999999999999
./Datasets/KADID10K/images/I47_03_03.png,0.35550346970558167,0.5425
./Datasets/KADID10K/images/I47_03_04.png,0.4584154188632965,0.35
./Datasets/KADID10K/images/I47_03_05.png,0.4968871474266052,0.175
./Datasets/KADID10K/images/I47_04_01.png,0.05822855606675148,0.9175
./Datasets/KADID10K/images/I47_04_02.png,0.03365663066506386,0.39249999999999996
./Datasets/KADID10K/images/I47_04_03.png,0.20827923715114594,0.15000000000000002
./Datasets/KADID10K/images/I47_04_04.png,0.25414565205574036,0.057499999999999996
./Datasets/KADID10K/images/I47_04_05.png,0.2631961703300476,0.04999999999999999
./Datasets/KADID10K/images/I47_05_01.png,0.12782050669193268,0.8674999999999999
./Datasets/KADID10K/images/I47_05_02.png,0.1934223473072052,0.36750000000000005
./Datasets/KADID10K/images/I47_05_03.png,0.2901232838630676,0.23249999999999998
./Datasets/KADID10K/images/I47_05_04.png,0.3194938898086548,0.16999999999999998
./Datasets/KADID10K/images/I47_05_05.png,0.34331730008125305,0.15749999999999997
./Datasets/KADID10K/images/I47_06_01.png,0.08197607845067978,0.7075
./Datasets/KADID10K/images/I47_06_02.png,0.04301811009645462,0.6
./Datasets/KADID10K/images/I47_06_03.png,0.05994390696287155,0.5325
./Datasets/KADID10K/images/I47_06_04.png,0.031311359256505966,0.5
./Datasets/KADID10K/images/I47_06_05.png,0.016066161915659904,0.3325
./Datasets/KADID10K/images/I47_07_01.png,0.14054150879383087,0.36750000000000005
./Datasets/KADID10K/images/I47_07_02.png,0.19121518731117249,0.25
./Datasets/KADID10K/images/I47_07_03.png,0.18056385219097137,0.23249999999999998
./Datasets/KADID10K/images/I47_07_04.png,0.15971314907073975,0.3175
./Datasets/KADID10K/images/I47_07_05.png,0.3004736304283142,0.1825
./Datasets/KADID10K/images/I47_08_01.png,0.02794518880546093,0.8999999999999999
./Datasets/KADID10K/images/I47_08_02.png,0.03248755261301994,0.5575
./Datasets/KADID10K/images/I47_08_03.png,0.12826134264469147,0.38249999999999995
./Datasets/KADID10K/images/I47_08_04.png,0.35406002402305603,0.057499999999999996
./Datasets/KADID10K/images/I47_08_05.png,0.334445059299469,0.007500000000000007
./Datasets/KADID10K/images/I47_09_01.png,0.07880139350891113,0.9175
./Datasets/KADID10K/images/I47_09_02.png,0.17886510491371155,0.8
./Datasets/KADID10K/images/I47_09_03.png,0.28928127884864807,0.8500000000000001
./Datasets/KADID10K/images/I47_09_04.png,0.5603286027908325,0.5325
./Datasets/KADID10K/images/I47_09_05.png,0.7715087532997131,0.1175
./Datasets/KADID10K/images/I47_10_01.png,0.2579333484172821,0.8425
./Datasets/KADID10K/images/I47_10_02.png,0.2837408185005188,0.825
./Datasets/KADID10K/images/I47_10_03.png,0.32792580127716064,0.7175
./Datasets/KADID10K/images/I47_10_04.png,0.6477143168449402,0.23249999999999998
./Datasets/KADID10K/images/I47_10_05.png,0.8018996119499207,0.07500000000000001
./Datasets/KADID10K/images/I47_11_01.png,0.2366671860218048,0.725
./Datasets/KADID10K/images/I47_11_02.png,0.3184528946876526,0.625
./Datasets/KADID10K/images/I47_11_03.png,0.40210941433906555,0.5425
./Datasets/KADID10K/images/I47_11_04.png,0.4227505028247833,0.4075
./Datasets/KADID10K/images/I47_11_05.png,0.5291810631752014,0.275
./Datasets/KADID10K/images/I47_12_01.png,0.1323069930076599,0.9325000000000001
./Datasets/KADID10K/images/I47_12_02.png,0.31987887620925903,0.6825
./Datasets/KADID10K/images/I47_12_03.png,0.40988290309906006,0.5425
./Datasets/KADID10K/images/I47_12_04.png,0.45400458574295044,0.4175
./Datasets/KADID10K/images/I47_12_05.png,0.5026959180831909,0.34750000000000003
./Datasets/KADID10K/images/I47_13_01.png,0.021337395533919334,0.6675
./Datasets/KADID10K/images/I47_13_02.png,0.005066926125437021,0.44999999999999996
./Datasets/KADID10K/images/I47_13_03.png,0.0024553732946515083,0.36750000000000005
./Datasets/KADID10K/images/I47_13_04.png,0.022512253373861313,0.275
./Datasets/KADID10K/images/I47_13_05.png,0.2431497424840927,0.20750000000000002
./Datasets/KADID10K/images/I47_14_01.png,0.05804450809955597,0.9575
./Datasets/KADID10K/images/I47_14_02.png,0.1740044802427292,0.6825
./Datasets/KADID10K/images/I47_14_03.png,0.27122095227241516,0.42500000000000004
./Datasets/KADID10K/images/I47_14_04.png,0.32549911737442017,0.42500000000000004
./Datasets/KADID10K/images/I47_14_05.png,0.4763210415840149,0.21750000000000003
./Datasets/KADID10K/images/I47_15_01.png,0.42350903153419495,0.6825
./Datasets/KADID10K/images/I47_15_02.png,0.5150230526924133,0.4425
./Datasets/KADID10K/images/I47_15_03.png,0.5811415314674377,0.2825
./Datasets/KADID10K/images/I47_15_04.png,0.6504953503608704,0.15000000000000002
./Datasets/KADID10K/images/I47_15_05.png,0.695522665977478,0.057499999999999996
./Datasets/KADID10K/images/I47_16_01.png,0.023985538631677628,0.9125000000000001
./Datasets/KADID10K/images/I47_16_02.png,0.021231066435575485,0.8825000000000001
./Datasets/KADID10K/images/I47_16_03.png,0.017567941918969154,0.6825
./Datasets/KADID10K/images/I47_16_04.png,0.008806005120277405,0.2925
./Datasets/KADID10K/images/I47_16_05.png,0.026277948170900345,0.22499999999999998
./Datasets/KADID10K/images/I47_17_01.png,0.028591029345989227,0.9175
./Datasets/KADID10K/images/I47_17_02.png,0.031172949820756912,0.8500000000000001
./Datasets/KADID10K/images/I47_17_03.png,0.03168151527643204,0.825
./Datasets/KADID10K/images/I47_17_04.png,0.02199743129312992,0.7
./Datasets/KADID10K/images/I47_17_05.png,0.014335784129798412,0.39249999999999996
./Datasets/KADID10K/images/I47_18_01.png,0.011147987097501755,0.8825000000000001
./Datasets/KADID10K/images/I47_18_02.png,0.016463078558444977,0.8825000000000001
./Datasets/KADID10K/images/I47_18_03.png,0.02794518880546093,0.9075
./Datasets/KADID10K/images/I47_18_04.png,0.007846606895327568,0.875
./Datasets/KADID10K/images/I47_18_05.png,0.010181977413594723,0.825
./Datasets/KADID10K/images/I47_19_01.png,0.061087217181921005,0.8825000000000001
./Datasets/KADID10K/images/I47_19_02.png,0.10390658676624298,0.8325
./Datasets/KADID10K/images/I47_19_03.png,0.26546910405158997,0.55
./Datasets/KADID10K/images/I47_19_04.png,0.4491385817527771,0.2425
./Datasets/KADID10K/images/I47_19_05.png,0.3964115083217621,0.0675
./Datasets/KADID10K/images/I47_20_01.png,0.04175034537911415,0.8574999999999999
./Datasets/KADID10K/images/I47_20_02.png,0.04797206073999405,0.7025
./Datasets/KADID10K/images/I47_20_03.png,0.03808191046118736,0.6075
./Datasets/KADID10K/images/I47_20_04.png,0.04920488968491554,0.6425
./Datasets/KADID10K/images/I47_20_05.png,0.06885568052530289,0.5175
./Datasets/KADID10K/images/I47_21_01.png,0.07831788808107376,0.7
./Datasets/KADID10K/images/I47_21_02.png,0.17575377225875854,0.49250000000000005
./Datasets/KADID10K/images/I47_21_03.png,0.2749612033367157,0.6325
./Datasets/KADID10K/images/I47_21_04.png,0.3206138014793396,0.48250000000000004
./Datasets/KADID10K/images/I47_21_05.png,0.4713074564933777,0.20750000000000002
./Datasets/KADID10K/images/I47_22_01.png,0.10836022347211838,0.7925
./Datasets/KADID10K/images/I47_22_02.png,0.13796116411685944,0.8474999999999999
./Datasets/KADID10K/images/I47_22_03.png,0.14652886986732483,0.6575
./Datasets/KADID10K/images/I47_22_04.png,0.1237710565328598,0.6075
./Datasets/KADID10K/images/I47_22_05.png,0.2149612009525299,0.3425
./Datasets/KADID10K/images/I47_23_01.png,0.03481457754969597,0.36750000000000005
./Datasets/KADID10K/images/I47_23_02.png,0.04750162735581398,0.275
./Datasets/KADID10K/images/I47_23_03.png,0.1049126610159874,0.36750000000000005
./Datasets/KADID10K/images/I47_23_04.png,0.15823519229888916,0.2
./Datasets/KADID10K/images/I47_23_05.png,0.16341114044189453,0.2
./Datasets/KADID10K/images/I47_24_01.png,0.007344439625740051,0.75
./Datasets/KADID10K/images/I47_24_02.png,0.011942634359002113,0.4575
./Datasets/KADID10K/images/I47_24_03.png,0.01952418126165867,0.4
./Datasets/KADID10K/images/I47_24_04.png,0.05017554759979248,0.125
./Datasets/KADID10K/images/I47_24_05.png,0.04837536811828613,0.07500000000000001
./Datasets/KADID10K/images/I47_25_01.png,0.0011560433777049184,0.6575
./Datasets/KADID10K/images/I47_25_02.png,0.0029020372312515974,0.7825
./Datasets/KADID10K/images/I47_25_03.png,0.00762483524158597,0.8999999999999999
./Datasets/KADID10K/images/I47_25_04.png,0.09477163851261139,0.8
./Datasets/KADID10K/images/I47_25_05.png,0.20214234292507172,0.49250000000000005
./Datasets/KADID10K/images/I48_01_01.png,0.0029331117402762175,0.8825000000000001
./Datasets/KADID10K/images/I48_01_02.png,0.0332319550216198,0.9375
./Datasets/KADID10K/images/I48_01_03.png,0.1979272961616516,0.625
./Datasets/KADID10K/images/I48_01_04.png,0.5896835923194885,0.30000000000000004
./Datasets/KADID10K/images/I48_01_05.png,0.8766910433769226,0.057499999999999996
./Datasets/KADID10K/images/I48_02_01.png,0.0708690881729126,0.7825
./Datasets/KADID10K/images/I48_02_02.png,0.3029234707355499,0.5075
./Datasets/KADID10K/images/I48_02_03.png,0.6023749113082886,0.21750000000000003
./Datasets/KADID10K/images/I48_02_04.png,0.7731775641441345,0.175
./Datasets/KADID10K/images/I48_02_05.png,0.8209241032600403,0.057499999999999996
./Datasets/KADID10K/images/I48_03_01.png,0.0029331117402762175,0.8825000000000001
./Datasets/KADID10K/images/I48_03_02.png,0.04460413008928299,0.8174999999999999
./Datasets/KADID10K/images/I48_03_03.png,0.3572683036327362,0.5575
./Datasets/KADID10K/images/I48_03_04.png,0.40027549862861633,0.37
./Datasets/KADID10K/images/I48_03_05.png,0.44164690375328064,0.2825
./Datasets/KADID10K/images/I48_04_01.png,0.004352855030447245,0.9075
./Datasets/KADID10K/images/I48_04_02.png,0.003607116173952818,0.3175
./Datasets/KADID10K/images/I48_04_03.png,0.020713161677122116,0.14250000000000002
./Datasets/KADID10K/images/I48_04_04.png,0.01577083207666874,0.10749999999999998
./Datasets/KADID10K/images/I48_04_05.png,0.04975757375359535,0.125
./Datasets/KADID10K/images/I48_05_01.png,0.04610850289463997,0.8825000000000001
./Datasets/KADID10K/images/I48_05_02.png,0.27935463190078735,0.42500000000000004
./Datasets/KADID10K/images/I48_05_03.png,0.3868248462677002,0.2
./Datasets/KADID10K/images/I48_05_04.png,0.3748261630535126,0.1925
./Datasets/KADID10K/images/I48_05_05.png,0.3167703449726105,0.22499999999999998
./Datasets/KADID10K/images/I48_06_01.png,7.571499008918181e-05,0.7675000000000001
./Datasets/KADID10K/images/I48_06_02.png,4.718534182757139e-05,0.7749999999999999
./Datasets/KADID10K/images/I48_06_03.png,2.0992583813495003e-05,0.6425
./Datasets/KADID10K/images/I48_06_04.png,8.447607251582667e-05,0.5075
./Datasets/KADID10K/images/I48_06_05.png,0.0013621831312775612,0.26749999999999996
./Datasets/KADID10K/images/I48_07_01.png,0.014634897001087666,0.4425
./Datasets/KADID10K/images/I48_07_02.png,0.033553171902894974,0.4
./Datasets/KADID10K/images/I48_07_03.png,0.05632103234529495,0.2825
./Datasets/KADID10K/images/I48_07_04.png,0.05956630781292915,0.3175
./Datasets/KADID10K/images/I48_07_05.png,0.020308688282966614,0.3425
./Datasets/KADID10K/images/I48_08_01.png,0.0029331117402762175,0.8674999999999999
./Datasets/KADID10K/images/I48_08_02.png,0.008138361386954784,0.5
./Datasets/KADID10K/images/I48_08_03.png,0.024383090436458588,0.4075
./Datasets/KADID10K/images/I48_08_04.png,0.14496088027954102,0.14250000000000002
./Datasets/KADID10K/images/I48_08_05.png,0.1918364316225052,0.04999999999999999
./Datasets/KADID10K/images/I48_09_01.png,0.008708287961781025,0.875
./Datasets/KADID10K/images/I48_09_02.png,0.03282982483506203,0.8925000000000001
./Datasets/KADID10K/images/I48_09_03.png,0.09090408682823181,0.9075
./Datasets/KADID10K/images/I48_09_04.png,0.4827873706817627,0.6375
./Datasets/KADID10K/images/I48_09_05.png,0.731232762336731,0.1175
./Datasets/KADID10K/images/I48_10_01.png,0.041072919964790344,0.925
./Datasets/KADID10K/images/I48_10_02.png,0.06183876842260361,0.875
./Datasets/KADID10K/images/I48_10_03.png,0.19861087203025818,0.7925
./Datasets/KADID10K/images/I48_10_04.png,0.7210404276847839,0.2
./Datasets/KADID10K/images/I48_10_05.png,0.8786354064941406,0.04249999999999998
./Datasets/KADID10K/images/I48_11_01.png,0.052214715629816055,0.6925
./Datasets/KADID10K/images/I48_11_02.png,0.1311403214931488,0.5175
./Datasets/KADID10K/images/I48_11_03.png,0.23658722639083862,0.475
./Datasets/KADID10K/images/I48_11_04.png,0.3175658881664276,0.4175
./Datasets/KADID10K/images/I48_11_05.png,0.4827629029750824,0.275
./Datasets/KADID10K/images/I48_12_01.png,0.009110511280596256,0.875
./Datasets/KADID10K/images/I48_12_02.png,0.11152131110429764,0.6675
./Datasets/KADID10K/images/I48_12_03.png,0.25760114192962646,0.48250000000000004
./Datasets/KADID10K/images/I48_12_04.png,0.3881639540195465,0.4425
./Datasets/KADID10K/images/I48_12_05.png,0.4141823649406433,0.3175
./Datasets/KADID10K/images/I48_13_01.png,0.0012070633238181472,0.5325
./Datasets/KADID10K/images/I48_13_02.png,0.017434757202863693,0.44999999999999996
./Datasets/KADID10K/images/I48_13_03.png,0.02254754863679409,0.36750000000000005
./Datasets/KADID10K/images/I48_13_04.png,0.11283554881811142,0.265
./Datasets/KADID10K/images/I48_13_05.png,0.2696729898452759,0.3175
./Datasets/KADID10K/images/I48_14_01.png,0.013326369225978851,0.875
./Datasets/KADID10K/images/I48_14_02.png,0.045612458139657974,0.49250000000000005
./Datasets/KADID10K/images/I48_14_03.png,0.12126446515321732,0.475
./Datasets/KADID10K/images/I48_14_04.png,0.20865030586719513,0.3325
./Datasets/KADID10K/images/I48_14_05.png,0.38593190908432007,0.265
./Datasets/KADID10K/images/I48_15_01.png,0.31425485014915466,0.575
./Datasets/KADID10K/images/I48_15_02.png,0.43543553352355957,0.4075
./Datasets/KADID10K/images/I48_15_03.png,0.5433034300804138,0.25749999999999995
./Datasets/KADID10K/images/I48_15_04.png,0.6299268007278442,0.15749999999999997
./Datasets/KADID10K/images/I48_15_05.png,0.6509087085723877,0.1825
./Datasets/KADID10K/images/I48_16_01.png,0.0035641309805214405,0.8574999999999999
./Datasets/KADID10K/images/I48_16_02.png,0.003495069919154048,0.8999999999999999
./Datasets/KADID10K/images/I48_16_03.png,0.0024310711305588484,0.725
./Datasets/KADID10K/images/I48_16_04.png,0.0009492044919170439,0.4
./Datasets/KADID10K/images/I48_16_05.png,0.003071423387154937,0.175
./Datasets/KADID10K/images/I48_17_01.png,0.0022803705651313066,0.8674999999999999
./Datasets/KADID10K/images/I48_17_02.png,0.001850432949140668,0.9424999999999999
./Datasets/KADID10K/images/I48_17_03.png,0.0010829876409843564,0.8674999999999999
./Datasets/KADID10K/images/I48_17_04.png,0.0002881453838199377,0.5925
./Datasets/KADID10K/images/I48_17_05.png,0.0012103457702323794,0.35
./Datasets/KADID10K/images/I48_18_01.png,0.0006800362607464194,0.8825000000000001
./Datasets/KADID10K/images/I48_18_02.png,0.0012449334608390927,0.9075
./Datasets/KADID10K/images/I48_18_03.png,0.0029331117402762175,0.8825000000000001
./Datasets/KADID10K/images/I48_18_04.png,0.0006498130969703197,0.825
./Datasets/KADID10K/images/I48_18_05.png,0.0002725160156842321,0.7175
./Datasets/KADID10K/images/I48_19_01.png,0.01056004036217928,0.925
./Datasets/KADID10K/images/I48_19_02.png,0.0464608408510685,0.875
./Datasets/KADID10K/images/I48_19_03.png,0.16748295724391937,0.65
./Datasets/KADID10K/images/I48_19_04.png,0.24919503927230835,0.32499999999999996
./Datasets/KADID10K/images/I48_19_05.png,0.21644210815429688,0.125
./Datasets/KADID10K/images/I48_20_01.png,0.004471902269870043,0.8325
./Datasets/KADID10K/images/I48_20_02.png,0.004506505560129881,0.5425
./Datasets/KADID10K/images/I48_20_03.png,0.012968786992132664,0.4325
./Datasets/KADID10K/images/I48_20_04.png,0.006572712678462267,0.35
./Datasets/KADID10K/images/I48_20_05.png,0.007922830060124397,0.4175
./Datasets/KADID10K/images/I48_21_01.png,0.025988904759287834,0.7175
./Datasets/KADID10K/images/I48_21_02.png,0.04661194607615471,0.625
./Datasets/KADID10K/images/I48_21_03.png,0.06841212511062622,0.48250000000000004
./Datasets/KADID10K/images/I48_21_04.png,0.09676402807235718,0.61
./Datasets/KADID10K/images/I48_21_05.png,0.2355426400899887,0.15000000000000002
./Datasets/KADID10K/images/I48_22_01.png,0.029192902147769928,0.5575
./Datasets/KADID10K/images/I48_22_02.png,0.031508661806583405,0.5075
./Datasets/KADID10K/images/I48_22_03.png,0.0561651773750782,0.42500000000000004
./Datasets/KADID10K/images/I48_22_04.png,0.08215562254190445,0.32499999999999996
./Datasets/KADID10K/images/I48_22_05.png,0.20440146327018738,0.2425
./Datasets/KADID10K/images/I48_23_01.png,0.002740248339250684,0.5575
./Datasets/KADID10K/images/I48_23_02.png,0.010978701524436474,0.36750000000000005
./Datasets/KADID10K/images/I48_23_03.png,0.0041006808169186115,0.32499999999999996
./Datasets/KADID10K/images/I48_23_04.png,0.012025533244013786,0.275
./Datasets/KADID10K/images/I48_23_05.png,0.016367420554161072,0.2425
./Datasets/KADID10K/images/I48_24_01.png,0.0002233807899756357,0.6425
./Datasets/KADID10K/images/I48_24_02.png,0.00010510194260859862,0.38749999999999996
./Datasets/KADID10K/images/I48_24_03.png,0.00012574416177812964,0.3425
./Datasets/KADID10K/images/I48_24_04.png,0.0007644242141395807,0.09999999999999998
./Datasets/KADID10K/images/I48_24_05.png,0.0030921781435608864,0.125
./Datasets/KADID10K/images/I48_25_01.png,2.2288675609161146e-05,0.525
./Datasets/KADID10K/images/I48_25_02.png,4.9575635785004124e-05,0.6675
./Datasets/KADID10K/images/I48_25_03.png,0.00030757617787458,0.7825
./Datasets/KADID10K/images/I48_25_04.png,0.013433346524834633,0.875
./Datasets/KADID10K/images/I48_25_05.png,0.04752882197499275,0.725
./Datasets/KADID10K/images/I49_01_01.png,0.00034577923361212015,0.9075
./Datasets/KADID10K/images/I49_01_02.png,0.004164928570389748,0.9075
./Datasets/KADID10K/images/I49_01_03.png,0.10188046842813492,0.575
./Datasets/KADID10K/images/I49_01_04.png,0.3512103855609894,0.36750000000000005
./Datasets/KADID10K/images/I49_01_05.png,0.7828203439712524,0.09250000000000003
./Datasets/KADID10K/images/I49_02_01.png,0.021331818774342537,0.8174999999999999
./Datasets/KADID10K/images/I49_02_02.png,0.1639818251132965,0.5675
./Datasets/KADID10K/images/I49_02_03.png,0.39403036236763,0.31499999999999995
./Datasets/KADID10K/images/I49_02_04.png,0.5463708639144897,0.15000000000000002
./Datasets/KADID10K/images/I49_02_05.png,0.6589031219482422,0.1925
./Datasets/KADID10K/images/I49_03_01.png,0.00034577923361212015,0.9325000000000001
./Datasets/KADID10K/images/I49_03_02.png,0.007769644260406494,0.8674999999999999
./Datasets/KADID10K/images/I49_03_03.png,0.06374408304691315,0.5
./Datasets/KADID10K/images/I49_03_04.png,0.15223756432533264,0.375
./Datasets/KADID10K/images/I49_03_05.png,0.2641492187976837,0.2
./Datasets/KADID10K/images/I49_04_01.png,0.0003767418675124645,0.9424999999999999
./Datasets/KADID10K/images/I49_04_02.png,0.0013027193490415812,0.5325
./Datasets/KADID10K/images/I49_04_03.png,0.0002656220458447933,0.23249999999999998
./Datasets/KADID10K/images/I49_04_04.png,0.0003881081356666982,0.3075
./Datasets/KADID10K/images/I49_04_05.png,0.0007999452645890415,0.3325
./Datasets/KADID10K/images/I49_05_01.png,0.004795474000275135,0.875
./Datasets/KADID10K/images/I49_05_02.png,0.024221982806921005,0.6
./Datasets/KADID10K/images/I49_05_03.png,0.054056406021118164,0.35750000000000004
./Datasets/KADID10K/images/I49_05_04.png,0.051580049097537994,0.42500000000000004
./Datasets/KADID10K/images/I49_05_05.png,0.057515040040016174,0.4075
./Datasets/KADID10K/images/I49_06_01.png,0.00029884607647545636,0.8825000000000001
./Datasets/KADID10K/images/I49_06_02.png,0.00026410561986267567,0.8999999999999999
./Datasets/KADID10K/images/I49_06_03.png,0.0003410616482142359,0.8500000000000001
./Datasets/KADID10K/images/I49_06_04.png,3.809968984569423e-05,0.725
./Datasets/KADID10K/images/I49_06_05.png,2.6372410957264947e-06,0.48250000000000004
./Datasets/KADID10K/images/I49_07_01.png,0.0018665263196453452,0.5675
./Datasets/KADID10K/images/I49_07_02.png,0.008945138193666935,0.49250000000000005
./Datasets/KADID10K/images/I49_07_03.png,0.015349355526268482,0.5575
./Datasets/KADID10K/images/I49_07_04.png,0.019319500774145126,0.4325
./Datasets/KADID10K/images/I49_07_05.png,0.01965837925672531,0.4575
./Datasets/KADID10K/images/I49_08_01.png,0.00034577923361212015,0.8825000000000001
./Datasets/KADID10K/images/I49_08_02.png,0.003770955838263035,0.7075
./Datasets/KADID10K/images/I49_08_03.png,0.01518842950463295,0.5
./Datasets/KADID10K/images/I49_08_04.png,0.11731000989675522,0.375
./Datasets/KADID10K/images/I49_08_05.png,0.245991513133049,0.275
./Datasets/KADID10K/images/I49_09_01.png,0.0006850602803751826,0.925
./Datasets/KADID10K/images/I49_09_02.png,0.002590460702776909,0.9075
./Datasets/KADID10K/images/I49_09_03.png,0.009406362660229206,0.8799999999999999
./Datasets/KADID10K/images/I49_09_04.png,0.2140866369009018,0.6575
./Datasets/KADID10K/images/I49_09_05.png,0.7014690041542053,0.16749999999999998
./Datasets/KADID10K/images/I49_10_01.png,0.04076187312602997,0.8925000000000001
./Datasets/KADID10K/images/I49_10_02.png,0.04765595123171806,0.8674999999999999
./Datasets/KADID10K/images/I49_10_03.png,0.17892299592494965,0.825
./Datasets/KADID10K/images/I49_10_04.png,0.7015089988708496,0.2
./Datasets/KADID10K/images/I49_10_05.png,0.8675094246864319,0.09250000000000003
./Datasets/KADID10K/images/I49_11_01.png,0.06880205869674683,0.7
./Datasets/KADID10K/images/I49_11_02.png,0.16157208383083344,0.5675
./Datasets/KADID10K/images/I49_11_03.png,0.21262118220329285,0.5
./Datasets/KADID10K/images/I49_11_04.png,0.36802273988723755,0.44999999999999996
./Datasets/KADID10K/images/I49_11_05.png,0.5025558471679688,0.4075
./Datasets/KADID10K/images/I49_12_01.png,0.026916293427348137,0.8925000000000001
./Datasets/KADID10K/images/I49_12_02.png,0.13109005987644196,0.725
./Datasets/KADID10K/images/I49_12_03.png,0.24260097742080688,0.5425
./Datasets/KADID10K/images/I49_12_04.png,0.3495158851146698,0.4325
./Datasets/KADID10K/images/I49_12_05.png,0.440097838640213,0.375
./Datasets/KADID10K/images/I49_13_01.png,0.0005250045214779675,0.49250000000000005
./Datasets/KADID10K/images/I49_13_02.png,1.0637192644935567e-05,0.38
./Datasets/KADID10K/images/I49_13_03.png,4.7696994442958385e-06,0.3425
./Datasets/KADID10K/images/I49_13_04.png,0.009874190203845501,0.20750000000000002
./Datasets/KADID10K/images/I49_13_05.png,0.13409024477005005,0.2425
./Datasets/KADID10K/images/I49_14_01.png,0.0004971429007127881,0.9575
./Datasets/KADID10K/images/I49_14_02.png,0.002426838967949152,0.8674999999999999
./Datasets/KADID10K/images/I49_14_03.png,0.004163771867752075,0.7749999999999999
./Datasets/KADID10K/images/I49_14_04.png,0.01065092347562313,0.6925
./Datasets/KADID10K/images/I49_14_05.png,0.03552468866109848,0.5325
./Datasets/KADID10K/images/I49_15_01.png,0.41868647933006287,0.625
./Datasets/KADID10K/images/I49_15_02.png,0.5079534649848938,0.4
./Datasets/KADID10K/images/I49_15_03.png,0.5639111995697021,0.2
./Datasets/KADID10K/images/I49_15_04.png,0.6670644283294678,0.057499999999999996
./Datasets/KADID10K/images/I49_15_05.png,0.7059424519538879,0.09250000000000003
./Datasets/KADID10K/images/I49_16_01.png,0.0004802935873158276,0.8925000000000001
./Datasets/KADID10K/images/I49_16_02.png,0.0004601819673553109,0.925
./Datasets/KADID10K/images/I49_16_03.png,0.0005862896796315908,0.7325
./Datasets/KADID10K/images/I49_16_04.png,0.0007850343827158213,0.625
./Datasets/KADID10K/images/I49_16_05.png,0.0013997883070260286,0.55
./Datasets/KADID10K/images/I49_17_01.png,0.00032593138166703284,0.9075
./Datasets/KADID10K/images/I49_17_02.png,0.0003278992371633649,0.9175
./Datasets/KADID10K/images/I49_17_03.png,0.0003742497065104544,0.8674999999999999
./Datasets/KADID10K/images/I49_17_04.png,0.0005095340311527252,0.575
./Datasets/KADID10K/images/I49_17_05.png,0.20743456482887268,0.15749999999999997
./Datasets/KADID10K/images/I49_18_01.png,0.00033200139296241105,0.8999999999999999
./Datasets/KADID10K/images/I49_18_02.png,0.0003301486431155354,0.9075
./Datasets/KADID10K/images/I49_18_03.png,0.00034577923361212015,0.925
./Datasets/KADID10K/images/I49_18_04.png,0.00029035983607172966,0.7749999999999999
./Datasets/KADID10K/images/I49_18_05.png,0.0007121493690647185,0.6825
./Datasets/KADID10K/images/I49_19_01.png,0.005458018742501736,0.8925000000000001
./Datasets/KADID10K/images/I49_19_02.png,0.010338651947677135,0.8
./Datasets/KADID10K/images/I49_19_03.png,0.05714257061481476,0.675
./Datasets/KADID10K/images/I49_19_04.png,0.10607552528381348,0.21750000000000003
./Datasets/KADID10K/images/I49_19_05.png,0.05178862065076828,0.07500000000000001
./Datasets/KADID10K/images/I49_20_01.png,0.0006373056676238775,0.8325
./Datasets/KADID10K/images/I49_20_02.png,0.0009075186098925769,0.7
./Datasets/KADID10K/images/I49_20_03.png,0.0010357510764151812,0.6925
./Datasets/KADID10K/images/I49_20_04.png,0.0005985818570479751,0.6425
./Datasets/KADID10K/images/I49_20_05.png,0.001282377983443439,0.5575
./Datasets/KADID10K/images/I49_21_01.png,0.0017956122756004333,0.7825
./Datasets/KADID10K/images/I49_21_02.png,0.003234311705455184,0.6175
./Datasets/KADID10K/images/I49_21_03.png,0.004332845099270344,0.5175
./Datasets/KADID10K/images/I49_21_04.png,0.005429836455732584,0.475
./Datasets/KADID10K/images/I49_21_05.png,0.14338675141334534,0.10749999999999998
./Datasets/KADID10K/images/I49_22_01.png,0.0182788148522377,0.825
./Datasets/KADID10K/images/I49_22_02.png,0.04077734053134918,0.6425
./Datasets/KADID10K/images/I49_22_03.png,0.07528365403413773,0.6325
./Datasets/KADID10K/images/I49_22_04.png,0.08456800878047943,0.4575
./Datasets/KADID10K/images/I49_22_05.png,0.05567528307437897,0.36750000000000005
./Datasets/KADID10K/images/I49_23_01.png,0.0004608125309459865,0.5825
./Datasets/KADID10K/images/I49_23_02.png,0.0011466023279353976,0.36750000000000005
./Datasets/KADID10K/images/I49_23_03.png,0.002735730493441224,0.35
./Datasets/KADID10K/images/I49_23_04.png,0.004576620180159807,0.2825
./Datasets/KADID10K/images/I49_23_05.png,0.0016047812532633543,0.26749999999999996
./Datasets/KADID10K/images/I49_24_01.png,4.074529351782985e-05,0.7749999999999999
./Datasets/KADID10K/images/I49_24_02.png,0.00011374257155694067,0.625
./Datasets/KADID10K/images/I49_24_03.png,0.00015379421529360116,0.48250000000000004
./Datasets/KADID10K/images/I49_24_04.png,0.0010766329942271113,0.26749999999999996
./Datasets/KADID10K/images/I49_24_05.png,0.005385928321629763,0.15000000000000002
./Datasets/KADID10K/images/I49_25_01.png,0.00016640331887174398,0.6575
./Datasets/KADID10K/images/I49_25_02.png,7.4833667895291e-05,0.75
./Datasets/KADID10K/images/I49_25_03.png,0.00013601973478216678,0.8674999999999999
./Datasets/KADID10K/images/I49_25_04.png,0.00178898882586509,0.7675000000000001
./Datasets/KADID10K/images/I49_25_05.png,0.01420646347105503,0.7425
./Datasets/KADID10K/images/I50_01_01.png,0.005705171264708042,0.8925000000000001
./Datasets/KADID10K/images/I50_01_02.png,0.0435585156083107,0.7825
./Datasets/KADID10K/images/I50_01_03.png,0.15849818289279938,0.4325
./Datasets/KADID10K/images/I50_01_04.png,0.29340553283691406,0.20750000000000002
./Datasets/KADID10K/images/I50_01_05.png,0.5802491307258606,0.04999999999999999
./Datasets/KADID10K/images/I50_02_01.png,0.09024814516305923,0.725
./Datasets/KADID10K/images/I50_02_02.png,0.1843957006931305,0.4
./Datasets/KADID10K/images/I50_02_03.png,0.29982084035873413,0.2
./Datasets/KADID10K/images/I50_02_04.png,0.41860508918762207,0.08250000000000002
./Datasets/KADID10K/images/I50_02_05.png,0.5256806015968323,0.04249999999999998
./Datasets/KADID10K/images/I50_03_01.png,0.005705171264708042,0.8999999999999999
./Datasets/KADID10K/images/I50_03_02.png,0.06351953744888306,0.7
./Datasets/KADID10K/images/I50_03_03.png,0.10877876728773117,0.4425
./Datasets/KADID10K/images/I50_03_04.png,0.1127651184797287,0.30000000000000004
./Datasets/KADID10K/images/I50_03_05.png,0.08371134102344513,0.1325
./Datasets/KADID10K/images/I50_04_01.png,0.010146183893084526,0.8799999999999999
./Datasets/KADID10K/images/I50_04_02.png,0.00544841168448329,0.39249999999999996
./Datasets/KADID10K/images/I50_04_03.png,0.06813642382621765,0.23249999999999998
./Datasets/KADID10K/images/I50_04_04.png,0.11142076551914215,0.1325
./Datasets/KADID10K/images/I50_04_05.png,0.07256018370389938,0.1175
./Datasets/KADID10K/images/I50_05_01.png,0.03689831122756004,0.7075
./Datasets/KADID10K/images/I50_05_02.png,0.07603419572114944,0.275
./Datasets/KADID10K/images/I50_05_03.png,0.14917555451393127,0.175
./Datasets/KADID10K/images/I50_05_04.png,0.18535692989826202,0.1175
./Datasets/KADID10K/images/I50_05_05.png,0.1641911119222641,0.16749999999999998
./Datasets/KADID10K/images/I50_06_01.png,0.010868898592889309,0.675
./Datasets/KADID10K/images/I50_06_02.png,0.008327859453856945,0.7075
./Datasets/KADID10K/images/I50_06_03.png,0.004411998204886913,0.6075
./Datasets/KADID10K/images/I50_06_04.png,0.0031974674202501774,0.5175
./Datasets/KADID10K/images/I50_06_05.png,0.0003325332363601774,0.4175
./Datasets/KADID10K/images/I50_07_01.png,0.022273492068052292,0.4
./Datasets/KADID10K/images/I50_07_02.png,0.05362009257078171,0.3175
./Datasets/KADID10K/images/I50_07_03.png,0.061410315334796906,0.23249999999999998
./Datasets/KADID10K/images/I50_07_04.png,0.06001638248562813,0.30000000000000004
./Datasets/KADID10K/images/I50_07_05.png,0.1682305932044983,0.25749999999999995
./Datasets/KADID10K/images/I50_08_01.png,0.005705171264708042,0.8674999999999999
./Datasets/KADID10K/images/I50_08_02.png,0.006996619049459696,0.5325
./Datasets/KADID10K/images/I50_08_03.png,0.012090608477592468,0.4075
./Datasets/KADID10K/images/I50_08_04.png,0.1654605269432068,0.15749999999999997
./Datasets/KADID10K/images/I50_08_05.png,0.2915365397930145,0.0675
./Datasets/KADID10K/images/I50_09_01.png,0.02611953392624855,0.8574999999999999
./Datasets/KADID10K/images/I50_09_02.png,0.04349951073527336,0.825
./Datasets/KADID10K/images/I50_09_03.png,0.10555709153413773,0.7075
./Datasets/KADID10K/images/I50_09_04.png,0.2714371979236603,0.4075
./Datasets/KADID10K/images/I50_09_05.png,0.6589881777763367,0.0675
./Datasets/KADID10K/images/I50_10_01.png,0.09274682402610779,0.7925
./Datasets/KADID10K/images/I50_10_02.png,0.13463948667049408,0.8500000000000001
./Datasets/KADID10K/images/I50_10_03.png,0.20736359059810638,0.7575000000000001
./Datasets/KADID10K/images/I50_10_04.png,0.5195812582969666,0.3175
./Datasets/KADID10K/images/I50_10_05.png,0.8347475528717041,0.025000000000000022
./Datasets/KADID10K/images/I50_11_01.png,0.1394030600786209,0.725
./Datasets/KADID10K/images/I50_11_02.png,0.20546051859855652,0.6075
./Datasets/KADID10K/images/I50_11_03.png,0.28017371892929077,0.5425
./Datasets/KADID10K/images/I50_11_04.png,0.3167642652988434,0.38249999999999995
./Datasets/KADID10K/images/I50_11_05.png,0.39021310210227966,0.3425
./Datasets/KADID10K/images/I50_12_01.png,0.053574420511722565,0.8500000000000001
./Datasets/KADID10K/images/I50_12_02.png,0.18902434408664703,0.5425
./Datasets/KADID10K/images/I50_12_03.png,0.25766122341156006,0.5675
./Datasets/KADID10K/images/I50_12_04.png,0.35864153504371643,0.32499999999999996
./Datasets/KADID10K/images/I50_12_05.png,0.37281838059425354,0.30000000000000004
./Datasets/KADID10K/images/I50_13_01.png,0.0016309035709127784,0.6575
./Datasets/KADID10K/images/I50_13_02.png,0.001298635732382536,0.48250000000000004
./Datasets/KADID10K/images/I50_13_03.png,0.0033968768548220396,0.4675
./Datasets/KADID10K/images/I50_13_04.png,0.04762141406536102,0.26749999999999996
./Datasets/KADID10K/images/I50_13_05.png,0.19804438948631287,0.25749999999999995
./Datasets/KADID10K/images/I50_14_01.png,0.056407734751701355,0.7675000000000001
./Datasets/KADID10K/images/I50_14_02.png,0.17483583092689514,0.54
./Datasets/KADID10K/images/I50_14_03.png,0.2508009970188141,0.4175
./Datasets/KADID10K/images/I50_14_04.png,0.3184346854686737,0.2825
./Datasets/KADID10K/images/I50_14_05.png,0.4207135736942291,0.22499999999999998
./Datasets/KADID10K/images/I50_15_01.png,0.2398136854171753,0.65
./Datasets/KADID10K/images/I50_15_02.png,0.3572915494441986,0.4425
./Datasets/KADID10K/images/I50_15_03.png,0.4997914731502533,0.3075
./Datasets/KADID10K/images/I50_15_04.png,0.5880745053291321,0.2
./Datasets/KADID10K/images/I50_15_05.png,0.668384313583374,0.1325
./Datasets/KADID10K/images/I50_16_01.png,0.0063385432586073875,0.8674999999999999
./Datasets/KADID10K/images/I50_16_02.png,0.007156158797442913,0.8075000000000001
./Datasets/KADID10K/images/I50_16_03.png,0.007340946700423956,0.575
./Datasets/KADID10K/images/I50_16_04.png,0.007720521185547113,0.175
./Datasets/KADID10K/images/I50_16_05.png,0.0654853880405426,0.125
./Datasets/KADID10K/images/I50_17_01.png,0.004998837132006884,0.8325
./Datasets/KADID10K/images/I50_17_02.png,0.004445698577910662,0.8
./Datasets/KADID10K/images/I50_17_03.png,0.0027106404304504395,0.7825
./Datasets/KADID10K/images/I50_17_04.png,0.0009313466143794358,0.6575
./Datasets/KADID10K/images/I50_17_05.png,0.00011653722322080284,0.39249999999999996
./Datasets/KADID10K/images/I50_18_01.png,0.0009359648101963103,0.8174999999999999
./Datasets/KADID10K/images/I50_18_02.png,0.0018823795253410935,0.7925
./Datasets/KADID10K/images/I50_18_03.png,0.005705171264708042,0.8925000000000001
./Datasets/KADID10K/images/I50_18_04.png,0.0023131028283387423,0.8174999999999999
./Datasets/KADID10K/images/I50_18_05.png,0.0010259163100272417,0.6675
./Datasets/KADID10K/images/I50_19_01.png,0.018128084018826485,0.8925000000000001
./Datasets/KADID10K/images/I50_19_02.png,0.04198351874947548,0.8425
./Datasets/KADID10K/images/I50_19_03.png,0.17670077085494995,0.7075
./Datasets/KADID10K/images/I50_19_04.png,0.14305876195430756,0.3175
./Datasets/KADID10K/images/I50_19_05.png,0.09095428138971329,0.09250000000000003
./Datasets/KADID10K/images/I50_20_01.png,0.011111889965832233,0.7175
./Datasets/KADID10K/images/I50_20_02.png,0.017990687862038612,0.7175
./Datasets/KADID10K/images/I50_20_03.png,0.011891606263816357,0.5825
./Datasets/KADID10K/images/I50_20_04.png,0.04790150746703148,0.3425
./Datasets/KADID10K/images/I50_20_05.png,0.09147477149963379,0.2925
./Datasets/KADID10K/images/I50_21_01.png,0.03908320516347885,0.8425
./Datasets/KADID10K/images/I50_21_02.png,0.07295320928096771,0.6175
./Datasets/KADID10K/images/I50_21_03.png,0.09651338309049606,0.6325
./Datasets/KADID10K/images/I50_21_04.png,0.11587122827768326,0.5075
./Datasets/KADID10K/images/I50_21_05.png,0.3369794189929962,0.13
./Datasets/KADID10K/images/I50_22_01.png,0.025440603494644165,0.7175
./Datasets/KADID10K/images/I50_22_02.png,0.03801581636071205,0.7325
./Datasets/KADID10K/images/I50_22_03.png,0.06660141795873642,0.7075
./Datasets/KADID10K/images/I50_22_04.png,0.07933405041694641,0.6825
./Datasets/KADID10K/images/I50_22_05.png,0.09402159601449966,0.4325
./Datasets/KADID10K/images/I50_23_01.png,0.008254747837781906,0.39249999999999996
./Datasets/KADID10K/images/I50_23_02.png,0.019945070147514343,0.3075
./Datasets/KADID10K/images/I50_23_03.png,0.025560570880770683,0.30000000000000004
./Datasets/KADID10K/images/I50_23_04.png,0.015637563541531563,0.1325
./Datasets/KADID10K/images/I50_23_05.png,0.025756902992725372,0.21750000000000003
./Datasets/KADID10K/images/I50_24_01.png,0.0004969261353835464,0.5825
./Datasets/KADID10K/images/I50_24_02.png,0.00015916484699118882,0.4
./Datasets/KADID10K/images/I50_24_03.png,0.00014519151591230184,0.29000000000000004
./Datasets/KADID10K/images/I50_24_04.png,0.00027295551262795925,0.08750000000000002
./Datasets/KADID10K/images/I50_24_05.png,0.005952140782028437,0.057499999999999996
./Datasets/KADID10K/images/I50_25_01.png,5.800326107419096e-05,0.5
./Datasets/KADID10K/images/I50_25_02.png,0.00017445780395064503,0.65
./Datasets/KADID10K/images/I50_25_03.png,0.0009237684425897896,0.7925
./Datasets/KADID10K/images/I50_25_04.png,0.023167656734585762,0.8325
./Datasets/KADID10K/images/I50_25_05.png,0.05916283279657364,0.6425
./Datasets/KADID10K/images/I51_01_01.png,0.0005140787689015269,0.8825000000000001
./Datasets/KADID10K/images/I51_01_02.png,0.015956351533532143,0.8425
./Datasets/KADID10K/images/I51_01_03.png,0.24188922345638275,0.375
./Datasets/KADID10K/images/I51_01_04.png,0.5350730419158936,0.1325
./Datasets/KADID10K/images/I51_01_05.png,0.8211008906364441,0.08250000000000002
./Datasets/KADID10K/images/I51_02_01.png,0.10419639199972153,0.7575000000000001
./Datasets/KADID10K/images/I51_02_02.png,0.30137109756469727,0.37
./Datasets/KADID10K/images/I51_02_03.png,0.5649840235710144,0.1825
./Datasets/KADID10K/images/I51_02_04.png,0.6927942633628845,0.09250000000000003
./Datasets/KADID10K/images/I51_02_05.png,0.7535951137542725,0.03249999999999997
./Datasets/KADID10K/images/I51_03_01.png,0.0005140787689015269,0.9424999999999999
./Datasets/KADID10K/images/I51_03_02.png,0.03396878018975258,0.7575000000000001
./Datasets/KADID10K/images/I51_03_03.png,0.1524367481470108,0.23249999999999998
./Datasets/KADID10K/images/I51_03_04.png,0.24954693019390106,0.25
./Datasets/KADID10K/images/I51_03_05.png,0.3704393208026886,0.057499999999999996
./Datasets/KADID10K/images/I51_04_01.png,0.0012114299461245537,0.925
./Datasets/KADID10K/images/I51_04_02.png,0.021831078454852104,0.49250000000000005
./Datasets/KADID10K/images/I51_04_03.png,0.031043516471982002,0.175
./Datasets/KADID10K/images/I51_04_04.png,0.02840997464954853,0.09999999999999998
./Datasets/KADID10K/images/I51_04_05.png,0.023732144385576248,0.04249999999999998
./Datasets/KADID10K/images/I51_05_01.png,0.044786226004362106,0.7175
./Datasets/KADID10K/images/I51_05_02.png,0.13625578582286835,0.3075
./Datasets/KADID10K/images/I51_05_03.png,0.22179889678955078,0.1325
./Datasets/KADID10K/images/I51_05_04.png,0.2246357947587967,0.125
./Datasets/KADID10K/images/I51_05_05.png,0.22710135579109192,0.1925
./Datasets/KADID10K/images/I51_06_01.png,4.8495535338588525e-06,0.7325
./Datasets/KADID10K/images/I51_06_02.png,3.2774742066976614e-06,0.725
./Datasets/KADID10K/images/I51_06_03.png,1.0658608516678214e-05,0.6925
./Datasets/KADID10K/images/I51_06_04.png,3.8129369386297185e-06,0.575
./Datasets/KADID10K/images/I51_06_05.png,1.6630819388296914e-08,0.4075
./Datasets/KADID10K/images/I51_07_01.png,0.0021206792443990707,0.4675
./Datasets/KADID10K/images/I51_07_02.png,0.010840821079909801,0.3175
./Datasets/KADID10K/images/I51_07_03.png,0.02539675123989582,0.32499999999999996
./Datasets/KADID10K/images/I51_07_04.png,0.0639616921544075,0.35750000000000004
./Datasets/KADID10K/images/I51_07_05.png,0.06055961921811104,0.25749999999999995
./Datasets/KADID10K/images/I51_08_01.png,0.0005140787689015269,0.9175
./Datasets/KADID10K/images/I51_08_02.png,0.0027391216717660427,0.575
./Datasets/KADID10K/images/I51_08_03.png,0.0135246142745018,0.49250000000000005
./Datasets/KADID10K/images/I51_08_04.png,0.04801727831363678,0.26749999999999996
./Datasets/KADID10K/images/I51_08_05.png,0.0636538490653038,0.125
./Datasets/KADID10K/images/I51_09_01.png,0.00644468842074275,0.95
./Datasets/KADID10K/images/I51_09_02.png,0.10971860587596893,0.8674999999999999
./Datasets/KADID10K/images/I51_09_03.png,0.16235361993312836,0.6925
./Datasets/KADID10K/images/I51_09_04.png,0.4706838130950928,0.23249999999999998
./Datasets/KADID10K/images/I51_09_05.png,0.7494886517524719,0.09250000000000003
./Datasets/KADID10K/images/I51_10_01.png,0.054431237280368805,0.8
./Datasets/KADID10K/images/I51_10_02.png,0.09390129148960114,0.7825
./Datasets/KADID10K/images/I51_10_03.png,0.12528187036514282,0.6675
./Datasets/KADID10K/images/I51_10_04.png,0.5721630454063416,0.175
./Datasets/KADID10K/images/I51_10_05.png,0.8101873993873596,0.057499999999999996
./Datasets/KADID10K/images/I51_11_01.png,0.008703021332621574,0.65
./Datasets/KADID10K/images/I51_11_02.png,0.043642085045576096,0.48250000000000004
./Datasets/KADID10K/images/I51_11_03.png,0.1053413674235344,0.5075
./Datasets/KADID10K/images/I51_11_04.png,0.1727629005908966,0.38249999999999995
./Datasets/KADID10K/images/I51_11_05.png,0.2827135920524597,0.3075
./Datasets/KADID10K/images/I51_12_01.png,0.0010085804387927055,0.8574999999999999
./Datasets/KADID10K/images/I51_12_02.png,0.021742278710007668,0.575
./Datasets/KADID10K/images/I51_12_03.png,0.08835747838020325,0.39249999999999996
./Datasets/KADID10K/images/I51_12_04.png,0.19874320924282074,0.35
./Datasets/KADID10K/images/I51_12_05.png,0.2941098213195801,0.3175
./Datasets/KADID10K/images/I51_13_01.png,4.053639713674784e-05,0.6825
./Datasets/KADID10K/images/I51_13_02.png,3.80212914024014e-05,0.38249999999999995
./Datasets/KADID10K/images/I51_13_03.png,0.00019460836483631283,0.32499999999999996
./Datasets/KADID10K/images/I51_13_04.png,0.010758583433926105,0.30000000000000004
./Datasets/KADID10K/images/I51_13_05.png,0.09242855757474899,0.30000000000000004
./Datasets/KADID10K/images/I51_14_01.png,0.0008475322392769158,0.8500000000000001
./Datasets/KADID10K/images/I51_14_02.png,0.005977258086204529,0.5
./Datasets/KADID10K/images/I51_14_03.png,0.018433133140206337,0.49250000000000005
./Datasets/KADID10K/images/I51_14_04.png,0.06543369591236115,0.4075
./Datasets/KADID10K/images/I51_14_05.png,0.2222328633069992,0.23249999999999998
./Datasets/KADID10K/images/I51_15_01.png,0.2761237621307373,0.7425
./Datasets/KADID10K/images/I51_15_02.png,0.40718749165534973,0.5
./Datasets/KADID10K/images/I51_15_03.png,0.5029441118240356,0.30000000000000004
./Datasets/KADID10K/images/I51_15_04.png,0.5900729298591614,0.1725
./Datasets/KADID10K/images/I51_15_05.png,0.6489033102989197,0.08250000000000002
./Datasets/KADID10K/images/I51_16_01.png,0.0007387910154648125,0.8500000000000001
./Datasets/KADID10K/images/I51_16_02.png,0.0008723721257410944,0.8174999999999999
./Datasets/KADID10K/images/I51_16_03.png,0.0009825049201026559,0.675
./Datasets/KADID10K/images/I51_16_04.png,0.001271075219847262,0.4325
./Datasets/KADID10K/images/I51_16_05.png,0.006744775455445051,0.26749999999999996
./Datasets/KADID10K/images/I51_17_01.png,0.00041623690049163997,0.9075
./Datasets/KADID10K/images/I51_17_02.png,0.0003068579826503992,0.9175
./Datasets/KADID10K/images/I51_17_03.png,0.0001771137467585504,0.8425
./Datasets/KADID10K/images/I51_17_04.png,4.658151010517031e-05,0.6925
./Datasets/KADID10K/images/I51_17_05.png,0.0001645368174649775,0.26749999999999996
./Datasets/KADID10K/images/I51_18_01.png,0.0001506486878497526,0.825
./Datasets/KADID10K/images/I51_18_02.png,0.00029507523868232965,0.8625
./Datasets/KADID10K/images/I51_18_03.png,0.0005140787689015269,0.8574999999999999
./Datasets/KADID10K/images/I51_18_04.png,6.607022078242153e-05,0.8700000000000001
./Datasets/KADID10K/images/I51_18_05.png,2.68316925939871e-05,0.7575000000000001
./Datasets/KADID10K/images/I51_19_01.png,0.00351606123149395,0.8574999999999999
./Datasets/KADID10K/images/I51_19_02.png,0.00933629646897316,0.7825
./Datasets/KADID10K/images/I51_19_03.png,0.10280905663967133,0.48250000000000004
./Datasets/KADID10K/images/I51_19_04.png,0.26911744475364685,0.14250000000000002
./Datasets/KADID10K/images/I51_19_05.png,0.3524846136569977,0.09250000000000003
./Datasets/KADID10K/images/I51_20_01.png,0.00043663810356520116,0.8174999999999999
./Datasets/KADID10K/images/I51_20_02.png,0.0010489769047126174,0.7075
./Datasets/KADID10K/images/I51_20_03.png,0.0004345411725807935,0.7825
./Datasets/KADID10K/images/I51_20_04.png,0.0007973854662850499,0.6675
./Datasets/KADID10K/images/I51_20_05.png,0.00041559874080121517,0.4175
./Datasets/KADID10K/images/I51_21_01.png,0.0008885792922228575,0.75
./Datasets/KADID10K/images/I51_21_02.png,0.004315956030040979,0.5
./Datasets/KADID10K/images/I51_21_03.png,0.04011042043566704,0.36750000000000005
./Datasets/KADID10K/images/I51_21_04.png,0.08119207620620728,0.36750000000000005
./Datasets/KADID10K/images/I51_21_05.png,0.42973387241363525,0.057499999999999996
./Datasets/KADID10K/images/I51_22_01.png,0.0016725511522963643,0.7675000000000001
./Datasets/KADID10K/images/I51_22_02.png,0.00312280235812068,0.6325
./Datasets/KADID10K/images/I51_22_03.png,0.00623807217925787,0.6125
./Datasets/KADID10K/images/I51_22_04.png,0.023878218606114388,0.5075
./Datasets/KADID10K/images/I51_22_05.png,0.013245681300759315,0.3325
./Datasets/KADID10K/images/I51_23_01.png,0.0010926624527201056,0.38249999999999995
./Datasets/KADID10K/images/I51_23_02.png,0.002336338395252824,0.35750000000000004
./Datasets/KADID10K/images/I51_23_03.png,0.0010953271994367242,0.38249999999999995
./Datasets/KADID10K/images/I51_23_04.png,0.00224999338388443,0.30000000000000004
./Datasets/KADID10K/images/I51_23_05.png,0.0017886790446937084,0.26749999999999996
./Datasets/KADID10K/images/I51_24_01.png,1.1652382454485632e-05,0.55
./Datasets/KADID10K/images/I51_24_02.png,4.562426966003841e-06,0.2925
./Datasets/KADID10K/images/I51_24_03.png,1.719709689496085e-05,0.10749999999999998
./Datasets/KADID10K/images/I51_24_04.png,0.0012215099995955825,0.10749999999999998
./Datasets/KADID10K/images/I51_24_05.png,0.04604426771402359,0.04249999999999998
./Datasets/KADID10K/images/I51_25_01.png,3.327918420836795e-06,0.6675
./Datasets/KADID10K/images/I51_25_02.png,6.476457201642916e-06,0.7825
./Datasets/KADID10K/images/I51_25_03.png,3.992387428297661e-05,0.875
./Datasets/KADID10K/images/I51_25_04.png,0.006143598351627588,0.7675000000000001
./Datasets/KADID10K/images/I51_25_05.png,0.057640112936496735,0.6425
./Datasets/KADID10K/images/I52_01_01.png,0.10888663679361343,0.9424999999999999
./Datasets/KADID10K/images/I52_01_02.png,0.26154255867004395,0.8674999999999999
./Datasets/KADID10K/images/I52_01_03.png,0.5123592019081116,0.4325
./Datasets/KADID10K/images/I52_01_04.png,0.6359542608261108,0.21750000000000003
./Datasets/KADID10K/images/I52_01_05.png,0.8534097075462341,0.0675
./Datasets/KADID10K/images/I52_02_01.png,0.3907962143421173,0.7675000000000001
./Datasets/KADID10K/images/I52_02_02.png,0.5363118648529053,0.485
./Datasets/KADID10K/images/I52_02_03.png,0.6399941444396973,0.2
./Datasets/KADID10K/images/I52_02_04.png,0.7336169481277466,0.09250000000000003
./Datasets/KADID10K/images/I52_02_05.png,0.794193685054779,0.065
./Datasets/KADID10K/images/I52_03_01.png,0.10888663679361343,0.925
./Datasets/KADID10K/images/I52_03_02.png,0.3168766498565674,0.8
./Datasets/KADID10K/images/I52_03_03.png,0.3993223011493683,0.4175
./Datasets/KADID10K/images/I52_03_04.png,0.4838811457157135,0.1925
./Datasets/KADID10K/images/I52_03_05.png,0.5321809649467468,0.15000000000000002
./Datasets/KADID10K/images/I52_04_01.png,0.16194412112236023,0.8325
./Datasets/KADID10K/images/I52_04_02.png,0.3478603661060333,0.49250000000000005
./Datasets/KADID10K/images/I52_04_03.png,0.20940208435058594,0.23249999999999998
./Datasets/KADID10K/images/I52_04_04.png,0.15283747017383575,0.125
./Datasets/KADID10K/images/I52_04_05.png,0.1361658126115799,0.09250000000000003
./Datasets/KADID10K/images/I52_05_01.png,0.18723934888839722,0.9075
./Datasets/KADID10K/images/I52_05_02.png,0.3062540590763092,0.4575
./Datasets/KADID10K/images/I52_05_03.png,0.402557909488678,0.3425
./Datasets/KADID10K/images/I52_05_04.png,0.41605255007743835,0.38249999999999995
./Datasets/KADID10K/images/I52_05_05.png,0.39314231276512146,0.5075
./Datasets/KADID10K/images/I52_06_01.png,0.011629979126155376,0.8075000000000001
./Datasets/KADID10K/images/I52_06_02.png,0.01933164708316326,0.8
./Datasets/KADID10K/images/I52_06_03.png,0.005100033711642027,0.725
./Datasets/KADID10K/images/I52_06_04.png,0.003113538259640336,0.48250000000000004
./Datasets/KADID10K/images/I52_06_05.png,0.0001711068907752633,0.38249999999999995
./Datasets/KADID10K/images/I52_07_01.png,0.11875104159116745,0.35750000000000004
./Datasets/KADID10K/images/I52_07_02.png,0.0968916043639183,0.30000000000000004
./Datasets/KADID10K/images/I52_07_03.png,0.09432481229305267,0.23249999999999998
./Datasets/KADID10K/images/I52_07_04.png,0.19314882159233093,0.25
./Datasets/KADID10K/images/I52_07_05.png,0.284572035074234,0.20750000000000002
./Datasets/KADID10K/images/I52_08_01.png,0.10888663679361343,0.925
./Datasets/KADID10K/images/I52_08_02.png,0.3641417324542999,0.7325
./Datasets/KADID10K/images/I52_08_03.png,0.43436986207962036,0.6825
./Datasets/KADID10K/images/I52_08_04.png,0.4830971956253052,0.30000000000000004
./Datasets/KADID10K/images/I52_08_05.png,0.4757901728153229,0.22499999999999998
./Datasets/KADID10K/images/I52_09_01.png,0.22620978951454163,0.8825000000000001
./Datasets/KADID10K/images/I52_09_02.png,0.3520500659942627,0.625
./Datasets/KADID10K/images/I52_09_03.png,0.431583434343338,0.38249999999999995
./Datasets/KADID10K/images/I52_09_04.png,0.6638978123664856,0.125
./Datasets/KADID10K/images/I52_09_05.png,0.8725581169128418,0.057499999999999996
./Datasets/KADID10K/images/I52_10_01.png,0.33334431052207947,0.7325
./Datasets/KADID10K/images/I52_10_02.png,0.35458967089653015,0.675
./Datasets/KADID10K/images/I52_10_03.png,0.4509986937046051,0.5925
./Datasets/KADID10K/images/I52_10_04.png,0.7027806043624878,0.175
./Datasets/KADID10K/images/I52_10_05.png,0.8432108163833618,0.04999999999999999
./Datasets/KADID10K/images/I52_11_01.png,0.17811794579029083,0.6575
./Datasets/KADID10K/images/I52_11_02.png,0.2709979712963104,0.525
./Datasets/KADID10K/images/I52_11_03.png,0.3177001178264618,0.42500000000000004
./Datasets/KADID10K/images/I52_11_04.png,0.36168819665908813,0.35750000000000004
./Datasets/KADID10K/images/I52_11_05.png,0.4199143946170807,0.26749999999999996
./Datasets/KADID10K/images/I52_12_01.png,0.08031535148620605,0.875
./Datasets/KADID10K/images/I52_12_02.png,0.26575419306755066,0.5675
./Datasets/KADID10K/images/I52_12_03.png,0.3144054114818573,0.44999999999999996
./Datasets/KADID10K/images/I52_12_04.png,0.360079824924469,0.36750000000000005
./Datasets/KADID10K/images/I52_12_05.png,0.3994843065738678,0.355
./Datasets/KADID10K/images/I52_13_01.png,0.007121141999959946,0.55
./Datasets/KADID10K/images/I52_13_02.png,0.007551489397883415,0.4425
./Datasets/KADID10K/images/I52_13_03.png,0.015122238546609879,0.4175
./Datasets/KADID10K/images/I52_13_04.png,0.10907267779111862,0.2925
./Datasets/KADID10K/images/I52_13_05.png,0.16919322311878204,0.25
./Datasets/KADID10K/images/I52_14_01.png,0.06392812728881836,0.8325
./Datasets/KADID10K/images/I52_14_02.png,0.1658213585615158,0.6175
./Datasets/KADID10K/images/I52_14_03.png,0.2554665505886078,0.44999999999999996
./Datasets/KADID10K/images/I52_14_04.png,0.3195141851902008,0.32499999999999996
./Datasets/KADID10K/images/I52_14_05.png,0.4015994668006897,0.3175
./Datasets/KADID10K/images/I52_15_01.png,0.3356052041053772,0.7
./Datasets/KADID10K/images/I52_15_02.png,0.5294108986854553,0.4175
./Datasets/KADID10K/images/I52_15_03.png,0.5885952711105347,0.2
./Datasets/KADID10K/images/I52_15_04.png,0.6745274066925049,0.09999999999999998
./Datasets/KADID10K/images/I52_15_05.png,0.7040921449661255,0.08250000000000002
./Datasets/KADID10K/images/I52_16_01.png,0.11955522745847702,0.9175
./Datasets/KADID10K/images/I52_16_02.png,0.12673087418079376,0.8500000000000001
./Datasets/KADID10K/images/I52_16_03.png,0.1461339294910431,0.7175
./Datasets/KADID10K/images/I52_16_04.png,0.20364950597286224,0.525
./Datasets/KADID10K/images/I52_16_05.png,0.31113705039024353,0.175
./Datasets/KADID10K/images/I52_17_01.png,0.10216859728097916,0.9175
./Datasets/KADID10K/images/I52_17_02.png,0.09064632654190063,0.925
./Datasets/KADID10K/images/I52_17_03.png,0.07629562169313431,0.9175
./Datasets/KADID10K/images/I52_17_04.png,0.04767905920743942,0.6425
./Datasets/KADID10K/images/I52_17_05.png,0.025495074689388275,0.375
./Datasets/KADID10K/images/I52_18_01.png,0.08954054862260818,0.9075
./Datasets/KADID10K/images/I52_18_02.png,0.08967269212007523,0.9575
./Datasets/KADID10K/images/I52_18_03.png,0.10888663679361343,0.8999999999999999
./Datasets/KADID10K/images/I52_18_04.png,0.055539872497320175,0.9325000000000001
./Datasets/KADID10K/images/I52_18_05.png,0.03613876551389694,0.8075000000000001
./Datasets/KADID10K/images/I52_19_01.png,0.15482403337955475,0.875
./Datasets/KADID10K/images/I52_19_02.png,0.19184531271457672,0.8325
./Datasets/KADID10K/images/I52_19_03.png,0.37841275334358215,0.42500000000000004
./Datasets/KADID10K/images/I52_19_04.png,0.5335588455200195,0.1325
./Datasets/KADID10K/images/I52_19_05.png,0.5599123239517212,0.03249999999999997
./Datasets/KADID10K/images/I52_20_01.png,0.09898959845304489,0.8825000000000001
./Datasets/KADID10K/images/I52_20_02.png,0.09864010661840439,0.6675
./Datasets/KADID10K/images/I52_20_03.png,0.11650495231151581,0.6075
./Datasets/KADID10K/images/I52_20_04.png,0.11446718871593475,0.575
./Datasets/KADID10K/images/I52_20_05.png,0.10748106241226196,0.475
./Datasets/KADID10K/images/I52_21_01.png,0.11830445379018784,0.7075
./Datasets/KADID10K/images/I52_21_02.png,0.16565459966659546,0.48250000000000004
./Datasets/KADID10K/images/I52_21_03.png,0.2948008179664612,0.4
./Datasets/KADID10K/images/I52_21_04.png,0.3872752785682678,0.32499999999999996
./Datasets/KADID10K/images/I52_21_05.png,0.7001274824142456,0.1325
./Datasets/KADID10K/images/I52_22_01.png,0.18236541748046875,0.8075000000000001
./Datasets/KADID10K/images/I52_22_02.png,0.1853587031364441,0.6075
./Datasets/KADID10K/images/I52_22_03.png,0.185761958360672,0.5575
./Datasets/KADID10K/images/I52_22_04.png,0.2593963146209717,0.5925
./Datasets/KADID10K/images/I52_22_05.png,0.28009071946144104,0.4175
./Datasets/KADID10K/images/I52_23_01.png,0.1322047859430313,0.35750000000000004
./Datasets/KADID10K/images/I52_23_02.png,0.16314691305160522,0.38249999999999995
./Datasets/KADID10K/images/I52_23_03.png,0.14698556065559387,0.3175
./Datasets/KADID10K/images/I52_23_04.png,0.21502560377120972,0.23249999999999998
./Datasets/KADID10K/images/I52_23_05.png,0.24241791665554047,0.30000000000000004
./Datasets/KADID10K/images/I52_24_01.png,0.014555319212377071,0.7075
./Datasets/KADID10K/images/I52_24_02.png,0.0011294058058410883,0.4575
./Datasets/KADID10K/images/I52_24_03.png,0.00020408985437825322,0.275
./Datasets/KADID10K/images/I52_24_04.png,0.00010951620788546279,0.16749999999999998
./Datasets/KADID10K/images/I52_24_05.png,0.0021146053913980722,0.1175
./Datasets/KADID10K/images/I52_25_01.png,0.03394227847456932,0.7575000000000001
./Datasets/KADID10K/images/I52_25_02.png,0.05016133189201355,0.825
./Datasets/KADID10K/images/I52_25_03.png,0.07487499713897705,0.8425
./Datasets/KADID10K/images/I52_25_04.png,0.17235517501831055,0.8500000000000001
./Datasets/KADID10K/images/I52_25_05.png,0.2640968859195709,0.6425
./Datasets/KADID10K/images/I53_01_01.png,0.0316777303814888,0.925
./Datasets/KADID10K/images/I53_01_02.png,0.10650808364152908,0.9075
./Datasets/KADID10K/images/I53_01_03.png,0.49911773204803467,0.575
./Datasets/KADID10K/images/I53_01_04.png,0.6901535391807556,0.25
./Datasets/KADID10K/images/I53_01_05.png,0.8724038600921631,0.0675
./Datasets/KADID10K/images/I53_02_01.png,0.28346192836761475,0.8474999999999999
./Datasets/KADID10K/images/I53_02_02.png,0.5355120897293091,0.4325
./Datasets/KADID10K/images/I53_02_03.png,0.7105749249458313,0.26749999999999996
./Datasets/KADID10K/images/I53_02_04.png,0.8044325113296509,0.1175
./Datasets/KADID10K/images/I53_02_05.png,0.8547126650810242,0.09749999999999998
./Datasets/KADID10K/images/I53_03_01.png,0.0316777303814888,0.9325000000000001
./Datasets/KADID10K/images/I53_03_02.png,0.12326567620038986,0.825
./Datasets/KADID10K/images/I53_03_03.png,0.37336912751197815,0.6
./Datasets/KADID10K/images/I53_03_04.png,0.47655603289604187,0.38249999999999995
./Datasets/KADID10K/images/I53_03_05.png,0.49141526222229004,0.1925
./Datasets/KADID10K/images/I53_04_01.png,0.03163323923945427,0.875
./Datasets/KADID10K/images/I53_04_02.png,0.07719869166612625,0.32499999999999996
./Datasets/KADID10K/images/I53_04_03.png,0.07520206272602081,0.1325
./Datasets/KADID10K/images/I53_04_04.png,0.08891640603542328,0.08000000000000002
./Datasets/KADID10K/images/I53_04_05.png,0.13682663440704346,0.015000000000000013
./Datasets/KADID10K/images/I53_05_01.png,0.09953481703996658,0.7825
./Datasets/KADID10K/images/I53_05_02.png,0.23131299018859863,0.39249999999999996
./Datasets/KADID10K/images/I53_05_03.png,0.2691991925239563,0.14250000000000002
./Datasets/KADID10K/images/I53_05_04.png,0.27034348249435425,0.175
./Datasets/KADID10K/images/I53_05_05.png,0.27931827306747437,0.125
./Datasets/KADID10K/images/I53_06_01.png,0.000237870350247249,0.725
./Datasets/KADID10K/images/I53_06_02.png,0.00010532666783547029,0.6675
./Datasets/KADID10K/images/I53_06_03.png,8.822490053717047e-05,0.63
./Datasets/KADID10K/images/I53_06_04.png,0.00014709139941260219,0.4675
./Datasets/KADID10K/images/I53_06_05.png,0.0005589536158367991,0.25749999999999995
./Datasets/KADID10K/images/I53_07_01.png,0.03668209910392761,0.3325
./Datasets/KADID10K/images/I53_07_02.png,0.07643686234951019,0.4075
./Datasets/KADID10K/images/I53_07_03.png,0.17939968407154083,0.39249999999999996
./Datasets/KADID10K/images/I53_07_04.png,0.1991203874349594,0.36750000000000005
./Datasets/KADID10K/images/I53_07_05.png,0.09185198694467545,0.16749999999999998
./Datasets/KADID10K/images/I53_08_01.png,0.0316777303814888,0.9424999999999999
./Datasets/KADID10K/images/I53_08_02.png,0.042417965829372406,0.6075
./Datasets/KADID10K/images/I53_08_03.png,0.04208198934793472,0.35750000000000004
./Datasets/KADID10K/images/I53_08_04.png,0.0791109949350357,0.08250000000000002
./Datasets/KADID10K/images/I53_08_05.png,0.19842922687530518,0.10749999999999998
./Datasets/KADID10K/images/I53_09_01.png,0.06298360973596573,0.8825000000000001
./Datasets/KADID10K/images/I53_09_02.png,0.10690392553806305,0.9424999999999999
./Datasets/KADID10K/images/I53_09_03.png,0.1031140685081482,0.8999999999999999
./Datasets/KADID10K/images/I53_09_04.png,0.4085097908973694,0.65
./Datasets/KADID10K/images/I53_09_05.png,0.6867720484733582,0.1825
./Datasets/KADID10K/images/I53_10_01.png,0.15019527077674866,0.8925000000000001
./Datasets/KADID10K/images/I53_10_02.png,0.2006436437368393,0.8825000000000001
./Datasets/KADID10K/images/I53_10_03.png,0.25588491559028625,0.6325
./Datasets/KADID10K/images/I53_10_04.png,0.5841963291168213,0.20750000000000002
./Datasets/KADID10K/images/I53_10_05.png,0.8092629909515381,0.0675
./Datasets/KADID10K/images/I53_11_01.png,0.05992039665579796,0.6
./Datasets/KADID10K/images/I53_11_02.png,0.19343575835227966,0.49250000000000005
./Datasets/KADID10K/images/I53_11_03.png,0.25190865993499756,0.475
./Datasets/KADID10K/images/I53_11_04.png,0.29083922505378723,0.39249999999999996
./Datasets/KADID10K/images/I53_11_05.png,0.3923862874507904,0.25749999999999995
./Datasets/KADID10K/images/I53_12_01.png,0.03056516870856285,0.8425
./Datasets/KADID10K/images/I53_12_02.png,0.1402355283498764,0.5675
./Datasets/KADID10K/images/I53_12_03.png,0.20649006962776184,0.4575
./Datasets/KADID10K/images/I53_12_04.png,0.3250744640827179,0.32499999999999996
./Datasets/KADID10K/images/I53_12_05.png,0.34225335717201233,0.30000000000000004
./Datasets/KADID10K/images/I53_13_01.png,6.503095937659964e-05,0.6075
./Datasets/KADID10K/images/I53_13_02.png,2.841415880538989e-05,0.36750000000000005
./Datasets/KADID10K/images/I53_13_03.png,0.00011602549784583971,0.38249999999999995
./Datasets/KADID10K/images/I53_13_04.png,0.000618122867308557,0.32499999999999996
./Datasets/KADID10K/images/I53_13_05.png,0.00993350613862276,0.26749999999999996
./Datasets/KADID10K/images/I53_14_01.png,0.029852405190467834,0.8674999999999999
./Datasets/KADID10K/images/I53_14_02.png,0.06407184898853302,0.5575
./Datasets/KADID10K/images/I53_14_03.png,0.192659392952919,0.5175
./Datasets/KADID10K/images/I53_14_04.png,0.29463598132133484,0.4175
./Datasets/KADID10K/images/I53_14_05.png,0.414004385471344,0.2425
./Datasets/KADID10K/images/I53_15_01.png,0.24039500951766968,0.675
./Datasets/KADID10K/images/I53_15_02.png,0.38199716806411743,0.4075
./Datasets/KADID10K/images/I53_15_03.png,0.4891851842403412,0.23249999999999998
./Datasets/KADID10K/images/I53_15_04.png,0.5920616388320923,0.14250000000000002
./Datasets/KADID10K/images/I53_15_05.png,0.6354206204414368,0.14250000000000002
./Datasets/KADID10K/images/I53_16_01.png,0.02905459702014923,0.8999999999999999
./Datasets/KADID10K/images/I53_16_02.png,0.03001488745212555,0.8425
./Datasets/KADID10K/images/I53_16_03.png,0.032271161675453186,0.65
./Datasets/KADID10K/images/I53_16_04.png,0.030303891748189926,0.4075
./Datasets/KADID10K/images/I53_16_05.png,0.09694916009902954,0.1825
./Datasets/KADID10K/images/I53_17_01.png,0.02832350693643093,0.9575
./Datasets/KADID10K/images/I53_17_02.png,0.027911517769098282,0.8999999999999999
./Datasets/KADID10K/images/I53_17_03.png,0.020165976136922836,0.8825000000000001
./Datasets/KADID10K/images/I53_17_04.png,0.0070394957438111305,0.7325
./Datasets/KADID10K/images/I53_17_05.png,0.000684138445649296,0.35
./Datasets/KADID10K/images/I53_18_01.png,0.01549188420176506,0.8
./Datasets/KADID10K/images/I53_18_02.png,0.018437478691339493,0.9175
./Datasets/KADID10K/images/I53_18_03.png,0.0316777303814888,0.95
./Datasets/KADID10K/images/I53_18_04.png,0.01625283993780613,0.8925000000000001
./Datasets/KADID10K/images/I53_18_05.png,0.005861155688762665,0.7175
./Datasets/KADID10K/images/I53_19_01.png,0.054407887160778046,0.8975
./Datasets/KADID10K/images/I53_19_02.png,0.07552821934223175,0.8174999999999999
./Datasets/KADID10K/images/I53_19_03.png,0.2037452757358551,0.5825
./Datasets/KADID10K/images/I53_19_04.png,0.25995805859565735,0.20750000000000002
./Datasets/KADID10K/images/I53_19_05.png,0.2321949154138565,0.08250000000000002
./Datasets/KADID10K/images/I53_20_01.png,0.03765546903014183,0.6925
./Datasets/KADID10K/images/I53_20_02.png,0.035483427345752716,0.7825
./Datasets/KADID10K/images/I53_20_03.png,0.044038087129592896,0.6175
./Datasets/KADID10K/images/I53_20_04.png,0.07560966163873672,0.44999999999999996
./Datasets/KADID10K/images/I53_20_05.png,0.07225514948368073,0.4425
./Datasets/KADID10K/images/I53_21_01.png,0.042453791946172714,0.5925
./Datasets/KADID10K/images/I53_21_02.png,0.09570875018835068,0.5175
./Datasets/KADID10K/images/I53_21_03.png,0.14487823843955994,0.48250000000000004
./Datasets/KADID10K/images/I53_21_04.png,0.29252707958221436,0.475
./Datasets/KADID10K/images/I53_21_05.png,0.23043356835842133,0.1175
./Datasets/KADID10K/images/I53_22_01.png,0.06701664626598358,0.6175
./Datasets/KADID10K/images/I53_22_02.png,0.09558363258838654,0.5675
./Datasets/KADID10K/images/I53_22_03.png,0.16151635348796844,0.4675
./Datasets/KADID10K/images/I53_22_04.png,0.20871782302856445,0.4575
./Datasets/KADID10K/images/I53_22_05.png,0.37734273076057434,0.36750000000000005
./Datasets/KADID10K/images/I53_23_01.png,0.03647388517856598,0.5825
./Datasets/KADID10K/images/I53_23_02.png,0.04642118513584137,0.26749999999999996
./Datasets/KADID10K/images/I53_23_03.png,0.0635109469294548,0.39249999999999996
./Datasets/KADID10K/images/I53_23_04.png,0.12928469479084015,0.3425
./Datasets/KADID10K/images/I53_23_05.png,0.13646836578845978,0.22499999999999998
./Datasets/KADID10K/images/I53_24_01.png,0.0030591425020247698,0.7325
./Datasets/KADID10K/images/I53_24_02.png,0.002259004395455122,0.4
./Datasets/KADID10K/images/I53_24_03.png,0.0029063618276268244,0.38249999999999995
./Datasets/KADID10K/images/I53_24_04.png,0.012541825883090496,0.10749999999999998
./Datasets/KADID10K/images/I53_24_05.png,0.023228073492646217,0.0675
./Datasets/KADID10K/images/I53_25_01.png,0.0017601419240236282,0.7075
./Datasets/KADID10K/images/I53_25_02.png,0.004083762411028147,0.7425
./Datasets/KADID10K/images/I53_25_03.png,0.0100674694404006,0.8574999999999999
./Datasets/KADID10K/images/I53_25_04.png,0.05795918405056,0.8674999999999999
./Datasets/KADID10K/images/I53_25_05.png,0.11770014464855194,0.6175
./Datasets/KADID10K/images/I54_01_01.png,9.989897080231458e-05,0.96
./Datasets/KADID10K/images/I54_01_02.png,0.00752883730456233,0.8700000000000001
./Datasets/KADID10K/images/I54_01_03.png,0.0927632749080658,0.38249999999999995
./Datasets/KADID10K/images/I54_01_04.png,0.32535579800605774,0.16749999999999998
./Datasets/KADID10K/images/I54_01_05.png,0.6871182918548584,0.025000000000000022
./Datasets/KADID10K/images/I54_02_01.png,0.03195355460047722,0.6525
./Datasets/KADID10K/images/I54_02_02.png,0.1260150820016861,0.3075
./Datasets/KADID10K/images/I54_02_03.png,0.3113669157028198,0.175
./Datasets/KADID10K/images/I54_02_04.png,0.4542349874973297,0.04999999999999999
./Datasets/KADID10K/images/I54_02_05.png,0.5861719250679016,0.04999999999999999
./Datasets/KADID10K/images/I54_03_01.png,9.989897080231458e-05,0.875
./Datasets/KADID10K/images/I54_03_02.png,0.016103221103549004,0.65
./Datasets/KADID10K/images/I54_03_03.png,0.06802144646644592,0.275
./Datasets/KADID10K/images/I54_03_04.png,0.17128422856330872,0.15000000000000002
./Datasets/KADID10K/images/I54_03_05.png,0.19606170058250427,0.10749999999999998
./Datasets/KADID10K/images/I54_04_01.png,0.0004934723256155849,0.9125000000000001
./Datasets/KADID10K/images/I54_04_02.png,0.02124280110001564,0.5575
./Datasets/KADID10K/images/I54_04_03.png,0.16426362097263336,0.1325
./Datasets/KADID10K/images/I54_04_04.png,0.2706013321876526,0.1825
./Datasets/KADID10K/images/I54_04_05.png,0.27180930972099304,0.08250000000000002
./Datasets/KADID10K/images/I54_05_01.png,0.019109658896923065,0.8425
./Datasets/KADID10K/images/I54_05_02.png,0.17755241692066193,0.16749999999999998
./Datasets/KADID10K/images/I54_05_03.png,0.2164539247751236,0.1175
./Datasets/KADID10K/images/I54_05_04.png,0.2030065506696701,0.10499999999999998
./Datasets/KADID10K/images/I54_05_05.png,0.1795734167098999,0.1175
./Datasets/KADID10K/images/I54_06_01.png,1.1375369979305106e-07,0.8174999999999999
./Datasets/KADID10K/images/I54_06_02.png,2.125342035697031e-08,0.7749999999999999
./Datasets/KADID10K/images/I54_06_03.png,6.848894429367647e-08,0.7675000000000001
./Datasets/KADID10K/images/I54_06_04.png,6.220064960871241e-07,0.4575
./Datasets/KADID10K/images/I54_06_05.png,5.580797733273357e-06,0.35
./Datasets/KADID10K/images/I54_07_01.png,0.0010861196788027883,0.4675
./Datasets/KADID10K/images/I54_07_02.png,0.02590169571340084,0.2825
./Datasets/KADID10K/images/I54_07_03.png,0.053415458649396896,0.235
./Datasets/KADID10K/images/I54_07_04.png,0.06144280359148979,0.3075
./Datasets/KADID10K/images/I54_07_05.png,0.021790053695440292,0.1825
./Datasets/KADID10K/images/I54_08_01.png,9.989897080231458e-05,0.9424999999999999
./Datasets/KADID10K/images/I54_08_02.png,0.002303857821971178,0.6325
./Datasets/KADID10K/images/I54_08_03.png,0.03483395278453827,0.4575
./Datasets/KADID10K/images/I54_08_04.png,0.20262713730335236,0.15000000000000002
./Datasets/KADID10K/images/I54_08_05.png,0.2738523781299591,0.07500000000000001
./Datasets/KADID10K/images/I54_09_01.png,0.00215881853364408,0.825
./Datasets/KADID10K/images/I54_09_02.png,0.011301248334348202,0.7575000000000001
./Datasets/KADID10K/images/I54_09_03.png,0.034764163196086884,0.725
./Datasets/KADID10K/images/I54_09_04.png,0.17464415729045868,0.4
./Datasets/KADID10K/images/I54_09_05.png,0.6583158373832703,0.04249999999999998
./Datasets/KADID10K/images/I54_10_01.png,0.011785204522311687,0.8075000000000001
./Datasets/KADID10K/images/I54_10_02.png,0.010898899286985397,0.825
./Datasets/KADID10K/images/I54_10_03.png,0.01669737510383129,0.65
./Datasets/KADID10K/images/I54_10_04.png,0.4846852123737335,0.25
./Datasets/KADID10K/images/I54_10_05.png,0.7280462384223938,0.0675
./Datasets/KADID10K/images/I54_11_01.png,0.0013800569577142596,0.6075
./Datasets/KADID10K/images/I54_11_02.png,0.007734999991953373,0.4325
./Datasets/KADID10K/images/I54_11_03.png,0.013014883734285831,0.4575
./Datasets/KADID10K/images/I54_11_04.png,0.06391393393278122,0.35750000000000004
./Datasets/KADID10K/images/I54_11_05.png,0.12480610609054565,0.3325
./Datasets/KADID10K/images/I54_12_01.png,0.0002360165090067312,0.845
./Datasets/KADID10K/images/I54_12_02.png,0.002848083386197686,0.5925
./Datasets/KADID10K/images/I54_12_03.png,0.012667650356888771,0.44999999999999996
./Datasets/KADID10K/images/I54_12_04.png,0.0572667270898819,0.3175
./Datasets/KADID10K/images/I54_12_05.png,0.11957891285419464,0.275
./Datasets/KADID10K/images/I54_13_01.png,3.861158347717719e-06,0.5925
./Datasets/KADID10K/images/I54_13_02.png,7.638172974111512e-05,0.44999999999999996
./Datasets/KADID10K/images/I54_13_03.png,0.0002459519891999662,0.375
./Datasets/KADID10K/images/I54_13_04.png,0.0003204256063327193,0.35750000000000004
./Datasets/KADID10K/images/I54_13_05.png,0.0007111883605830371,0.22499999999999998
./Datasets/KADID10K/images/I54_14_01.png,0.00021573252161033452,0.9075
./Datasets/KADID10K/images/I54_14_02.png,0.002654978074133396,0.6175
./Datasets/KADID10K/images/I54_14_03.png,0.013361873105168343,0.5425
./Datasets/KADID10K/images/I54_14_04.png,0.048579372465610504,0.4
./Datasets/KADID10K/images/I54_14_05.png,0.19485849142074585,0.2925
./Datasets/KADID10K/images/I54_15_01.png,0.21203593909740448,0.65
./Datasets/KADID10K/images/I54_15_02.png,0.32339534163475037,0.4075
./Datasets/KADID10K/images/I54_15_03.png,0.3879549205303192,0.22499999999999998
./Datasets/KADID10K/images/I54_15_04.png,0.5176197290420532,0.15000000000000002
./Datasets/KADID10K/images/I54_15_05.png,0.5841388702392578,0.0675
./Datasets/KADID10K/images/I54_16_01.png,0.00010038877371698618,0.8674999999999999
./Datasets/KADID10K/images/I54_16_02.png,0.00012653126032091677,0.7925
./Datasets/KADID10K/images/I54_16_03.png,0.0001169582610600628,0.7
./Datasets/KADID10K/images/I54_16_04.png,0.00029124479624442756,0.39249999999999996
./Datasets/KADID10K/images/I54_16_05.png,0.00144292158074677,0.15749999999999997
./Datasets/KADID10K/images/I54_17_01.png,9.8457581771072e-05,0.8999999999999999
./Datasets/KADID10K/images/I54_17_02.png,8.938043902162462e-05,0.8999999999999999
./Datasets/KADID10K/images/I54_17_03.png,7.120792724890634e-05,0.8075000000000001
./Datasets/KADID10K/images/I54_17_04.png,4.4498654460767284e-05,0.5675
./Datasets/KADID10K/images/I54_17_05.png,0.00038422230863943696,0.2425
./Datasets/KADID10K/images/I54_18_01.png,0.0001098481661756523,0.8174999999999999
./Datasets/KADID10K/images/I54_18_02.png,0.00012045433686580509,0.8825000000000001
./Datasets/KADID10K/images/I54_18_03.png,9.989897080231458e-05,0.875
./Datasets/KADID10K/images/I54_18_04.png,2.2300197088043205e-05,0.8625
./Datasets/KADID10K/images/I54_18_05.png,2.490036604285706e-05,0.6325
./Datasets/KADID10K/images/I54_19_01.png,0.001294122077524662,0.875
./Datasets/KADID10K/images/I54_19_02.png,0.012063112109899521,0.7749999999999999
./Datasets/KADID10K/images/I54_19_03.png,0.14213313162326813,0.5825
./Datasets/KADID10K/images/I54_19_04.png,0.10650137066841125,0.1825
./Datasets/KADID10K/images/I54_19_05.png,0.03976106271147728,0.10749999999999998
./Datasets/KADID10K/images/I54_20_01.png,0.00014214665861800313,0.8500000000000001
./Datasets/KADID10K/images/I54_20_02.png,0.00032838821061886847,0.7175
./Datasets/KADID10K/images/I54_20_03.png,0.0006455191178247333,0.7425
./Datasets/KADID10K/images/I54_20_04.png,0.0005701545742340386,0.7675000000000001
./Datasets/KADID10K/images/I54_20_05.png,0.0003769451577682048,0.5925
./Datasets/KADID10K/images/I54_21_01.png,0.00022955289750825614,0.9175
./Datasets/KADID10K/images/I54_21_02.png,0.0007696848479099572,0.725
./Datasets/KADID10K/images/I54_21_03.png,0.0025147830601781607,0.525
./Datasets/KADID10K/images/I54_21_04.png,0.003225992200896144,0.48250000000000004
./Datasets/KADID10K/images/I54_21_05.png,0.13422879576683044,0.15749999999999997
./Datasets/KADID10K/images/I54_22_01.png,0.00027560265152715147,0.5325
./Datasets/KADID10K/images/I54_22_02.png,0.00024487098562531173,0.485
./Datasets/KADID10K/images/I54_22_03.png,0.0005496378871612251,0.5175
./Datasets/KADID10K/images/I54_22_04.png,0.00106083694845438,0.4325
./Datasets/KADID10K/images/I54_22_05.png,0.005241699982434511,0.4
./Datasets/KADID10K/images/I54_23_01.png,0.0001807200605981052,0.42500000000000004
./Datasets/KADID10K/images/I54_23_02.png,0.00048022533883340657,0.25
./Datasets/KADID10K/images/I54_23_03.png,0.0008449856541119516,0.26749999999999996
./Datasets/KADID10K/images/I54_23_04.png,0.0010782598983496428,0.16749999999999998
./Datasets/KADID10K/images/I54_23_05.png,0.006421554833650589,0.22749999999999998
./Datasets/KADID10K/images/I54_24_01.png,2.85186865767173e-06,0.525
./Datasets/KADID10K/images/I54_24_02.png,3.3592791623959783e-06,0.275
./Datasets/KADID10K/images/I54_24_03.png,7.110888873285148e-06,0.22499999999999998
./Datasets/KADID10K/images/I54_24_04.png,1.762177089403849e-05,0.1175
./Datasets/KADID10K/images/I54_24_05.png,5.981298454571515e-05,0.09250000000000003
./Datasets/KADID10K/images/I54_25_01.png,1.7711132386466488e-05,0.7175
./Datasets/KADID10K/images/I54_25_02.png,2.1053370801382698e-05,0.8
./Datasets/KADID10K/images/I54_25_03.png,3.458042556303553e-05,0.8174999999999999
./Datasets/KADID10K/images/I54_25_04.png,0.00040455246926285326,0.75
./Datasets/KADID10K/images/I54_25_05.png,0.0009288706351071596,0.6
./Datasets/KADID10K/images/I55_01_01.png,7.921771612018347e-06,0.8674999999999999
./Datasets/KADID10K/images/I55_01_02.png,0.0010421491460874677,0.875
./Datasets/KADID10K/images/I55_01_03.png,0.23376137018203735,0.4675
./Datasets/KADID10K/images/I55_01_04.png,0.448533296585083,0.2
./Datasets/KADID10K/images/I55_01_05.png,0.739761471748352,0.057499999999999996
./Datasets/KADID10K/images/I55_02_01.png,0.035158559679985046,0.6925
./Datasets/KADID10K/images/I55_02_02.png,0.2891683578491211,0.35750000000000004
./Datasets/KADID10K/images/I55_02_03.png,0.49364998936653137,0.15749999999999997
./Datasets/KADID10K/images/I55_02_04.png,0.5676904320716858,0.10499999999999998
./Datasets/KADID10K/images/I55_02_05.png,0.6428470015525818,0.057499999999999996
./Datasets/KADID10K/images/I55_03_01.png,7.921771612018347e-06,0.9075
./Datasets/KADID10K/images/I55_03_02.png,0.0009983530035242438,0.75
./Datasets/KADID10K/images/I55_03_03.png,0.1279378980398178,0.35
./Datasets/KADID10K/images/I55_03_04.png,0.28333762288093567,0.25
./Datasets/KADID10K/images/I55_03_05.png,0.36834344267845154,0.14250000000000002
./Datasets/KADID10K/images/I55_04_01.png,1.4552330867445562e-05,0.9025000000000001
./Datasets/KADID10K/images/I55_04_02.png,1.1096055459347554e-05,0.38
./Datasets/KADID10K/images/I55_04_03.png,2.219511407020036e-05,0.275
./Datasets/KADID10K/images/I55_04_04.png,4.037875260110013e-05,0.23249999999999998
./Datasets/KADID10K/images/I55_04_05.png,0.00010736656258814037,0.125
./Datasets/KADID10K/images/I55_05_01.png,0.0012830909108743072,0.875
./Datasets/KADID10K/images/I55_05_02.png,0.04905104264616966,0.3325
./Datasets/KADID10K/images/I55_05_03.png,0.1497192680835724,0.15000000000000002
./Datasets/KADID10K/images/I55_05_04.png,0.19618311524391174,0.125
./Datasets/KADID10K/images/I55_05_05.png,0.15991631150245667,0.15000000000000002
./Datasets/KADID10K/images/I55_06_01.png,4.6821228352200706e-06,0.9125000000000001
./Datasets/KADID10K/images/I55_06_02.png,2.053267735391273e-06,0.8075000000000001
./Datasets/KADID10K/images/I55_06_03.png,3.1789738841325743e-06,0.7175
./Datasets/KADID10K/images/I55_06_04.png,7.236513283714885e-06,0.5825
./Datasets/KADID10K/images/I55_06_05.png,0.015111641027033329,0.31499999999999995
./Datasets/KADID10K/images/I55_07_01.png,5.933928332524374e-05,0.5425
./Datasets/KADID10K/images/I55_07_02.png,0.0013945437967777252,0.4175
./Datasets/KADID10K/images/I55_07_03.png,0.006134334951639175,0.3175
./Datasets/KADID10K/images/I55_07_04.png,0.009544557891786098,0.39249999999999996
./Datasets/KADID10K/images/I55_07_05.png,0.004593052435666323,0.26749999999999996
./Datasets/KADID10K/images/I55_08_01.png,7.921771612018347e-06,0.9175
./Datasets/KADID10K/images/I55_08_02.png,7.108824502211064e-05,0.5925
./Datasets/KADID10K/images/I55_08_03.png,0.0006195572204887867,0.3425
./Datasets/KADID10K/images/I55_08_04.png,0.015697745606303215,0.1825
./Datasets/KADID10K/images/I55_08_05.png,0.08440405130386353,0.21750000000000003
./Datasets/KADID10K/images/I55_09_01.png,0.0017629292560741305,0.8574999999999999
./Datasets/KADID10K/images/I55_09_02.png,0.1336245834827423,0.6925
./Datasets/KADID10K/images/I55_09_03.png,0.23915943503379822,0.65
./Datasets/KADID10K/images/I55_09_04.png,0.5106397271156311,0.26749999999999996
./Datasets/KADID10K/images/I55_09_05.png,0.7053503394126892,0.057499999999999996
./Datasets/KADID10K/images/I55_10_01.png,0.01487757172435522,0.8075000000000001
./Datasets/KADID10K/images/I55_10_02.png,0.02956547774374485,0.8425
./Datasets/KADID10K/images/I55_10_03.png,0.08359099924564362,0.8174999999999999
./Datasets/KADID10K/images/I55_10_04.png,0.48301419615745544,0.21750000000000003
./Datasets/KADID10K/images/I55_10_05.png,0.7327655553817749,0.057499999999999996
./Datasets/KADID10K/images/I55_11_01.png,0.003570192027837038,0.8999999999999999
./Datasets/KADID10K/images/I55_11_02.png,0.04029186815023422,0.8
./Datasets/KADID10K/images/I55_11_03.png,0.09957611560821533,0.7175
./Datasets/KADID10K/images/I55_11_04.png,0.15623739361763,0.5
./Datasets/KADID10K/images/I55_11_05.png,0.30463510751724243,0.4575
./Datasets/KADID10K/images/I55_12_01.png,0.00010957082849927247,0.8500000000000001
./Datasets/KADID10K/images/I55_12_02.png,0.012689007446169853,0.8825000000000001
./Datasets/KADID10K/images/I55_12_03.png,0.08511044085025787,0.825
./Datasets/KADID10K/images/I55_12_04.png,0.20185647904872894,0.5425
./Datasets/KADID10K/images/I55_12_05.png,0.2925117611885071,0.475
./Datasets/KADID10K/images/I55_13_01.png,1.2327318472671323e-05,0.65
./Datasets/KADID10K/images/I55_13_02.png,0.00131040730047971,0.4675
./Datasets/KADID10K/images/I55_13_03.png,0.00836623553186655,0.4425
./Datasets/KADID10K/images/I55_13_04.png,0.10195150226354599,0.3425
./Datasets/KADID10K/images/I55_13_05.png,0.22620341181755066,0.2925
./Datasets/KADID10K/images/I55_14_01.png,2.3407743356074207e-05,0.8674999999999999
./Datasets/KADID10K/images/I55_14_02.png,0.0008849414298310876,0.7749999999999999
./Datasets/KADID10K/images/I55_14_03.png,0.0050999680534005165,0.825
./Datasets/KADID10K/images/I55_14_04.png,0.03879183530807495,0.55
./Datasets/KADID10K/images/I55_14_05.png,0.1624576896429062,0.4325
./Datasets/KADID10K/images/I55_15_01.png,0.2971726655960083,0.7075
./Datasets/KADID10K/images/I55_15_02.png,0.4133361577987671,0.4
./Datasets/KADID10K/images/I55_15_03.png,0.48603734374046326,0.3075
./Datasets/KADID10K/images/I55_15_04.png,0.5586994290351868,0.21750000000000003
./Datasets/KADID10K/images/I55_15_05.png,0.6136680841445923,0.16749999999999998
./Datasets/KADID10K/images/I55_16_01.png,7.775726771797054e-06,0.8925000000000001
./Datasets/KADID10K/images/I55_16_02.png,6.395061063813046e-06,0.875
./Datasets/KADID10K/images/I55_16_03.png,3.6869548694085097e-06,0.7
./Datasets/KADID10K/images/I55_16_04.png,2.072268898700713e-06,0.49250000000000005
./Datasets/KADID10K/images/I55_16_05.png,5.892786248296034e-06,0.21750000000000003
./Datasets/KADID10K/images/I55_17_01.png,6.954028322070371e-06,0.8825000000000001
./Datasets/KADID10K/images/I55_17_02.png,5.754123776569031e-06,0.8574999999999999
./Datasets/KADID10K/images/I55_17_03.png,3.2950842978607398e-06,0.7825
./Datasets/KADID10K/images/I55_17_04.png,8.850809649629809e-07,0.625
./Datasets/KADID10K/images/I55_17_05.png,0.00011637942952802405,0.15000000000000002
./Datasets/KADID10K/images/I55_18_01.png,2.000904714805074e-06,0.8574999999999999
./Datasets/KADID10K/images/I55_18_02.png,4.259160959918518e-06,0.875
./Datasets/KADID10K/images/I55_18_03.png,7.921771612018347e-06,0.8825000000000001
./Datasets/KADID10K/images/I55_18_04.png,2.0611053059838014e-06,0.875
./Datasets/KADID10K/images/I55_18_05.png,2.122321802744409e-06,0.605
./Datasets/KADID10K/images/I55_19_01.png,0.0001591545296832919,0.7975000000000001
./Datasets/KADID10K/images/I55_19_02.png,0.0007754597463645041,0.7
./Datasets/KADID10K/images/I55_19_03.png,0.05048491433262825,0.5325
./Datasets/KADID10K/images/I55_19_04.png,0.3007720708847046,0.16999999999999998
./Datasets/KADID10K/images/I55_19_05.png,0.20959840714931488,0.03999999999999998
./Datasets/KADID10K/images/I55_20_01.png,1.450736635888461e-05,0.8574999999999999
./Datasets/KADID10K/images/I55_20_02.png,4.820964386453852e-05,0.8075000000000001
./Datasets/KADID10K/images/I55_20_03.png,1.7259366359212436e-05,0.7925
./Datasets/KADID10K/images/I55_20_04.png,9.977773515856825e-06,0.7825
./Datasets/KADID10K/images/I55_20_05.png,7.68801874073688e-06,0.6075
./Datasets/KADID10K/images/I55_21_01.png,3.111802652711049e-05,0.7075
./Datasets/KADID10K/images/I55_21_02.png,0.0008659215527586639,0.48250000000000004
./Datasets/KADID10K/images/I55_21_03.png,0.007264236453920603,0.3425
./Datasets/KADID10K/images/I55_21_04.png,0.015149172395467758,0.35
./Datasets/KADID10K/images/I55_21_05.png,0.5639272332191467,0.09999999999999998
./Datasets/KADID10K/images/I55_22_01.png,4.28406783612445e-05,0.8999999999999999
./Datasets/KADID10K/images/I55_22_02.png,0.00014874852786306292,0.9424999999999999
./Datasets/KADID10K/images/I55_22_03.png,0.000412069377489388,0.8325
./Datasets/KADID10K/images/I55_22_04.png,0.0010010426631197333,0.7325
./Datasets/KADID10K/images/I55_22_05.png,0.0018620745977386832,0.6175
./Datasets/KADID10K/images/I55_23_01.png,4.384252679301426e-05,0.3175
./Datasets/KADID10K/images/I55_23_02.png,1.8542816178523935e-05,0.35
./Datasets/KADID10K/images/I55_23_03.png,1.3623754966829438e-05,0.3175
./Datasets/KADID10K/images/I55_23_04.png,3.8947040593484417e-05,0.21750000000000003
./Datasets/KADID10K/images/I55_23_05.png,0.0001117874271585606,0.38249999999999995
./Datasets/KADID10K/images/I55_24_01.png,2.1445053732804809e-07,0.5075
./Datasets/KADID10K/images/I55_24_02.png,7.639298615913503e-08,0.275
./Datasets/KADID10K/images/I55_24_03.png,1.6110880096675828e-07,0.1825
./Datasets/KADID10K/images/I55_24_04.png,1.0123693755303975e-05,0.1325
./Datasets/KADID10K/images/I55_24_05.png,0.0002174005057895556,0.025000000000000022
./Datasets/KADID10K/images/I55_25_01.png,1.8604602303184947e-07,0.44999999999999996
./Datasets/KADID10K/images/I55_25_02.png,8.497013936903386e-08,0.6675
./Datasets/KADID10K/images/I55_25_03.png,3.6069363318347314e-07,0.75
./Datasets/KADID10K/images/I55_25_04.png,7.546054985141382e-05,0.825
./Datasets/KADID10K/images/I55_25_05.png,0.0003389097691979259,0.6175
./Datasets/KADID10K/images/I56_01_01.png,0.0323188453912735,0.8999999999999999
./Datasets/KADID10K/images/I56_01_02.png,0.10577144473791122,0.9075
./Datasets/KADID10K/images/I56_01_03.png,0.28542742133140564,0.4675
./Datasets/KADID10K/images/I56_01_04.png,0.4657646715641022,0.21750000000000003
./Datasets/KADID10K/images/I56_01_05.png,0.7594515085220337,0.04999999999999999
./Datasets/KADID10K/images/I56_02_01.png,0.18941862881183624,0.625
./Datasets/KADID10K/images/I56_02_02.png,0.31266313791275024,0.375
./Datasets/KADID10K/images/I56_02_03.png,0.5047210454940796,0.22499999999999998
./Datasets/KADID10K/images/I56_02_04.png,0.6500359773635864,0.1325
./Datasets/KADID10K/images/I56_02_05.png,0.7268548607826233,0.057499999999999996
./Datasets/KADID10K/images/I56_03_01.png,0.0323188453912735,0.9075
./Datasets/KADID10K/images/I56_03_02.png,0.17210665345191956,0.8174999999999999
./Datasets/KADID10K/images/I56_03_03.png,0.3087388575077057,0.35750000000000004
./Datasets/KADID10K/images/I56_03_04.png,0.35079458355903625,0.2425
./Datasets/KADID10K/images/I56_03_05.png,0.4032883048057556,0.15000000000000002
./Datasets/KADID10K/images/I56_04_01.png,0.05769207701086998,0.9075
./Datasets/KADID10K/images/I56_04_02.png,0.09577301144599915,0.35
./Datasets/KADID10K/images/I56_04_03.png,0.14630550146102905,0.20750000000000002
./Datasets/KADID10K/images/I56_04_04.png,0.16816473007202148,0.20750000000000002
./Datasets/KADID10K/images/I56_04_05.png,0.2043331116437912,0.10749999999999998
./Datasets/KADID10K/images/I56_05_01.png,0.06433509290218353,0.8425
./Datasets/KADID10K/images/I56_05_02.png,0.12877708673477173,0.4675
./Datasets/KADID10K/images/I56_05_03.png,0.16009052097797394,0.26749999999999996
./Datasets/KADID10K/images/I56_05_04.png,0.16917690634727478,0.21750000000000003
./Datasets/KADID10K/images/I56_05_05.png,0.18814043700695038,0.2825
./Datasets/KADID10K/images/I56_06_01.png,0.03738166391849518,0.75
./Datasets/KADID10K/images/I56_06_02.png,0.01643739454448223,0.65
./Datasets/KADID10K/images/I56_06_03.png,0.016422446817159653,0.5425
./Datasets/KADID10K/images/I56_06_04.png,0.005741393193602562,0.39249999999999996
./Datasets/KADID10K/images/I56_06_05.png,0.010527287609875202,0.25
./Datasets/KADID10K/images/I56_07_01.png,0.0639117956161499,0.30000000000000004
./Datasets/KADID10K/images/I56_07_02.png,0.07248693704605103,0.2
./Datasets/KADID10K/images/I56_07_03.png,0.07445218414068222,0.35750000000000004
./Datasets/KADID10K/images/I56_07_04.png,0.09559645503759384,0.375
./Datasets/KADID10K/images/I56_07_05.png,0.062378983944654465,0.3425
./Datasets/KADID10K/images/I56_08_01.png,0.0323188453912735,0.9325000000000001
./Datasets/KADID10K/images/I56_08_02.png,0.08571596443653107,0.44999999999999996
./Datasets/KADID10K/images/I56_08_03.png,0.04912073537707329,0.3325
./Datasets/KADID10K/images/I56_08_04.png,0.10535487532615662,0.15000000000000002
./Datasets/KADID10K/images/I56_08_05.png,0.15820398926734924,0.21750000000000003
./Datasets/KADID10K/images/I56_09_01.png,0.06164095550775528,0.8500000000000001
./Datasets/KADID10K/images/I56_09_02.png,0.11463197320699692,0.9175
./Datasets/KADID10K/images/I56_09_03.png,0.18998689949512482,0.9175
./Datasets/KADID10K/images/I56_09_04.png,0.39868953824043274,0.5175
./Datasets/KADID10K/images/I56_09_05.png,0.6600874662399292,0.14250000000000002
./Datasets/KADID10K/images/I56_10_01.png,0.17174334824085236,0.8875
./Datasets/KADID10K/images/I56_10_02.png,0.21863342821598053,0.7825
./Datasets/KADID10K/images/I56_10_03.png,0.26501691341400146,0.7075
./Datasets/KADID10K/images/I56_10_04.png,0.5780456066131592,0.16749999999999998
./Datasets/KADID10K/images/I56_10_05.png,0.854730486869812,0.04999999999999999
./Datasets/KADID10K/images/I56_11_01.png,0.07586362957954407,0.6675
./Datasets/KADID10K/images/I56_11_02.png,0.10117796063423157,0.6
./Datasets/KADID10K/images/I56_11_03.png,0.12322350591421127,0.44999999999999996
./Datasets/KADID10K/images/I56_11_04.png,0.1882885992527008,0.35750000000000004
./Datasets/KADID10K/images/I56_11_05.png,0.31950271129608154,0.25749999999999995
./Datasets/KADID10K/images/I56_12_01.png,0.05388622358441353,0.9075
./Datasets/KADID10K/images/I56_12_02.png,0.08245248347520828,0.7
./Datasets/KADID10K/images/I56_12_03.png,0.11885474622249603,0.475
./Datasets/KADID10K/images/I56_12_04.png,0.2489698827266693,0.4175
./Datasets/KADID10K/images/I56_12_05.png,0.2942175567150116,0.2825
./Datasets/KADID10K/images/I56_13_01.png,0.012611736543476582,0.5425
./Datasets/KADID10K/images/I56_13_02.png,0.003345872974023223,0.3325
./Datasets/KADID10K/images/I56_13_03.png,0.0006934160483069718,0.38249999999999995
./Datasets/KADID10K/images/I56_13_04.png,0.012994582764804363,0.25749999999999995
./Datasets/KADID10K/images/I56_13_05.png,0.08089498430490494,0.3175
./Datasets/KADID10K/images/I56_14_01.png,0.04388899356126785,0.8674999999999999
./Datasets/KADID10K/images/I56_14_02.png,0.05433597043156624,0.625
./Datasets/KADID10K/images/I56_14_03.png,0.06179991737008095,0.475
./Datasets/KADID10K/images/I56_14_04.png,0.0779629796743393,0.36750000000000005
./Datasets/KADID10K/images/I56_14_05.png,0.21911194920539856,0.25
./Datasets/KADID10K/images/I56_15_01.png,0.2509396970272064,0.6925
./Datasets/KADID10K/images/I56_15_02.png,0.3496103882789612,0.4075
./Datasets/KADID10K/images/I56_15_03.png,0.43055883049964905,0.2425
./Datasets/KADID10K/images/I56_15_04.png,0.60777348279953,0.125
./Datasets/KADID10K/images/I56_15_05.png,0.6798422336578369,0.10749999999999998
./Datasets/KADID10K/images/I56_16_01.png,0.033766116946935654,0.8825000000000001
./Datasets/KADID10K/images/I56_16_02.png,0.03434167057275772,0.8374999999999999
./Datasets/KADID10K/images/I56_16_03.png,0.03302249312400818,0.625
./Datasets/KADID10K/images/I56_16_04.png,0.02517213486135006,0.5575
./Datasets/KADID10K/images/I56_16_05.png,0.02784242108464241,0.2425
./Datasets/KADID10K/images/I56_17_01.png,0.029482034966349602,0.895
./Datasets/KADID10K/images/I56_17_02.png,0.02547992765903473,0.825
./Datasets/KADID10K/images/I56_17_03.png,0.01862388476729393,0.7675000000000001
./Datasets/KADID10K/images/I56_17_04.png,0.006366188172250986,0.5325
./Datasets/KADID10K/images/I56_17_05.png,0.004390062298625708,0.235
./Datasets/KADID10K/images/I56_18_01.png,0.018089519813656807,0.8425
./Datasets/KADID10K/images/I56_18_02.png,0.023863086476922035,0.8674999999999999
./Datasets/KADID10K/images/I56_18_03.png,0.0323188453912735,0.8
./Datasets/KADID10K/images/I56_18_04.png,0.011621070094406605,0.825
./Datasets/KADID10K/images/I56_18_05.png,0.007733444217592478,0.6425
./Datasets/KADID10K/images/I56_19_01.png,0.0601576492190361,0.8825000000000001
./Datasets/KADID10K/images/I56_19_02.png,0.13107892870903015,0.7675000000000001
./Datasets/KADID10K/images/I56_19_03.png,0.26925861835479736,0.6675
./Datasets/KADID10K/images/I56_19_04.png,0.37098973989486694,0.1925
./Datasets/KADID10K/images/I56_19_05.png,0.4367861747741699,0.1325
./Datasets/KADID10K/images/I56_20_01.png,0.042544953525066376,0.8425
./Datasets/KADID10K/images/I56_20_02.png,0.04498399421572685,0.6075
./Datasets/KADID10K/images/I56_20_03.png,0.0738128051161766,0.7325
./Datasets/KADID10K/images/I56_20_04.png,0.05679190531373024,0.4325
./Datasets/KADID10K/images/I56_20_05.png,0.05130091682076454,0.4
./Datasets/KADID10K/images/I56_21_01.png,0.05989260599017143,0.7575000000000001
./Datasets/KADID10K/images/I56_21_02.png,0.11531853675842285,0.6075
./Datasets/KADID10K/images/I56_21_03.png,0.1925482153892517,0.375
./Datasets/KADID10K/images/I56_21_04.png,0.2510853409767151,0.5175
./Datasets/KADID10K/images/I56_21_05.png,0.423269122838974,0.1325
./Datasets/KADID10K/images/I56_22_01.png,0.03933217003941536,0.8
./Datasets/KADID10K/images/I56_22_02.png,0.038337405771017075,0.7425
./Datasets/KADID10K/images/I56_22_03.png,0.04998135194182396,0.44999999999999996
./Datasets/KADID10K/images/I56_22_04.png,0.03144621104001999,0.4075
./Datasets/KADID10K/images/I56_22_05.png,0.06745970994234085,0.22499999999999998
./Datasets/KADID10K/images/I56_23_01.png,0.033556368201971054,0.4175
./Datasets/KADID10K/images/I56_23_02.png,0.05046772211790085,0.26749999999999996
./Datasets/KADID10K/images/I56_23_03.png,0.043052949011325836,0.275
./Datasets/KADID10K/images/I56_23_04.png,0.04976185783743858,0.3325
./Datasets/KADID10K/images/I56_23_05.png,0.07006503641605377,0.25749999999999995
./Datasets/KADID10K/images/I56_24_01.png,0.0039258357137441635,0.5575
./Datasets/KADID10K/images/I56_24_02.png,0.00438035000115633,0.3175
./Datasets/KADID10K/images/I56_24_03.png,0.006797625217586756,0.21750000000000003
./Datasets/KADID10K/images/I56_24_04.png,0.029682675376534462,0.10749999999999998
./Datasets/KADID10K/images/I56_24_05.png,0.08957208693027496,0.0675
./Datasets/KADID10K/images/I56_25_01.png,0.0030458522960543633,0.5325
./Datasets/KADID10K/images/I56_25_02.png,0.004973842762410641,0.6175
./Datasets/KADID10K/images/I56_25_03.png,0.010297015309333801,0.7749999999999999
./Datasets/KADID10K/images/I56_25_04.png,0.08970469236373901,0.675
./Datasets/KADID10K/images/I56_25_05.png,0.17882879078388214,0.42500000000000004
./Datasets/KADID10K/images/I57_01_01.png,0.1449073702096939,0.8574999999999999
./Datasets/KADID10K/images/I57_01_02.png,0.2794092297554016,0.7325
./Datasets/KADID10K/images/I57_01_03.png,0.46976253390312195,0.3075
./Datasets/KADID10K/images/I57_01_04.png,0.5542327165603638,0.175
./Datasets/KADID10K/images/I57_01_05.png,0.7424754500389099,0.017500000000000016
./Datasets/KADID10K/images/I57_02_01.png,0.34216538071632385,0.525
./Datasets/KADID10K/images/I57_02_02.png,0.485714316368103,0.2825
./Datasets/KADID10K/images/I57_02_03.png,0.5647943615913391,0.0675
./Datasets/KADID10K/images/I57_02_04.png,0.6240878105163574,0.04999999999999999
./Datasets/KADID10K/images/I57_02_05.png,0.6589425802230835,0.065
./Datasets/KADID10K/images/I57_03_01.png,0.1449073702096939,0.8999999999999999
./Datasets/KADID10K/images/I57_03_02.png,0.3283218741416931,0.7
./Datasets/KADID10K/images/I57_03_03.png,0.5400509834289551,0.3425
./Datasets/KADID10K/images/I57_03_04.png,0.5072166323661804,0.21750000000000003
./Datasets/KADID10K/images/I57_03_05.png,0.5716842412948608,0.09999999999999998
./Datasets/KADID10K/images/I57_04_01.png,0.18440835177898407,0.725
./Datasets/KADID10K/images/I57_04_02.png,0.23823527991771698,0.39249999999999996
./Datasets/KADID10K/images/I57_04_03.png,0.30650418996810913,0.21750000000000003
./Datasets/KADID10K/images/I57_04_04.png,0.26541852951049805,0.175
./Datasets/KADID10K/images/I57_04_05.png,0.21719962358474731,0.09250000000000003
./Datasets/KADID10K/images/I57_05_01.png,0.30987510085105896,0.525
./Datasets/KADID10K/images/I57_05_02.png,0.4167584776878357,0.1925
./Datasets/KADID10K/images/I57_05_03.png,0.475422203540802,0.15749999999999997
./Datasets/KADID10K/images/I57_05_04.png,0.4732706546783447,0.10749999999999998
./Datasets/KADID10K/images/I57_05_05.png,0.5096769332885742,0.057499999999999996
./Datasets/KADID10K/images/I57_06_01.png,0.1254662275314331,0.6825
./Datasets/KADID10K/images/I57_06_02.png,0.0947701632976532,0.6825
./Datasets/KADID10K/images/I57_06_03.png,0.10255507379770279,0.6675
./Datasets/KADID10K/images/I57_06_04.png,0.05239564925432205,0.36750000000000005
./Datasets/KADID10K/images/I57_06_05.png,0.020231973379850388,0.1175
./Datasets/KADID10K/images/I57_07_01.png,0.15182727575302124,0.375
./Datasets/KADID10K/images/I57_07_02.png,0.1525479406118393,0.275
./Datasets/KADID10K/images/I57_07_03.png,0.1486445516347885,0.30000000000000004
./Datasets/KADID10K/images/I57_07_04.png,0.08391358703374863,0.36750000000000005
./Datasets/KADID10K/images/I57_07_05.png,0.31147611141204834,0.25749999999999995
./Datasets/KADID10K/images/I57_08_01.png,0.1449073702096939,0.8574999999999999
./Datasets/KADID10K/images/I57_08_02.png,0.23805540800094604,0.5425
./Datasets/KADID10K/images/I57_08_03.png,0.31610533595085144,0.25
./Datasets/KADID10K/images/I57_08_04.png,0.3804106116294861,0.09999999999999998
./Datasets/KADID10K/images/I57_08_05.png,0.41284242272377014,0.04249999999999998
./Datasets/KADID10K/images/I57_09_01.png,0.26967522501945496,0.895
./Datasets/KADID10K/images/I57_09_02.png,0.4111725687980652,0.65
./Datasets/KADID10K/images/I57_09_03.png,0.4646506607532501,0.575
./Datasets/KADID10K/images/I57_09_04.png,0.5672709941864014,0.3075
./Datasets/KADID10K/images/I57_09_05.png,0.7353967428207397,0.057499999999999996
./Datasets/KADID10K/images/I57_10_01.png,0.24442188441753387,0.8075000000000001
./Datasets/KADID10K/images/I57_10_02.png,0.24613983929157257,0.8075000000000001
./Datasets/KADID10K/images/I57_10_03.png,0.33079057931900024,0.7075
./Datasets/KADID10K/images/I57_10_04.png,0.5573261380195618,0.3075
./Datasets/KADID10K/images/I57_10_05.png,0.8058483600616455,0.09250000000000003
./Datasets/KADID10K/images/I57_11_01.png,0.20524637401103973,0.7749999999999999
./Datasets/KADID10K/images/I57_11_02.png,0.2608777582645416,0.7925
./Datasets/KADID10K/images/I57_11_03.png,0.30697864294052124,0.6075
./Datasets/KADID10K/images/I57_11_04.png,0.37147417664527893,0.48250000000000004
./Datasets/KADID10K/images/I57_11_05.png,0.4656255841255188,0.3075
./Datasets/KADID10K/images/I57_12_01.png,0.15639947354793549,0.875
./Datasets/KADID10K/images/I57_12_02.png,0.25224176049232483,0.8174999999999999
./Datasets/KADID10K/images/I57_12_03.png,0.299884557723999,0.6825
./Datasets/KADID10K/images/I57_12_04.png,0.362371027469635,0.44999999999999996
./Datasets/KADID10K/images/I57_12_05.png,0.4404430687427521,0.36750000000000005
./Datasets/KADID10K/images/I57_13_01.png,0.1485988050699234,0.75
./Datasets/KADID10K/images/I57_13_02.png,0.20652325451374054,0.6325
./Datasets/KADID10K/images/I57_13_03.png,0.23521262407302856,0.525
./Datasets/KADID10K/images/I57_13_04.png,0.39544999599456787,0.3425
./Datasets/KADID10K/images/I57_13_05.png,0.4312779903411865,0.32499999999999996
./Datasets/KADID10K/images/I57_14_01.png,0.15397155284881592,0.8574999999999999
./Datasets/KADID10K/images/I57_14_02.png,0.23932184278964996,0.7825
./Datasets/KADID10K/images/I57_14_03.png,0.30060282349586487,0.5575
./Datasets/KADID10K/images/I57_14_04.png,0.3743346631526947,0.4325
./Datasets/KADID10K/images/I57_14_05.png,0.48788750171661377,0.22499999999999998
./Datasets/KADID10K/images/I57_15_01.png,0.4590115547180176,0.7
./Datasets/KADID10K/images/I57_15_02.png,0.528268039226532,0.5575
./Datasets/KADID10K/images/I57_15_03.png,0.5884152054786682,0.32499999999999996
./Datasets/KADID10K/images/I57_15_04.png,0.6538415551185608,0.16749999999999998
./Datasets/KADID10K/images/I57_15_05.png,0.7016514539718628,0.09999999999999998
./Datasets/KADID10K/images/I57_16_01.png,0.15141235291957855,0.8300000000000001
./Datasets/KADID10K/images/I57_16_02.png,0.1607200652360916,0.8500000000000001
./Datasets/KADID10K/images/I57_16_03.png,0.17754775285720825,0.5
./Datasets/KADID10K/images/I57_16_04.png,0.12031806260347366,0.2
./Datasets/KADID10K/images/I57_16_05.png,0.09332616627216339,0.08250000000000002
./Datasets/KADID10K/images/I57_17_01.png,0.139604851603508,0.8174999999999999
./Datasets/KADID10K/images/I57_17_02.png,0.13127721846103668,0.8674999999999999
./Datasets/KADID10K/images/I57_17_03.png,0.10845576226711273,0.75
./Datasets/KADID10K/images/I57_17_04.png,0.04346548765897751,0.6175
./Datasets/KADID10K/images/I57_17_05.png,0.005449018906801939,0.30000000000000004
./Datasets/KADID10K/images/I57_18_01.png,0.11647500097751617,0.6925
./Datasets/KADID10K/images/I57_18_02.png,0.12049508839845657,0.825
./Datasets/KADID10K/images/I57_18_03.png,0.1449073702096939,0.8574999999999999
./Datasets/KADID10K/images/I57_18_04.png,0.07860063761472702,0.825
./Datasets/KADID10K/images/I57_18_05.png,0.047812532633543015,0.725
./Datasets/KADID10K/images/I57_19_01.png,0.2104189395904541,0.8075000000000001
./Datasets/KADID10K/images/I57_19_02.png,0.2765914797782898,0.7
./Datasets/KADID10K/images/I57_19_03.png,0.39460498094558716,0.36750000000000005
./Datasets/KADID10K/images/I57_19_04.png,0.5202652215957642,0.15749999999999997
./Datasets/KADID10K/images/I57_19_05.png,0.46911540627479553,0.09250000000000003
./Datasets/KADID10K/images/I57_20_01.png,0.14659415185451508,0.8325
./Datasets/KADID10K/images/I57_20_02.png,0.14963728189468384,0.7825
./Datasets/KADID10K/images/I57_20_03.png,0.1620972454547882,0.725
./Datasets/KADID10K/images/I57_20_04.png,0.19174949824810028,0.7425
./Datasets/KADID10K/images/I57_20_05.png,0.1675046980381012,0.75
./Datasets/KADID10K/images/I57_21_01.png,0.20741747319698334,0.625
./Datasets/KADID10K/images/I57_21_02.png,0.2850237488746643,0.4175
./Datasets/KADID10K/images/I57_21_03.png,0.3039252758026123,0.375
./Datasets/KADID10K/images/I57_21_04.png,0.3499223589897156,0.39249999999999996
./Datasets/KADID10K/images/I57_21_05.png,0.6047670245170593,0.09999999999999998
./Datasets/KADID10K/images/I57_22_01.png,0.1455734521150589,0.8674999999999999
./Datasets/KADID10K/images/I57_22_02.png,0.13984866440296173,0.8574999999999999
./Datasets/KADID10K/images/I57_22_03.png,0.13924214243888855,0.7925
./Datasets/KADID10K/images/I57_22_04.png,0.1416289359331131,0.7825
./Datasets/KADID10K/images/I57_22_05.png,0.1656845211982727,0.7425
./Datasets/KADID10K/images/I57_23_01.png,0.14280354976654053,0.375
./Datasets/KADID10K/images/I57_23_02.png,0.2270897477865219,0.3425
./Datasets/KADID10K/images/I57_23_03.png,0.17598804831504822,0.25749999999999995
./Datasets/KADID10K/images/I57_23_04.png,0.24255619943141937,0.25
./Datasets/KADID10K/images/I57_23_05.png,0.2582484483718872,0.2
./Datasets/KADID10K/images/I57_24_01.png,0.019306564703583717,0.4175
./Datasets/KADID10K/images/I57_24_02.png,0.016977915540337563,0.175
./Datasets/KADID10K/images/I57_24_03.png,0.02819889411330223,0.10749999999999998
./Datasets/KADID10K/images/I57_24_04.png,0.07234638929367065,0.0675
./Datasets/KADID10K/images/I57_24_05.png,0.11802510917186737,0.025000000000000022
./Datasets/KADID10K/images/I57_25_01.png,0.037208255380392075,0.49250000000000005
./Datasets/KADID10K/images/I57_25_02.png,0.048888515681028366,0.6425
./Datasets/KADID10K/images/I57_25_03.png,0.08024439215660095,0.6425
./Datasets/KADID10K/images/I57_25_04.png,0.23494811356067657,0.7075
./Datasets/KADID10K/images/I57_25_05.png,0.3129236102104187,0.5175
./Datasets/KADID10K/images/I58_01_01.png,0.0008756503812037408,0.9325000000000001
./Datasets/KADID10K/images/I58_01_02.png,0.003203555243089795,0.8574999999999999
./Datasets/KADID10K/images/I58_01_03.png,0.02649524435400963,0.725
./Datasets/KADID10K/images/I58_01_04.png,0.17181189358234406,0.4
./Datasets/KADID10K/images/I58_01_05.png,0.7000839710235596,0.1325
./Datasets/KADID10K/images/I58_02_01.png,0.008708185516297817,0.8174999999999999
./Datasets/KADID10K/images/I58_02_02.png,0.03911091014742851,0.65
./Datasets/KADID10K/images/I58_02_03.png,0.21597230434417725,0.36750000000000005
./Datasets/KADID10K/images/I58_02_04.png,0.5011512041091919,0.2425
./Datasets/KADID10K/images/I58_02_05.png,0.6250833868980408,0.15000000000000002
./Datasets/KADID10K/images/I58_03_01.png,0.0008756503812037408,0.8925000000000001
./Datasets/KADID10K/images/I58_03_02.png,0.0031373819801956415,0.8674999999999999
./Datasets/KADID10K/images/I58_03_03.png,0.014746429398655891,0.6
./Datasets/KADID10K/images/I58_03_04.png,0.030257316306233406,0.48250000000000004
./Datasets/KADID10K/images/I58_03_05.png,0.10948516428470612,0.3175
./Datasets/KADID10K/images/I58_04_01.png,0.004726832266896963,0.7925
./Datasets/KADID10K/images/I58_04_02.png,0.11091325432062149,0.375
./Datasets/KADID10K/images/I58_04_03.png,0.48412632942199707,0.10749999999999998
./Datasets/KADID10K/images/I58_04_04.png,0.5338472723960876,0.017500000000000016
./Datasets/KADID10K/images/I58_04_05.png,0.5685252547264099,0.0
./Datasets/KADID10K/images/I58_05_01.png,0.0019815971609205008,0.9075
./Datasets/KADID10K/images/I58_05_02.png,0.008196556940674782,0.7425
./Datasets/KADID10K/images/I58_05_03.png,0.014108683913946152,0.35750000000000004
./Datasets/KADID10K/images/I58_05_04.png,0.016359707340598106,0.36750000000000005
./Datasets/KADID10K/images/I58_05_05.png,0.020360317081212997,0.6
./Datasets/KADID10K/images/I58_06_01.png,0.00015949482622090727,0.8374999999999999
./Datasets/KADID10K/images/I58_06_02.png,0.00016675196820870042,0.8
./Datasets/KADID10K/images/I58_06_03.png,1.5445499229826964e-05,0.575
./Datasets/KADID10K/images/I58_06_04.png,3.184765228070319e-05,0.4
./Datasets/KADID10K/images/I58_06_05.png,0.000382359343348071,0.32499999999999996
./Datasets/KADID10K/images/I58_07_01.png,0.005174865014851093,0.35
./Datasets/KADID10K/images/I58_07_02.png,0.019354291260242462,0.2825
./Datasets/KADID10K/images/I58_07_03.png,0.030825870111584663,0.30000000000000004
./Datasets/KADID10K/images/I58_07_04.png,0.031118229031562805,0.30000000000000004
./Datasets/KADID10K/images/I58_07_05.png,0.04455651342868805,0.3175
./Datasets/KADID10K/images/I58_08_01.png,0.0008756503812037408,0.9325000000000001
./Datasets/KADID10K/images/I58_08_02.png,0.008783595636487007,0.7575000000000001
./Datasets/KADID10K/images/I58_08_03.png,0.01709040440618992,0.5875
./Datasets/KADID10K/images/I58_08_04.png,0.045224856585264206,0.16749999999999998
./Datasets/KADID10K/images/I58_08_05.png,0.16430813074111938,0.07500000000000001
./Datasets/KADID10K/images/I58_09_01.png,0.0019254395738244057,0.9075
./Datasets/KADID10K/images/I58_09_02.png,0.013884857296943665,0.875
./Datasets/KADID10K/images/I58_09_03.png,0.012689581140875816,0.9075
./Datasets/KADID10K/images/I58_09_04.png,0.1346365064382553,0.63
./Datasets/KADID10K/images/I58_09_05.png,0.6702700257301331,0.2
./Datasets/KADID10K/images/I58_10_01.png,0.008740516379475594,0.7575000000000001
./Datasets/KADID10K/images/I58_10_02.png,0.01628606766462326,0.7925
./Datasets/KADID10K/images/I58_10_03.png,0.08227881789207458,0.575
./Datasets/KADID10K/images/I58_10_04.png,0.6492589712142944,0.2
./Datasets/KADID10K/images/I58_10_05.png,0.8090312480926514,0.1325
./Datasets/KADID10K/images/I58_11_01.png,0.06691410392522812,0.6925
./Datasets/KADID10K/images/I58_11_02.png,0.10769098997116089,0.55
./Datasets/KADID10K/images/I58_11_03.png,0.23659344017505646,0.475
./Datasets/KADID10K/images/I58_11_04.png,0.2900840938091278,0.475
./Datasets/KADID10K/images/I58_11_05.png,0.3437027931213379,0.32499999999999996
./Datasets/KADID10K/images/I58_12_01.png,0.006874812766909599,0.8425
./Datasets/KADID10K/images/I58_12_02.png,0.09034506231546402,0.6075
./Datasets/KADID10K/images/I58_12_03.png,0.20506660640239716,0.48250000000000004
./Datasets/KADID10K/images/I58_12_04.png,0.33290958404541016,0.375
./Datasets/KADID10K/images/I58_12_05.png,0.33241167664527893,0.2925
./Datasets/KADID10K/images/I58_13_01.png,5.762132548881027e-09,0.525
./Datasets/KADID10K/images/I58_13_02.png,1.6348733348006683e-12,0.3325
./Datasets/KADID10K/images/I58_13_03.png,2.5350083143749202e-11,0.4
./Datasets/KADID10K/images/I58_13_04.png,2.3659762860006595e-07,0.2825
./Datasets/KADID10K/images/I58_13_05.png,0.00019532574515324086,0.20750000000000002
./Datasets/KADID10K/images/I58_14_01.png,0.001821643440052867,0.8425
./Datasets/KADID10K/images/I58_14_02.png,0.013133836910128593,0.6325
./Datasets/KADID10K/images/I58_14_03.png,0.03360995277762413,0.5925
./Datasets/KADID10K/images/I58_14_04.png,0.07828151434659958,0.44999999999999996
./Datasets/KADID10K/images/I58_14_05.png,0.14375697076320648,0.3175
./Datasets/KADID10K/images/I58_15_01.png,0.09570226818323135,0.6925
./Datasets/KADID10K/images/I58_15_02.png,0.3557729125022888,0.4425
./Datasets/KADID10K/images/I58_15_03.png,0.4976503849029541,0.35
./Datasets/KADID10K/images/I58_15_04.png,0.5773458480834961,0.1925
./Datasets/KADID10K/images/I58_15_05.png,0.6518388390541077,0.1175
./Datasets/KADID10K/images/I58_16_01.png,0.0009016043040901423,0.9575
./Datasets/KADID10K/images/I58_16_02.png,0.0011614564573392272,0.8925000000000001
./Datasets/KADID10K/images/I58_16_03.png,0.0016119582578539848,0.7925
./Datasets/KADID10K/images/I58_16_04.png,0.0072456118650734425,0.625
./Datasets/KADID10K/images/I58_16_05.png,0.03464074805378914,0.3325
./Datasets/KADID10K/images/I58_17_01.png,0.0009900182485580444,0.9424999999999999
./Datasets/KADID10K/images/I58_17_02.png,0.0009538698359392583,0.8925000000000001
./Datasets/KADID10K/images/I58_17_03.png,0.0011738479370251298,0.7575000000000001
./Datasets/KADID10K/images/I58_17_04.png,0.0054815406911075115,0.625
./Datasets/KADID10K/images/I58_17_05.png,0.013085666112601757,0.2925
./Datasets/KADID10K/images/I58_18_01.png,0.000713553570676595,0.8425
./Datasets/KADID10K/images/I58_18_02.png,0.0008512366330251098,0.9424999999999999
./Datasets/KADID10K/images/I58_18_03.png,0.0008756503812037408,0.9575
./Datasets/KADID10K/images/I58_18_04.png,0.0005529237678274512,0.8174999999999999
./Datasets/KADID10K/images/I58_18_05.png,0.0029177688993513584,0.6825
./Datasets/KADID10K/images/I58_19_01.png,0.0012919417349621654,0.8574999999999999
./Datasets/KADID10K/images/I58_19_02.png,0.002038381528109312,0.825
./Datasets/KADID10K/images/I58_19_03.png,0.021120034158229828,0.6
./Datasets/KADID10K/images/I58_19_04.png,0.04321383312344551,0.2425
./Datasets/KADID10K/images/I58_19_05.png,0.05108107998967171,0.16749999999999998
./Datasets/KADID10K/images/I58_20_01.png,0.0017944101709872484,0.7675000000000001
./Datasets/KADID10K/images/I58_20_02.png,0.001331696636043489,0.875
./Datasets/KADID10K/images/I58_20_03.png,0.0014821401564404368,0.5175
./Datasets/KADID10K/images/I58_20_04.png,0.0010284484596922994,0.5575
./Datasets/KADID10K/images/I58_20_05.png,0.0018365223659202456,0.5075
./Datasets/KADID10K/images/I58_21_01.png,0.0008978863479569554,0.8075000000000001
./Datasets/KADID10K/images/I58_21_02.png,0.0028275037184357643,0.625
./Datasets/KADID10K/images/I58_21_03.png,0.0021813937928527594,0.5825
./Datasets/KADID10K/images/I58_21_04.png,0.0031692704651504755,0.5725
./Datasets/KADID10K/images/I58_21_05.png,0.0083849485963583,0.2425
./Datasets/KADID10K/images/I58_22_01.png,0.09125829488039017,0.475
./Datasets/KADID10K/images/I58_22_02.png,0.1315600723028183,0.275
./Datasets/KADID10K/images/I58_22_03.png,0.15701016783714294,0.32499999999999996
./Datasets/KADID10K/images/I58_22_04.png,0.1523711085319519,0.25749999999999995
./Datasets/KADID10K/images/I58_22_05.png,0.20515167713165283,0.25
./Datasets/KADID10K/images/I58_23_01.png,0.0010076698381453753,0.475
./Datasets/KADID10K/images/I58_23_02.png,0.0033637385349720716,0.35
./Datasets/KADID10K/images/I58_23_03.png,0.006760846823453903,0.3325
./Datasets/KADID10K/images/I58_23_04.png,0.034338563680648804,0.3325
./Datasets/KADID10K/images/I58_23_05.png,0.02558901160955429,0.2425
./Datasets/KADID10K/images/I58_24_01.png,0.0009133113198913634,0.825
./Datasets/KADID10K/images/I58_24_02.png,0.004857048392295837,0.6425
./Datasets/KADID10K/images/I58_24_03.png,0.01747720129787922,0.5325
./Datasets/KADID10K/images/I58_24_04.png,0.08739574998617172,0.2925
./Datasets/KADID10K/images/I58_24_05.png,0.12537236511707306,0.175
./Datasets/KADID10K/images/I58_25_01.png,0.003888349048793316,0.625
./Datasets/KADID10K/images/I58_25_02.png,0.0011910570319741964,0.7675000000000001
./Datasets/KADID10K/images/I58_25_03.png,0.0004985140403732657,0.8625
./Datasets/KADID10K/images/I58_25_04.png,0.0038667067419737577,0.7749999999999999
./Datasets/KADID10K/images/I58_25_05.png,0.026444656774401665,0.6325
./Datasets/KADID10K/images/I59_01_01.png,0.0022028551902621984,0.95
./Datasets/KADID10K/images/I59_01_02.png,0.015645043924450874,0.825
./Datasets/KADID10K/images/I59_01_03.png,0.15462778508663177,0.55
./Datasets/KADID10K/images/I59_01_04.png,0.3594624400138855,0.2
./Datasets/KADID10K/images/I59_01_05.png,0.7516290545463562,0.09250000000000003
./Datasets/KADID10K/images/I59_02_01.png,0.05743163451552391,0.8425
./Datasets/KADID10K/images/I59_02_02.png,0.19889986515045166,0.5075
./Datasets/KADID10K/images/I59_02_03.png,0.4403232932090759,0.1825
./Datasets/KADID10K/images/I59_02_04.png,0.5996452569961548,0.1175
./Datasets/KADID10K/images/I59_02_05.png,0.6425045728683472,0.04999999999999999
./Datasets/KADID10K/images/I59_03_01.png,0.0022028551902621984,0.9575
./Datasets/KADID10K/images/I59_03_02.png,0.011930194683372974,0.8174999999999999
./Datasets/KADID10K/images/I59_03_03.png,0.08294393122196198,0.6075
./Datasets/KADID10K/images/I59_03_04.png,0.11812713742256165,0.32499999999999996
./Datasets/KADID10K/images/I59_03_05.png,0.3770010471343994,0.1175
./Datasets/KADID10K/images/I59_04_01.png,0.0031922266352921724,0.8999999999999999
./Datasets/KADID10K/images/I59_04_02.png,0.010737578384578228,0.5425
./Datasets/KADID10K/images/I59_04_03.png,0.058189935982227325,0.3325
./Datasets/KADID10K/images/I59_04_04.png,0.10323687642812729,0.35750000000000004
./Datasets/KADID10K/images/I59_04_05.png,0.16264982521533966,0.26749999999999996
./Datasets/KADID10K/images/I59_05_01.png,0.06852341443300247,0.9175
./Datasets/KADID10K/images/I59_05_02.png,0.1829032152891159,0.4
./Datasets/KADID10K/images/I59_05_03.png,0.36511555314064026,0.22499999999999998
./Datasets/KADID10K/images/I59_05_04.png,0.3889296352863312,0.0675
./Datasets/KADID10K/images/I59_05_05.png,0.37704354524612427,0.09999999999999998
./Datasets/KADID10K/images/I59_06_01.png,0.0015425721649080515,0.8174999999999999
./Datasets/KADID10K/images/I59_06_02.png,0.001651333412155509,0.7425
./Datasets/KADID10K/images/I59_06_03.png,0.0008553205989301205,0.7175
./Datasets/KADID10K/images/I59_06_04.png,0.00027105381013825536,0.5925
./Datasets/KADID10K/images/I59_06_05.png,0.0003516008146107197,0.4575
./Datasets/KADID10K/images/I59_07_01.png,0.002528441371396184,0.5325
./Datasets/KADID10K/images/I59_07_02.png,0.018345577642321587,0.35
./Datasets/KADID10K/images/I59_07_03.png,0.05921328067779541,0.44999999999999996
./Datasets/KADID10K/images/I59_07_04.png,0.08180006593465805,0.38
./Datasets/KADID10K/images/I59_07_05.png,0.018546463921666145,0.2975
./Datasets/KADID10K/images/I59_08_01.png,0.0022028551902621984,0.925
./Datasets/KADID10K/images/I59_08_02.png,0.011875851079821587,0.5675
./Datasets/KADID10K/images/I59_08_03.png,0.057082097977399826,0.4675
./Datasets/KADID10K/images/I59_08_04.png,0.1782117486000061,0.35
./Datasets/KADID10K/images/I59_08_05.png,0.3384578824043274,0.21750000000000003
./Datasets/KADID10K/images/I59_09_01.png,0.009757344610989094,0.9075
./Datasets/KADID10K/images/I59_09_02.png,0.03834275156259537,0.8999999999999999
./Datasets/KADID10K/images/I59_09_03.png,0.1178978681564331,0.8500000000000001
./Datasets/KADID10K/images/I59_09_04.png,0.3430732190608978,0.525
./Datasets/KADID10K/images/I59_09_05.png,0.7272872924804688,0.07500000000000001
./Datasets/KADID10K/images/I59_10_01.png,0.016324423253536224,0.9424999999999999
./Datasets/KADID10K/images/I59_10_02.png,0.019947977736592293,0.9424999999999999
./Datasets/KADID10K/images/I59_10_03.png,0.04885387793183327,0.875
./Datasets/KADID10K/images/I59_10_04.png,0.44550246000289917,0.375
./Datasets/KADID10K/images/I59_10_05.png,0.7881120443344116,0.1175
./Datasets/KADID10K/images/I59_11_01.png,0.013987143523991108,0.8225
./Datasets/KADID10K/images/I59_11_02.png,0.053805720061063766,0.6925
./Datasets/KADID10K/images/I59_11_03.png,0.10408475250005722,0.6075
./Datasets/KADID10K/images/I59_11_04.png,0.2041686326265335,0.5
./Datasets/KADID10K/images/I59_11_05.png,0.32021743059158325,0.32499999999999996
./Datasets/KADID10K/images/I59_12_01.png,0.003694420214742422,0.875
./Datasets/KADID10K/images/I59_12_02.png,0.04037949815392494,0.7575000000000001
./Datasets/KADID10K/images/I59_12_03.png,0.12523652613162994,0.65
./Datasets/KADID10K/images/I59_12_04.png,0.22273236513137817,0.49250000000000005
./Datasets/KADID10K/images/I59_12_05.png,0.30226054787635803,0.4
./Datasets/KADID10K/images/I59_13_01.png,0.003532717004418373,0.8174999999999999
./Datasets/KADID10K/images/I59_13_02.png,0.017758818343281746,0.55
./Datasets/KADID10K/images/I59_13_03.png,0.013040383346378803,0.4425
./Datasets/KADID10K/images/I59_13_04.png,0.05216320976614952,0.3325
./Datasets/KADID10K/images/I59_13_05.png,0.1178746372461319,0.32499999999999996
./Datasets/KADID10K/images/I59_14_01.png,0.005391776096075773,0.9675
./Datasets/KADID10K/images/I59_14_02.png,0.024232082068920135,0.7825
./Datasets/KADID10K/images/I59_14_03.png,0.0745001807808876,0.5075
./Datasets/KADID10K/images/I59_14_04.png,0.1467633694410324,0.4425
./Datasets/KADID10K/images/I59_14_05.png,0.3231992721557617,0.3075
./Datasets/KADID10K/images/I59_15_01.png,0.26566675305366516,0.7825
./Datasets/KADID10K/images/I59_15_02.png,0.4073556959629059,0.5075
./Datasets/KADID10K/images/I59_15_03.png,0.4939316511154175,0.38249999999999995
./Datasets/KADID10K/images/I59_15_04.png,0.6188957095146179,0.2
./Datasets/KADID10K/images/I59_15_05.png,0.6836879849433899,0.125
./Datasets/KADID10K/images/I59_16_01.png,0.0019752157386392355,0.9325000000000001
./Datasets/KADID10K/images/I59_16_02.png,0.0018300471128895879,0.8674999999999999
./Datasets/KADID10K/images/I59_16_03.png,0.0015616355231031775,0.7075
./Datasets/KADID10K/images/I59_16_04.png,0.0027956338599324226,0.475
./Datasets/KADID10K/images/I59_16_05.png,0.012744180858135223,0.1325
./Datasets/KADID10K/images/I59_17_01.png,0.0023095058277249336,0.9575
./Datasets/KADID10K/images/I59_17_02.png,0.002371483249589801,0.8474999999999999
./Datasets/KADID10K/images/I59_17_03.png,0.0022850458044558764,0.825
./Datasets/KADID10K/images/I59_17_04.png,0.0013811415992677212,0.675
./Datasets/KADID10K/images/I59_17_05.png,0.0005336821195669472,0.3425
./Datasets/KADID10K/images/I59_18_01.png,0.0014461143873631954,0.8574999999999999
./Datasets/KADID10K/images/I59_18_02.png,0.001665131887421012,0.925
./Datasets/KADID10K/images/I59_18_03.png,0.0022028551902621984,0.9175
./Datasets/KADID10K/images/I59_18_04.png,0.00016277271788567305,0.8574999999999999
./Datasets/KADID10K/images/I59_18_05.png,1.5079409422469325e-05,0.7325
./Datasets/KADID10K/images/I59_19_01.png,0.006264545023441315,0.8825000000000001
./Datasets/KADID10K/images/I59_19_02.png,0.008976231329143047,0.8174999999999999
./Datasets/KADID10K/images/I59_19_03.png,0.06766068190336227,0.675
./Datasets/KADID10K/images/I59_19_04.png,0.2630252242088318,0.25
./Datasets/KADID10K/images/I59_19_05.png,0.39409950375556946,0.03249999999999997
./Datasets/KADID10K/images/I59_20_01.png,0.004249121993780136,0.8674999999999999
./Datasets/KADID10K/images/I59_20_02.png,0.005461074411869049,0.8925000000000001
./Datasets/KADID10K/images/I59_20_03.png,0.005543733015656471,0.7675000000000001
./Datasets/KADID10K/images/I59_20_04.png,0.011353318579494953,0.8075000000000001
./Datasets/KADID10K/images/I59_20_05.png,0.008248511701822281,0.65
./Datasets/KADID10K/images/I59_21_01.png,0.00656696455553174,0.875
./Datasets/KADID10K/images/I59_21_02.png,0.0266884732991457,0.6675
./Datasets/KADID10K/images/I59_21_03.png,0.06065681204199791,0.7
./Datasets/KADID10K/images/I59_21_04.png,0.11208861321210861,0.525
./Datasets/KADID10K/images/I59_21_05.png,0.4280889332294464,0.1325
./Datasets/KADID10K/images/I59_22_01.png,0.0010972096351906657,0.8500000000000001
./Datasets/KADID10K/images/I59_22_02.png,0.0011273580603301525,0.8700000000000001
./Datasets/KADID10K/images/I59_22_03.png,0.0009152121492661536,0.675
./Datasets/KADID10K/images/I59_22_04.png,0.0007480946369469166,0.6825
./Datasets/KADID10K/images/I59_22_05.png,0.00046597045729868114,0.6
./Datasets/KADID10K/images/I59_23_01.png,0.0023311234544962645,0.4675
./Datasets/KADID10K/images/I59_23_02.png,0.007773820776492357,0.36750000000000005
./Datasets/KADID10K/images/I59_23_03.png,0.009458092041313648,0.375
./Datasets/KADID10K/images/I59_23_04.png,0.007479558233171701,0.35
./Datasets/KADID10K/images/I59_23_05.png,0.03014751709997654,0.32499999999999996
./Datasets/KADID10K/images/I59_24_01.png,4.694672952609835e-06,0.7325
./Datasets/KADID10K/images/I59_24_02.png,1.0795453817991074e-05,0.48250000000000004
./Datasets/KADID10K/images/I59_24_03.png,4.275611354387365e-05,0.35
./Datasets/KADID10K/images/I59_24_04.png,0.00667126290500164,0.2
./Datasets/KADID10K/images/I59_24_05.png,0.02817341312766075,0.09999999999999998
./Datasets/KADID10K/images/I59_25_01.png,5.47405625184183e-06,0.75
./Datasets/KADID10K/images/I59_25_02.png,7.452737190760672e-05,0.7175
./Datasets/KADID10K/images/I59_25_03.png,0.0005046213045716286,0.8474999999999999
./Datasets/KADID10K/images/I59_25_04.png,0.004990957211703062,0.7749999999999999
./Datasets/KADID10K/images/I59_25_05.png,0.035105783492326736,0.48250000000000004
./Datasets/KADID10K/images/I60_01_01.png,0.0009881496662274003,0.8674999999999999
./Datasets/KADID10K/images/I60_01_02.png,0.016050925478339195,0.8999999999999999
./Datasets/KADID10K/images/I60_01_03.png,0.1842469573020935,0.5825
./Datasets/KADID10K/images/I60_01_04.png,0.395012766122818,0.2425
./Datasets/KADID10K/images/I60_01_05.png,0.7494676113128662,0.14250000000000002
./Datasets/KADID10K/images/I60_02_01.png,0.06325563788414001,0.79
./Datasets/KADID10K/images/I60_02_02.png,0.24622367322444916,0.5075
./Datasets/KADID10K/images/I60_02_03.png,0.442727655172348,0.2
./Datasets/KADID10K/images/I60_02_04.png,0.5789209604263306,0.057499999999999996
./Datasets/KADID10K/images/I60_02_05.png,0.6646082401275635,0.04999999999999999
./Datasets/KADID10K/images/I60_03_01.png,0.0009881496662274003,0.9075
./Datasets/KADID10K/images/I60_03_02.png,0.022698862478137016,0.925
./Datasets/KADID10K/images/I60_03_03.png,0.12868106365203857,0.5325
./Datasets/KADID10K/images/I60_03_04.png,0.22220700979232788,0.4425
./Datasets/KADID10K/images/I60_03_05.png,0.3302112817764282,0.2425
./Datasets/KADID10K/images/I60_04_01.png,0.0018553416011855006,0.8925000000000001
./Datasets/KADID10K/images/I60_04_02.png,0.0781240314245224,0.2425
./Datasets/KADID10K/images/I60_04_03.png,0.14361199736595154,0.08250000000000002
./Datasets/KADID10K/images/I60_04_04.png,0.2338610738515854,0.04999999999999999
./Datasets/KADID10K/images/I60_04_05.png,0.24231842160224915,0.03249999999999997
./Datasets/KADID10K/images/I60_05_01.png,0.004357087425887585,0.925
./Datasets/KADID10K/images/I60_05_02.png,0.021749626845121384,0.4675
./Datasets/KADID10K/images/I60_05_03.png,0.034739647060632706,0.32499999999999996
./Datasets/KADID10K/images/I60_05_04.png,0.034863848239183426,0.375
./Datasets/KADID10K/images/I60_05_05.png,0.05025048553943634,0.4175
./Datasets/KADID10K/images/I60_06_01.png,0.0009165537776425481,0.7575000000000001
./Datasets/KADID10K/images/I60_06_02.png,0.0008628083160147071,0.725
./Datasets/KADID10K/images/I60_06_03.png,0.0015005584573373199,0.6575
./Datasets/KADID10K/images/I60_06_04.png,0.001061455113813281,0.525
./Datasets/KADID10K/images/I60_06_05.png,0.0008478064555674791,0.38249999999999995
./Datasets/KADID10K/images/I60_07_01.png,0.0022670740727335215,0.44999999999999996
./Datasets/KADID10K/images/I60_07_02.png,0.015245399437844753,0.4075
./Datasets/KADID10K/images/I60_07_03.png,0.05217669904232025,0.21750000000000003
./Datasets/KADID10K/images/I60_07_04.png,0.09083747118711472,0.2
./Datasets/KADID10K/images/I60_07_05.png,0.056959118694067,0.2
./Datasets/KADID10K/images/I60_08_01.png,0.0009881496662274003,0.8999999999999999
./Datasets/KADID10K/images/I60_08_02.png,0.005199552513659,0.5075
./Datasets/KADID10K/images/I60_08_03.png,0.05938640236854553,0.21750000000000003
./Datasets/KADID10K/images/I60_08_04.png,0.07631883770227432,0.15000000000000002
./Datasets/KADID10K/images/I60_08_05.png,0.04568561539053917,0.1175
./Datasets/KADID10K/images/I60_09_01.png,0.003286103717982769,0.8825000000000001
./Datasets/KADID10K/images/I60_09_02.png,0.015851669013500214,0.7825
./Datasets/KADID10K/images/I60_09_03.png,0.0447305291891098,0.8325
./Datasets/KADID10K/images/I60_09_04.png,0.35956400632858276,0.3325
./Datasets/KADID10K/images/I60_09_05.png,0.6532352566719055,0.09999999999999998
./Datasets/KADID10K/images/I60_10_01.png,0.031047238036990166,0.8925000000000001
./Datasets/KADID10K/images/I60_10_02.png,0.048955924808979034,0.8425
./Datasets/KADID10K/images/I60_10_03.png,0.09761445969343185,0.79
./Datasets/KADID10K/images/I60_10_04.png,0.46060776710510254,0.35750000000000004
./Datasets/KADID10K/images/I60_10_05.png,0.6280730962753296,0.1175
./Datasets/KADID10K/images/I60_11_01.png,0.011581062339246273,0.6325
./Datasets/KADID10K/images/I60_11_02.png,0.04062311351299286,0.6175
./Datasets/KADID10K/images/I60_11_03.png,0.08603634685277939,0.5175
./Datasets/KADID10K/images/I60_11_04.png,0.1571923941373825,0.42500000000000004
./Datasets/KADID10K/images/I60_11_05.png,0.3312768340110779,0.4
./Datasets/KADID10K/images/I60_12_01.png,0.0018254355527460575,0.8825000000000001
./Datasets/KADID10K/images/I60_12_02.png,0.027995040640234947,0.75
./Datasets/KADID10K/images/I60_12_03.png,0.09473110735416412,0.6425
./Datasets/KADID10K/images/I60_12_04.png,0.1904079020023346,0.4675
./Datasets/KADID10K/images/I60_12_05.png,0.2935805916786194,0.36250000000000004
./Datasets/KADID10K/images/I60_13_01.png,0.00012453693489078432,0.6675
./Datasets/KADID10K/images/I60_13_02.png,7.463873771484941e-06,0.48250000000000004
./Datasets/KADID10K/images/I60_13_03.png,3.130199047518545e-06,0.4075
./Datasets/KADID10K/images/I60_13_04.png,0.00017597698024474084,0.39249999999999996
./Datasets/KADID10K/images/I60_13_05.png,0.022745203226804733,0.3175
./Datasets/KADID10K/images/I60_14_01.png,0.0010702365543693304,0.8674999999999999
./Datasets/KADID10K/images/I60_14_02.png,0.008935184217989445,0.6575
./Datasets/KADID10K/images/I60_14_03.png,0.03622704744338989,0.55
./Datasets/KADID10K/images/I60_14_04.png,0.12334632873535156,0.4325
./Datasets/KADID10K/images/I60_14_05.png,0.32039862871170044,0.2425
./Datasets/KADID10K/images/I60_15_01.png,0.10504437983036041,0.8
./Datasets/KADID10K/images/I60_15_02.png,0.433902382850647,0.49250000000000005
./Datasets/KADID10K/images/I60_15_03.png,0.511246919631958,0.32499999999999996
./Datasets/KADID10K/images/I60_15_04.png,0.5949150323867798,0.21750000000000003
./Datasets/KADID10K/images/I60_15_05.png,0.6670545339584351,0.14250000000000002
./Datasets/KADID10K/images/I60_16_01.png,0.001107265125028789,0.8925000000000001
./Datasets/KADID10K/images/I60_16_02.png,0.0010904293740168214,0.8825000000000001
./Datasets/KADID10K/images/I60_16_03.png,0.0010722781298682094,0.6075
./Datasets/KADID10K/images/I60_16_04.png,0.0012215105816721916,0.525
./Datasets/KADID10K/images/I60_16_05.png,0.004178597126156092,0.23249999999999998
./Datasets/KADID10K/images/I60_17_01.png,0.0009690186125226319,0.8674999999999999
./Datasets/KADID10K/images/I60_17_02.png,0.0009032221278175712,0.875
./Datasets/KADID10K/images/I60_17_03.png,0.0006695192423649132,0.8325
./Datasets/KADID10K/images/I60_17_04.png,0.0003629723796620965,0.6175
./Datasets/KADID10K/images/I60_17_05.png,0.0005090999184176326,0.35
./Datasets/KADID10K/images/I60_18_01.png,0.00026101330877281725,0.875
./Datasets/KADID10K/images/I60_18_02.png,0.00035284640034660697,0.95
./Datasets/KADID10K/images/I60_18_03.png,0.0009881496662274003,0.9125000000000001
./Datasets/KADID10K/images/I60_18_04.png,0.0004409716057125479,0.9075
./Datasets/KADID10K/images/I60_18_05.png,0.00028314109658822417,0.7825
./Datasets/KADID10K/images/I60_19_01.png,0.004307601600885391,0.875
./Datasets/KADID10K/images/I60_19_02.png,0.02162920869886875,0.6825
./Datasets/KADID10K/images/I60_19_03.png,0.09023908525705338,0.65
./Datasets/KADID10K/images/I60_19_04.png,0.24821804463863373,0.2825
./Datasets/KADID10K/images/I60_19_05.png,0.18997099995613098,0.09250000000000003
./Datasets/KADID10K/images/I60_20_01.png,0.0006036533159203827,0.8174999999999999
./Datasets/KADID10K/images/I60_20_02.png,0.000808928394690156,0.7
./Datasets/KADID10K/images/I60_20_03.png,0.0006029874202795327,0.65
./Datasets/KADID10K/images/I60_20_04.png,0.0009730267920531332,0.6575
./Datasets/KADID10K/images/I60_20_05.png,0.0012189698172733188,0.5825
./Datasets/KADID10K/images/I60_21_01.png,0.0014117311220616102,0.7325
./Datasets/KADID10K/images/I60_21_02.png,0.004833600949496031,0.625
./Datasets/KADID10K/images/I60_21_03.png,0.014269694685935974,0.5925
./Datasets/KADID10K/images/I60_21_04.png,0.031414978206157684,0.5325
./Datasets/KADID10K/images/I60_21_05.png,0.2546677589416504,0.23249999999999998
./Datasets/KADID10K/images/I60_22_01.png,0.00203211628831923,0.8174999999999999
./Datasets/KADID10K/images/I60_22_02.png,0.003566156607121229,0.8
./Datasets/KADID10K/images/I60_22_03.png,0.002977226860821247,0.7075
./Datasets/KADID10K/images/I60_22_04.png,0.007156822830438614,0.6
./Datasets/KADID10K/images/I60_22_05.png,0.012486646883189678,0.5425
./Datasets/KADID10K/images/I60_23_01.png,0.0015943903708830476,0.5075
./Datasets/KADID10K/images/I60_23_02.png,0.0032068502623587847,0.4525
./Datasets/KADID10K/images/I60_23_03.png,0.005528150126338005,0.32499999999999996
./Datasets/KADID10K/images/I60_23_04.png,0.007819121703505516,0.2
./Datasets/KADID10K/images/I60_23_05.png,0.01923716440796852,0.2825
./Datasets/KADID10K/images/I60_24_01.png,0.0003163436776958406,0.65
./Datasets/KADID10K/images/I60_24_02.png,0.003274286398664117,0.475
./Datasets/KADID10K/images/I60_24_03.png,0.018913624808192253,0.2825
./Datasets/KADID10K/images/I60_24_04.png,0.07500560581684113,0.1175
./Datasets/KADID10K/images/I60_24_05.png,0.13201163709163666,0.14250000000000002
./Datasets/KADID10K/images/I60_25_01.png,0.00012995781435165554,0.5325
./Datasets/KADID10K/images/I60_25_02.png,0.00017354197916574776,0.7325
./Datasets/KADID10K/images/I60_25_03.png,0.000373077200492844,0.8574999999999999
./Datasets/KADID10K/images/I60_25_04.png,0.0016918691108003259,0.7749999999999999
./Datasets/KADID10K/images/I60_25_05.png,0.004131412599235773,0.7
./Datasets/KADID10K/images/I61_01_01.png,0.0001787536748452112,0.8674999999999999
./Datasets/KADID10K/images/I61_01_02.png,0.0237813051789999,0.9075
./Datasets/KADID10K/images/I61_01_03.png,0.12357926368713379,0.4325
./Datasets/KADID10K/images/I61_01_04.png,0.32200294733047485,0.2425
./Datasets/KADID10K/images/I61_01_05.png,0.7965187430381775,0.03249999999999997
./Datasets/KADID10K/images/I61_02_01.png,0.07819502800703049,0.6675
./Datasets/KADID10K/images/I61_02_02.png,0.11752524971961975,0.4675
./Datasets/KADID10K/images/I61_02_03.png,0.3079673647880554,0.16749999999999998
./Datasets/KADID10K/images/I61_02_04.png,0.47792139649391174,0.0675
./Datasets/KADID10K/images/I61_02_05.png,0.5581644177436829,0.07500000000000001
./Datasets/KADID10K/images/I61_03_01.png,0.0001787536748452112,0.8574999999999999
./Datasets/KADID10K/images/I61_03_02.png,0.02181331440806389,0.7575000000000001
./Datasets/KADID10K/images/I61_03_03.png,0.08739440143108368,0.3425
./Datasets/KADID10K/images/I61_03_04.png,0.14741940796375275,0.25
./Datasets/KADID10K/images/I61_03_05.png,0.1746450960636139,0.11249999999999999
./Datasets/KADID10K/images/I61_04_01.png,0.0008597836713306606,0.8174999999999999
./Datasets/KADID10K/images/I61_04_02.png,0.0010443301871418953,0.42500000000000004
./Datasets/KADID10K/images/I61_04_03.png,0.0013220248511061072,0.1825
./Datasets/KADID10K/images/I61_04_04.png,0.0009840098209679127,0.125
./Datasets/KADID10K/images/I61_04_05.png,0.0012001015711575747,0.057499999999999996
./Datasets/KADID10K/images/I61_05_01.png,0.005311794579029083,0.8674999999999999
./Datasets/KADID10K/images/I61_05_02.png,0.16600589454174042,0.2925
./Datasets/KADID10K/images/I61_05_03.png,0.22162370383739471,0.1925
./Datasets/KADID10K/images/I61_05_04.png,0.17005431652069092,0.20750000000000002
./Datasets/KADID10K/images/I61_05_05.png,0.22845958173274994,0.15749999999999997
./Datasets/KADID10K/images/I61_06_01.png,1.63395441177272e-06,0.8999999999999999
./Datasets/KADID10K/images/I61_06_02.png,5.501406121766195e-06,0.7925
./Datasets/KADID10K/images/I61_06_03.png,1.7932422906596912e-06,0.8325
./Datasets/KADID10K/images/I61_06_04.png,2.620343821035931e-06,0.6825
./Datasets/KADID10K/images/I61_06_05.png,2.40248155023437e-05,0.35
./Datasets/KADID10K/images/I61_07_01.png,0.0012044119648635387,0.475
./Datasets/KADID10K/images/I61_07_02.png,0.0026166080497205257,0.36750000000000005
./Datasets/KADID10K/images/I61_07_03.png,0.002791355364024639,0.3325
./Datasets/KADID10K/images/I61_07_04.png,0.0024829627946019173,0.44999999999999996
./Datasets/KADID10K/images/I61_07_05.png,0.0035572450142353773,0.21750000000000003
./Datasets/KADID10K/images/I61_08_01.png,0.0001787536748452112,0.8999999999999999
./Datasets/KADID10K/images/I61_08_02.png,0.000637928897049278,0.6425
./Datasets/KADID10K/images/I61_08_03.png,0.0047262669540941715,0.525
./Datasets/KADID10K/images/I61_08_04.png,0.07577496767044067,0.275
./Datasets/KADID10K/images/I61_08_05.png,0.18862460553646088,0.175
./Datasets/KADID10K/images/I61_09_01.png,0.004122272599488497,0.9175
./Datasets/KADID10K/images/I61_09_02.png,0.08174453675746918,0.6
./Datasets/KADID10K/images/I61_09_03.png,0.2345333844423294,0.6
./Datasets/KADID10K/images/I61_09_04.png,0.6316015124320984,0.15000000000000002
./Datasets/KADID10K/images/I61_09_05.png,0.8395116925239563,0.057499999999999996
./Datasets/KADID10K/images/I61_10_01.png,0.0025021869223564863,0.8174999999999999
./Datasets/KADID10K/images/I61_10_02.png,0.0032451690640300512,0.7749999999999999
./Datasets/KADID10K/images/I61_10_03.png,0.023408398032188416,0.6575
./Datasets/KADID10K/images/I61_10_04.png,0.4906834661960602,0.23249999999999998
./Datasets/KADID10K/images/I61_10_05.png,0.793498694896698,0.1175
./Datasets/KADID10K/images/I61_11_01.png,0.008178849704563618,0.7925
./Datasets/KADID10K/images/I61_11_02.png,0.04443422704935074,0.575
./Datasets/KADID10K/images/I61_11_03.png,0.10307760536670685,0.475
./Datasets/KADID10K/images/I61_11_04.png,0.15391063690185547,0.4
./Datasets/KADID10K/images/I61_11_05.png,0.27377358078956604,0.3425
./Datasets/KADID10K/images/I61_12_01.png,0.00048245914513245225,0.9075
./Datasets/KADID10K/images/I61_12_02.png,0.019360598176717758,0.7075
./Datasets/KADID10K/images/I61_12_03.png,0.07593389600515366,0.5575
./Datasets/KADID10K/images/I61_12_04.png,0.18993213772773743,0.44999999999999996
./Datasets/KADID10K/images/I61_12_05.png,0.23094630241394043,0.4075
./Datasets/KADID10K/images/I61_13_01.png,0.0007202293490990996,0.7175
./Datasets/KADID10K/images/I61_13_02.png,0.009211031720042229,0.4575
./Datasets/KADID10K/images/I61_13_03.png,0.03823183849453926,0.4325
./Datasets/KADID10K/images/I61_13_04.png,0.05972226336598396,0.36750000000000005
./Datasets/KADID10K/images/I61_13_05.png,0.13452838361263275,0.275
./Datasets/KADID10K/images/I61_14_01.png,0.00015898465062491596,0.8674999999999999
./Datasets/KADID10K/images/I61_14_02.png,0.0009755609789863229,0.58
./Datasets/KADID10K/images/I61_14_03.png,0.00369902141392231,0.4175
./Datasets/KADID10K/images/I61_14_04.png,0.015886802226305008,0.35750000000000004
./Datasets/KADID10K/images/I61_14_05.png,0.07332239300012589,0.32499999999999996
./Datasets/KADID10K/images/I61_15_01.png,0.32255977392196655,0.65
./Datasets/KADID10K/images/I61_15_02.png,0.48130449652671814,0.55
./Datasets/KADID10K/images/I61_15_03.png,0.5127439498901367,0.4175
./Datasets/KADID10K/images/I61_15_04.png,0.6089683175086975,0.2
./Datasets/KADID10K/images/I61_15_05.png,0.6534611582756042,0.1325
./Datasets/KADID10K/images/I61_16_01.png,0.00023077301739249378,0.9175
./Datasets/KADID10K/images/I61_16_02.png,0.000275243422947824,0.825
./Datasets/KADID10K/images/I61_16_03.png,0.00022645921853836626,0.6425
./Datasets/KADID10K/images/I61_16_04.png,0.00017412145098205656,0.5
./Datasets/KADID10K/images/I61_16_05.png,0.00017541910347063094,0.22499999999999998
./Datasets/KADID10K/images/I61_17_01.png,0.00015294979675672948,0.8825000000000001
./Datasets/KADID10K/images/I61_17_02.png,0.0001295414986088872,0.875
./Datasets/KADID10K/images/I61_17_03.png,9.252755990019068e-05,0.7749999999999999
./Datasets/KADID10K/images/I61_17_04.png,4.490267747314647e-05,0.4575
./Datasets/KADID10K/images/I61_17_05.png,0.00027072272496297956,0.23249999999999998
./Datasets/KADID10K/images/I61_18_01.png,5.175150363356806e-05,0.7749999999999999
./Datasets/KADID10K/images/I61_18_02.png,8.688024536240846e-05,0.8574999999999999
./Datasets/KADID10K/images/I61_18_03.png,0.0001787536748452112,0.925
./Datasets/KADID10K/images/I61_18_04.png,8.559654816053808e-05,0.7749999999999999
./Datasets/KADID10K/images/I61_18_05.png,0.00013360384036786854,0.6575
./Datasets/KADID10K/images/I61_19_01.png,0.009321018122136593,0.8700000000000001
./Datasets/KADID10K/images/I61_19_02.png,0.061006639152765274,0.625
./Datasets/KADID10K/images/I61_19_03.png,0.13274453580379486,0.375
./Datasets/KADID10K/images/I61_19_04.png,0.3799590468406677,0.14250000000000002
./Datasets/KADID10K/images/I61_19_05.png,0.19317227602005005,0.007500000000000007
./Datasets/KADID10K/images/I61_20_01.png,0.00024859554832801223,0.8674999999999999
./Datasets/KADID10K/images/I61_20_02.png,0.00039044098230078816,0.8925000000000001
./Datasets/KADID10K/images/I61_20_03.png,0.00046618899796158075,0.8574999999999999
./Datasets/KADID10K/images/I61_20_04.png,0.0004897747421637177,0.7575000000000001
./Datasets/KADID10K/images/I61_20_05.png,0.000767266086768359,0.8325
./Datasets/KADID10K/images/I61_21_01.png,0.0008246664074249566,0.75
./Datasets/KADID10K/images/I61_21_02.png,0.0011840971419587731,0.5675
./Datasets/KADID10K/images/I61_21_03.png,0.001950320671312511,0.4075
./Datasets/KADID10K/images/I61_21_04.png,0.005549238529056311,0.3175
./Datasets/KADID10K/images/I61_21_05.png,0.18938826024532318,0.03249999999999997
./Datasets/KADID10K/images/I61_22_01.png,0.00027583108749240637,0.8174999999999999
./Datasets/KADID10K/images/I61_22_02.png,0.0003106101939920336,0.8075000000000001
./Datasets/KADID10K/images/I61_22_03.png,0.0005551086505874991,0.75
./Datasets/KADID10K/images/I61_22_04.png,0.0014595822431147099,0.525
./Datasets/KADID10K/images/I61_22_05.png,0.0025416261050850153,0.42500000000000004
./Datasets/KADID10K/images/I61_23_01.png,0.0005100923590362072,0.475
./Datasets/KADID10K/images/I61_23_02.png,0.0004993141628801823,0.30000000000000004
./Datasets/KADID10K/images/I61_23_03.png,0.000372743554180488,0.38249999999999995
./Datasets/KADID10K/images/I61_23_04.png,0.0014848934952169657,0.3075
./Datasets/KADID10K/images/I61_23_05.png,0.004934600554406643,0.3075
./Datasets/KADID10K/images/I61_24_01.png,1.4209131222742144e-05,0.575
./Datasets/KADID10K/images/I61_24_02.png,1.3093875168124214e-05,0.32499999999999996
./Datasets/KADID10K/images/I61_24_03.png,2.768429840216413e-05,0.16749999999999998
./Datasets/KADID10K/images/I61_24_04.png,8.017863729037344e-05,0.1325
./Datasets/KADID10K/images/I61_24_05.png,0.0014323455980047584,0.0675
./Datasets/KADID10K/images/I61_25_01.png,2.8200223823660053e-05,0.4175
./Datasets/KADID10K/images/I61_25_02.png,2.250126090075355e-05,0.6675
./Datasets/KADID10K/images/I61_25_03.png,4.4433520088205114e-05,0.7925
./Datasets/KADID10K/images/I61_25_04.png,0.0011122290743514895,0.8325
./Datasets/KADID10K/images/I61_25_05.png,0.006069681141525507,0.6325
./Datasets/KADID10K/images/I62_01_01.png,0.00027129866066388786,0.9075
./Datasets/KADID10K/images/I62_01_02.png,0.02246052399277687,0.7575000000000001
./Datasets/KADID10K/images/I62_01_03.png,0.2598859667778015,0.4
./Datasets/KADID10K/images/I62_01_04.png,0.36520102620124817,0.21750000000000003
./Datasets/KADID10K/images/I62_01_05.png,0.647503674030304,0.10749999999999998
./Datasets/KADID10K/images/I62_02_01.png,0.10916170477867126,0.7
./Datasets/KADID10K/images/I62_02_02.png,0.27982744574546814,0.35
./Datasets/KADID10K/images/I62_02_03.png,0.38301894068717957,0.2
./Datasets/KADID10K/images/I62_02_04.png,0.504790186882019,0.1175
./Datasets/KADID10K/images/I62_02_05.png,0.545700192451477,0.1175
./Datasets/KADID10K/images/I62_03_01.png,0.00027129866066388786,0.8174999999999999
./Datasets/KADID10K/images/I62_03_02.png,0.07908673584461212,0.6175
./Datasets/KADID10K/images/I62_03_03.png,0.2469901144504547,0.32499999999999996
./Datasets/KADID10K/images/I62_03_04.png,0.3490877151489258,0.2
./Datasets/KADID10K/images/I62_03_05.png,0.0452287495136261,0.1175
./Datasets/KADID10K/images/I62_04_01.png,0.0005493684438988566,0.8825000000000001
./Datasets/KADID10K/images/I62_04_02.png,0.006837674416601658,0.4
./Datasets/KADID10K/images/I62_04_03.png,0.02488761581480503,0.32499999999999996
./Datasets/KADID10K/images/I62_04_04.png,0.04571488872170448,0.25749999999999995
./Datasets/KADID10K/images/I62_04_05.png,0.11852414160966873,0.09999999999999998
./Datasets/KADID10K/images/I62_05_01.png,0.014476355165243149,0.875
./Datasets/KADID10K/images/I62_05_02.png,0.0917716696858406,0.25749999999999995
./Datasets/KADID10K/images/I62_05_03.png,0.1113593578338623,0.1825
./Datasets/KADID10K/images/I62_05_04.png,0.11767732352018356,0.15749999999999997
./Datasets/KADID10K/images/I62_05_05.png,0.09500110149383545,0.14250000000000002
./Datasets/KADID10K/images/I62_06_01.png,0.00024591563851572573,0.7925
./Datasets/KADID10K/images/I62_06_02.png,8.120757411234081e-05,0.8075000000000001
./Datasets/KADID10K/images/I62_06_03.png,0.00016578628856223077,0.735
./Datasets/KADID10K/images/I62_06_04.png,0.0004502939118538052,0.575
./Datasets/KADID10K/images/I62_06_05.png,1.83956217369996e-05,0.35
./Datasets/KADID10K/images/I62_07_01.png,0.002587884431704879,0.525
./Datasets/KADID10K/images/I62_07_02.png,0.009305426850914955,0.4325
./Datasets/KADID10K/images/I62_07_03.png,0.015080501325428486,0.4675
./Datasets/KADID10K/images/I62_07_04.png,0.017327217385172844,0.4
./Datasets/KADID10K/images/I62_07_05.png,0.02596893347799778,0.3425
./Datasets/KADID10K/images/I62_08_01.png,0.00027129866066388786,0.875
./Datasets/KADID10K/images/I62_08_02.png,0.001436293008737266,0.5925
./Datasets/KADID10K/images/I62_08_03.png,0.010959649458527565,0.44999999999999996
./Datasets/KADID10K/images/I62_08_04.png,0.11266569048166275,0.21750000000000003
./Datasets/KADID10K/images/I62_08_05.png,0.1993739753961563,0.2
./Datasets/KADID10K/images/I62_09_01.png,0.013591448776423931,0.8574999999999999
./Datasets/KADID10K/images/I62_09_02.png,0.1407540738582611,0.725
./Datasets/KADID10K/images/I62_09_03.png,0.20898954570293427,0.5575
./Datasets/KADID10K/images/I62_09_04.png,0.46157974004745483,0.1825
./Datasets/KADID10K/images/I62_09_05.png,0.6847391724586487,0.14250000000000002
./Datasets/KADID10K/images/I62_10_01.png,0.011699408292770386,0.8075000000000001
./Datasets/KADID10K/images/I62_10_02.png,0.02310636080801487,0.8075000000000001
./Datasets/KADID10K/images/I62_10_03.png,0.09298145025968552,0.7325
./Datasets/KADID10K/images/I62_10_04.png,0.5754014849662781,0.1925
./Datasets/KADID10K/images/I62_10_05.png,0.8031315803527832,0.1175
./Datasets/KADID10K/images/I62_11_01.png,0.005849194712936878,0.7575000000000001
./Datasets/KADID10K/images/I62_11_02.png,0.06761420518159866,0.625
./Datasets/KADID10K/images/I62_11_03.png,0.11653295159339905,0.39249999999999996
./Datasets/KADID10K/images/I62_11_04.png,0.2513725459575653,0.42000000000000004
./Datasets/KADID10K/images/I62_11_05.png,0.3241845667362213,0.3175
./Datasets/KADID10K/images/I62_12_01.png,0.0006902453606016934,0.8825000000000001
./Datasets/KADID10K/images/I62_12_02.png,0.019919956102967262,0.7749999999999999
./Datasets/KADID10K/images/I62_12_03.png,0.13380038738250732,0.5075
./Datasets/KADID10K/images/I62_12_04.png,0.23558606207370758,0.4575
./Datasets/KADID10K/images/I62_12_05.png,0.30908939242362976,0.3425
./Datasets/KADID10K/images/I62_13_01.png,0.0008456828072667122,0.5775
./Datasets/KADID10K/images/I62_13_02.png,0.003050185739994049,0.4175
./Datasets/KADID10K/images/I62_13_03.png,0.014757232740521431,0.25749999999999995
./Datasets/KADID10K/images/I62_13_04.png,0.05013735592365265,0.3325
./Datasets/KADID10K/images/I62_13_05.png,0.1625518798828125,0.2825
./Datasets/KADID10K/images/I62_14_01.png,0.0008901859982870519,0.8425
./Datasets/KADID10K/images/I62_14_02.png,0.002368116984143853,0.6075
./Datasets/KADID10K/images/I62_14_03.png,0.004711642861366272,0.39249999999999996
./Datasets/KADID10K/images/I62_14_04.png,0.015315039083361626,0.36750000000000005
./Datasets/KADID10K/images/I62_14_05.png,0.05459747835993767,0.30000000000000004
./Datasets/KADID10K/images/I62_15_01.png,0.35899484157562256,0.575
./Datasets/KADID10K/images/I62_15_02.png,0.4979623556137085,0.30000000000000004
./Datasets/KADID10K/images/I62_15_03.png,0.5468830466270447,0.25
./Datasets/KADID10K/images/I62_15_04.png,0.6001278162002563,0.15749999999999997
./Datasets/KADID10K/images/I62_15_05.png,0.6204127073287964,0.125
./Datasets/KADID10K/images/I62_16_01.png,0.0003170810523442924,0.8
./Datasets/KADID10K/images/I62_16_02.png,0.00036132714012637734,0.8674999999999999
./Datasets/KADID10K/images/I62_16_03.png,0.0004181576077826321,0.7075
./Datasets/KADID10K/images/I62_16_04.png,0.0004728113708551973,0.525
./Datasets/KADID10K/images/I62_16_05.png,0.0006949625094421208,0.25
./Datasets/KADID10K/images/I62_17_01.png,0.00024577195290476084,0.875
./Datasets/KADID10K/images/I62_17_02.png,0.00019881768093910068,0.825
./Datasets/KADID10K/images/I62_17_03.png,0.00017052738985512406,0.7325
./Datasets/KADID10K/images/I62_17_04.png,0.000110499000584241,0.4175
./Datasets/KADID10K/images/I62_17_05.png,0.0015874933451414108,0.175
./Datasets/KADID10K/images/I62_18_01.png,0.00019525832612998784,0.845
./Datasets/KADID10K/images/I62_18_02.png,0.00019972397421952337,0.8574999999999999
./Datasets/KADID10K/images/I62_18_03.png,0.00027129866066388786,0.8425
./Datasets/KADID10K/images/I62_18_04.png,8.6175263277255e-05,0.7175
./Datasets/KADID10K/images/I62_18_05.png,0.0001740648440318182,0.5175
./Datasets/KADID10K/images/I62_19_01.png,0.0035636313259601593,0.7825
./Datasets/KADID10K/images/I62_19_02.png,0.011328094638884068,0.7325
./Datasets/KADID10K/images/I62_19_03.png,0.12201111763715744,0.48250000000000004
./Datasets/KADID10K/images/I62_19_04.png,0.2632504403591156,0.20750000000000002
./Datasets/KADID10K/images/I62_19_05.png,0.15744996070861816,0.057499999999999996
./Datasets/KADID10K/images/I62_20_01.png,0.0002759047201834619,0.7425
./Datasets/KADID10K/images/I62_20_02.png,0.0003184849920216948,0.8174999999999999
./Datasets/KADID10K/images/I62_20_03.png,0.00026482323301024735,0.8174999999999999
./Datasets/KADID10K/images/I62_20_04.png,0.00025349960196763277,0.7675000000000001
./Datasets/KADID10K/images/I62_20_05.png,0.00039619902963750064,0.6325
./Datasets/KADID10K/images/I62_21_01.png,0.0008408151916228235,0.7825
./Datasets/KADID10K/images/I62_21_02.png,0.0023820444475859404,0.5925
./Datasets/KADID10K/images/I62_21_03.png,0.011565783992409706,0.5425
./Datasets/KADID10K/images/I62_21_04.png,0.05242779850959778,0.49250000000000005
./Datasets/KADID10K/images/I62_21_05.png,0.5187842845916748,0.09250000000000003
./Datasets/KADID10K/images/I62_22_01.png,0.0002695192233659327,0.8500000000000001
./Datasets/KADID10K/images/I62_22_02.png,0.00043374847155064344,0.8500000000000001
./Datasets/KADID10K/images/I62_22_03.png,0.001748856040649116,0.7825
./Datasets/KADID10K/images/I62_22_04.png,0.005367186386138201,0.6825
./Datasets/KADID10K/images/I62_22_05.png,0.021597225219011307,0.44999999999999996
./Datasets/KADID10K/images/I62_23_01.png,0.0002178098657168448,0.375
./Datasets/KADID10K/images/I62_23_02.png,0.0011232979595661163,0.35
./Datasets/KADID10K/images/I62_23_03.png,0.0030025767628103495,0.22499999999999998
./Datasets/KADID10K/images/I62_23_04.png,0.0005574357346631587,0.2925
./Datasets/KADID10K/images/I62_23_05.png,0.007270558271557093,0.16749999999999998
./Datasets/KADID10K/images/I62_24_01.png,1.0925383321591653e-05,0.5575
./Datasets/KADID10K/images/I62_24_02.png,2.5223014745279215e-05,0.4
./Datasets/KADID10K/images/I62_24_03.png,5.90118725085631e-05,0.26749999999999996
./Datasets/KADID10K/images/I62_24_04.png,0.00048544956371188164,0.1325
./Datasets/KADID10K/images/I62_24_05.png,0.007335541769862175,0.0675
./Datasets/KADID10K/images/I62_25_01.png,5.898689414607361e-05,0.5425
./Datasets/KADID10K/images/I62_25_02.png,3.246598134865053e-05,0.5325
./Datasets/KADID10K/images/I62_25_03.png,6.229850987438112e-05,0.7325
./Datasets/KADID10K/images/I62_25_04.png,0.0009165358496829867,0.7575000000000001
./Datasets/KADID10K/images/I62_25_05.png,0.002561260713264346,0.6
./Datasets/KADID10K/images/I63_01_01.png,0.0005414041806943715,0.9175
./Datasets/KADID10K/images/I63_01_02.png,0.015816299244761467,0.8574999999999999
./Datasets/KADID10K/images/I63_01_03.png,0.3048062324523926,0.4
./Datasets/KADID10K/images/I63_01_04.png,0.5926773548126221,0.21750000000000003
./Datasets/KADID10K/images/I63_01_05.png,0.8764348030090332,0.07500000000000001
./Datasets/KADID10K/images/I63_02_01.png,0.11775968223810196,0.6175
./Datasets/KADID10K/images/I63_02_02.png,0.37780341506004333,0.36750000000000005
./Datasets/KADID10K/images/I63_02_03.png,0.6199192404747009,0.14250000000000002
./Datasets/KADID10K/images/I63_02_04.png,0.725260853767395,0.0675
./Datasets/KADID10K/images/I63_02_05.png,0.7937401533126831,0.07500000000000001
./Datasets/KADID10K/images/I63_03_01.png,0.0005414041806943715,0.875
./Datasets/KADID10K/images/I63_03_02.png,0.03980342298746109,0.7075
./Datasets/KADID10K/images/I63_03_03.png,0.3561316430568695,0.4425
./Datasets/KADID10K/images/I63_03_04.png,0.4040275812149048,0.20750000000000002
./Datasets/KADID10K/images/I63_03_05.png,0.38927388191223145,0.125
./Datasets/KADID10K/images/I63_04_01.png,0.0004038802580907941,0.8325
./Datasets/KADID10K/images/I63_04_02.png,0.001360978581942618,0.44999999999999996
./Datasets/KADID10K/images/I63_04_03.png,0.0008998488774523139,0.15749999999999997
./Datasets/KADID10K/images/I63_04_04.png,0.00032641211873851717,0.08250000000000002
./Datasets/KADID10K/images/I63_04_05.png,0.00041530627640895545,0.04999999999999999
./Datasets/KADID10K/images/I63_05_01.png,0.029960351064801216,0.6925
./Datasets/KADID10K/images/I63_05_02.png,0.10835480690002441,0.3325
./Datasets/KADID10K/images/I63_05_03.png,0.10969950258731842,0.2
./Datasets/KADID10K/images/I63_05_04.png,0.18595750629901886,0.1325
./Datasets/KADID10K/images/I63_05_05.png,0.19726264476776123,0.1325
./Datasets/KADID10K/images/I63_06_01.png,0.00021495555120054632,0.6575
./Datasets/KADID10K/images/I63_06_02.png,0.0002475567162036896,0.62
./Datasets/KADID10K/images/I63_06_03.png,0.0007668534526601434,0.6325
./Datasets/KADID10K/images/I63_06_04.png,0.00018791528418660164,0.4575
./Datasets/KADID10K/images/I63_06_05.png,0.00021360997925512493,0.16749999999999998
./Datasets/KADID10K/images/I63_07_01.png,0.0004946263507008553,0.475
./Datasets/KADID10K/images/I63_07_02.png,0.002338010584935546,0.42500000000000004
./Datasets/KADID10K/images/I63_07_03.png,0.002594387624412775,0.39249999999999996
./Datasets/KADID10K/images/I63_07_04.png,0.0017309312243014574,0.35750000000000004
./Datasets/KADID10K/images/I63_07_05.png,0.0032679340802133083,0.35
./Datasets/KADID10K/images/I63_08_01.png,0.0005414041806943715,0.8325
./Datasets/KADID10K/images/I63_08_02.png,0.0027247390244156122,0.675
./Datasets/KADID10K/images/I63_08_03.png,0.013154890388250351,0.2925
./Datasets/KADID10K/images/I63_08_04.png,0.05028039962053299,0.09999999999999998
./Datasets/KADID10K/images/I63_08_05.png,0.07331845909357071,0.14250000000000002
./Datasets/KADID10K/images/I63_09_01.png,0.03279899060726166,0.8925000000000001
./Datasets/KADID10K/images/I63_09_02.png,0.18511278927326202,0.7325
./Datasets/KADID10K/images/I63_09_03.png,0.2869921326637268,0.6075
./Datasets/KADID10K/images/I63_09_04.png,0.5960144400596619,0.25
./Datasets/KADID10K/images/I63_09_05.png,0.848866879940033,0.04999999999999999
./Datasets/KADID10K/images/I63_10_01.png,0.05738983675837517,0.7675000000000001
./Datasets/KADID10K/images/I63_10_02.png,0.06360036879777908,0.825
./Datasets/KADID10K/images/I63_10_03.png,0.11543205380439758,0.725
./Datasets/KADID10K/images/I63_10_04.png,0.566215455532074,0.3325
./Datasets/KADID10K/images/I63_10_05.png,0.7791267037391663,0.175
./Datasets/KADID10K/images/I63_11_01.png,0.02056388184428215,0.7325
./Datasets/KADID10K/images/I63_11_02.png,0.06537175923585892,0.7325
./Datasets/KADID10K/images/I63_11_03.png,0.10145589709281921,0.575
./Datasets/KADID10K/images/I63_11_04.png,0.2072642594575882,0.5175
./Datasets/KADID10K/images/I63_11_05.png,0.3227543830871582,0.375
./Datasets/KADID10K/images/I63_12_01.png,0.0019180787494406104,0.8999999999999999
./Datasets/KADID10K/images/I63_12_02.png,0.04047376662492752,0.6925
./Datasets/KADID10K/images/I63_12_03.png,0.1141183003783226,0.6425
./Datasets/KADID10K/images/I63_12_04.png,0.23853173851966858,0.4675
./Datasets/KADID10K/images/I63_12_05.png,0.27370914816856384,0.36750000000000005
./Datasets/KADID10K/images/I63_13_01.png,0.0009277137578465044,0.7425
./Datasets/KADID10K/images/I63_13_02.png,0.0038229452911764383,0.525
./Datasets/KADID10K/images/I63_13_03.png,0.014492745511233807,0.36250000000000004
./Datasets/KADID10K/images/I63_13_04.png,0.07088659703731537,0.39249999999999996
./Datasets/KADID10K/images/I63_13_05.png,0.15076844394207,0.35
./Datasets/KADID10K/images/I63_14_01.png,0.0004694257804658264,0.9025000000000001
./Datasets/KADID10K/images/I63_14_02.png,0.0038658855482935905,0.7075
./Datasets/KADID10K/images/I63_14_03.png,0.014799452386796474,0.6075
./Datasets/KADID10K/images/I63_14_04.png,0.04139407351613045,0.4575
./Datasets/KADID10K/images/I63_14_05.png,0.16692772507667542,0.3325
./Datasets/KADID10K/images/I63_15_01.png,0.33892354369163513,0.7325
./Datasets/KADID10K/images/I63_15_02.png,0.5146064162254333,0.5425
./Datasets/KADID10K/images/I63_15_03.png,0.5700936913490295,0.4075
./Datasets/KADID10K/images/I63_15_04.png,0.6268205642700195,0.16749999999999998
./Datasets/KADID10K/images/I63_15_05.png,0.6877678632736206,0.09250000000000003
./Datasets/KADID10K/images/I63_16_01.png,0.0006846158648841083,0.8825000000000001
./Datasets/KADID10K/images/I63_16_02.png,0.0008401284576393664,0.8
./Datasets/KADID10K/images/I63_16_03.png,0.0011619908036664128,0.6925
./Datasets/KADID10K/images/I63_16_04.png,0.0023281245958060026,0.525
./Datasets/KADID10K/images/I63_16_05.png,0.012268194928765297,0.35750000000000004
./Datasets/KADID10K/images/I63_17_01.png,0.000417181319789961,0.8999999999999999
./Datasets/KADID10K/images/I63_17_02.png,0.00031467305961996317,0.8925000000000001
./Datasets/KADID10K/images/I63_17_03.png,0.00018076537526212633,0.8174999999999999
./Datasets/KADID10K/images/I63_17_04.png,6.214340828591958e-05,0.575
./Datasets/KADID10K/images/I63_17_05.png,0.0007024742662906647,0.20750000000000002
./Datasets/KADID10K/images/I63_18_01.png,0.00026970842736773193,0.8574999999999999
./Datasets/KADID10K/images/I63_18_02.png,0.0003714333870448172,0.9175
./Datasets/KADID10K/images/I63_18_03.png,0.0005414041806943715,0.8825000000000001
./Datasets/KADID10K/images/I63_18_04.png,0.00010491829016245902,0.8500000000000001
./Datasets/KADID10K/images/I63_18_05.png,0.00014187772467266768,0.6325
./Datasets/KADID10K/images/I63_19_01.png,0.004125125706195831,0.8425
./Datasets/KADID10K/images/I63_19_02.png,0.010136988013982773,0.725
./Datasets/KADID10K/images/I63_19_03.png,0.16036438941955566,0.4425
./Datasets/KADID10K/images/I63_19_04.png,0.4608174264431,0.09250000000000003
./Datasets/KADID10K/images/I63_19_05.png,0.4430104196071625,0.03249999999999997
./Datasets/KADID10K/images/I63_20_01.png,0.0004808004305232316,0.9175
./Datasets/KADID10K/images/I63_20_02.png,0.0003355258668307215,0.8674999999999999
./Datasets/KADID10K/images/I63_20_03.png,0.0006609616102650762,0.75
./Datasets/KADID10K/images/I63_20_04.png,0.0005722716450691223,0.5075
./Datasets/KADID10K/images/I63_20_05.png,0.001139653380960226,0.725
./Datasets/KADID10K/images/I63_21_01.png,0.002029784256592393,0.7325
./Datasets/KADID10K/images/I63_21_02.png,0.005999146960675716,0.4425
./Datasets/KADID10K/images/I63_21_03.png,0.012219264172017574,0.4
./Datasets/KADID10K/images/I63_21_04.png,0.02680567465722561,0.375
./Datasets/KADID10K/images/I63_21_05.png,0.46498653292655945,0.07500000000000001
./Datasets/KADID10K/images/I63_22_01.png,0.0008436919306404889,0.9175
./Datasets/KADID10K/images/I63_22_02.png,0.0013659591786563396,0.8674999999999999
./Datasets/KADID10K/images/I63_22_03.png,0.0014329015975818038,0.825
./Datasets/KADID10K/images/I63_22_04.png,0.0026055523194372654,0.7075
./Datasets/KADID10K/images/I63_22_05.png,0.004407026339322329,0.5575
./Datasets/KADID10K/images/I63_23_01.png,0.0006472689565271139,0.65
./Datasets/KADID10K/images/I63_23_02.png,0.0023660711012780666,0.375
./Datasets/KADID10K/images/I63_23_03.png,0.001312846434302628,0.275
./Datasets/KADID10K/images/I63_23_04.png,0.0021472934167832136,0.35
./Datasets/KADID10K/images/I63_23_05.png,0.003331622574478388,0.2425
./Datasets/KADID10K/images/I63_24_01.png,0.000145783182233572,0.5925
./Datasets/KADID10K/images/I63_24_02.png,0.0002691512636374682,0.4175
./Datasets/KADID10K/images/I63_24_03.png,0.0005507874302566051,0.3075
./Datasets/KADID10K/images/I63_24_04.png,0.004190553445369005,0.08250000000000002
./Datasets/KADID10K/images/I63_24_05.png,0.025216596201062202,0.125
./Datasets/KADID10K/images/I63_25_01.png,5.6940589274745435e-05,0.575
./Datasets/KADID10K/images/I63_25_02.png,7.38156886654906e-05,0.675
./Datasets/KADID10K/images/I63_25_03.png,0.0001424669026164338,0.8075000000000001
./Datasets/KADID10K/images/I63_25_04.png,0.0016845070058479905,0.7425
./Datasets/KADID10K/images/I63_25_05.png,0.007302788086235523,0.6475
./Datasets/KADID10K/images/I64_01_01.png,4.766437268699519e-05,0.9175
./Datasets/KADID10K/images/I64_01_02.png,0.004962989129126072,0.8500000000000001
./Datasets/KADID10K/images/I64_01_03.png,0.2621672451496124,0.5575
./Datasets/KADID10K/images/I64_01_04.png,0.5703416466712952,0.20750000000000002
./Datasets/KADID10K/images/I64_01_05.png,0.8862239122390747,0.057499999999999996
./Datasets/KADID10K/images/I64_02_01.png,0.08512482792139053,0.7825
./Datasets/KADID10K/images/I64_02_02.png,0.3579428493976593,0.375
./Datasets/KADID10K/images/I64_02_03.png,0.6311830282211304,0.1375
./Datasets/KADID10K/images/I64_02_04.png,0.7630984783172607,0.1325
./Datasets/KADID10K/images/I64_02_05.png,0.8390106558799744,0.10749999999999998
./Datasets/KADID10K/images/I64_03_01.png,4.766437268699519e-05,0.9175
./Datasets/KADID10K/images/I64_03_02.png,0.013210066594183445,0.7675000000000001
./Datasets/KADID10K/images/I64_03_03.png,0.18557429313659668,0.475
./Datasets/KADID10K/images/I64_03_04.png,0.28465455770492554,0.2925
./Datasets/KADID10K/images/I64_03_05.png,0.21419312059879303,0.1925
./Datasets/KADID10K/images/I64_04_01.png,0.00013627404405269772,0.8300000000000001
./Datasets/KADID10K/images/I64_04_02.png,0.0004904661327600479,0.5925
./Datasets/KADID10K/images/I64_04_03.png,0.0002164278266718611,0.26749999999999996
./Datasets/KADID10K/images/I64_04_04.png,0.00014825929247308522,0.15749999999999997
./Datasets/KADID10K/images/I64_04_05.png,0.001821268117055297,0.09999999999999998
./Datasets/KADID10K/images/I64_05_01.png,0.002756766276434064,0.875
./Datasets/KADID10K/images/I64_05_02.png,0.035466816276311874,0.35
./Datasets/KADID10K/images/I64_05_03.png,0.092359259724617,0.14250000000000002
./Datasets/KADID10K/images/I64_05_04.png,0.1145852729678154,0.15000000000000002
./Datasets/KADID10K/images/I64_05_05.png,0.1091092973947525,0.1325
./Datasets/KADID10K/images/I64_06_01.png,2.5812280000536703e-05,0.7
./Datasets/KADID10K/images/I64_06_02.png,2.0192315787426196e-05,0.7425
./Datasets/KADID10K/images/I64_06_03.png,9.256761586584616e-06,0.6625
./Datasets/KADID10K/images/I64_06_04.png,1.860332122305408e-05,0.55
./Datasets/KADID10K/images/I64_06_05.png,8.952193866207381e-07,0.4175
./Datasets/KADID10K/images/I64_07_01.png,2.8672081953118322e-06,0.4675
./Datasets/KADID10K/images/I64_07_02.png,4.4921430344402324e-06,0.38249999999999995
./Datasets/KADID10K/images/I64_07_03.png,2.412183312117122e-05,0.22499999999999998
./Datasets/KADID10K/images/I64_07_04.png,5.711277117370628e-05,0.32499999999999996
./Datasets/KADID10K/images/I64_07_05.png,0.0010585695272311568,0.25749999999999995
./Datasets/KADID10K/images/I64_08_01.png,4.766437268699519e-05,0.8500000000000001
./Datasets/KADID10K/images/I64_08_02.png,0.0018381706904619932,0.7575000000000001
./Datasets/KADID10K/images/I64_08_03.png,0.00940471887588501,0.5175
./Datasets/KADID10K/images/I64_08_04.png,0.10306628048419952,0.26749999999999996
./Datasets/KADID10K/images/I64_08_05.png,0.21356430649757385,0.1825
./Datasets/KADID10K/images/I64_09_01.png,0.0016771977534517646,0.8325
./Datasets/KADID10K/images/I64_09_02.png,0.040983423590660095,0.7749999999999999
./Datasets/KADID10K/images/I64_09_03.png,0.16376443207263947,0.6675
./Datasets/KADID10K/images/I64_09_04.png,0.6216880083084106,0.275
./Datasets/KADID10K/images/I64_09_05.png,0.9072301387786865,0.08250000000000002
./Datasets/KADID10K/images/I64_10_01.png,0.0202168095856905,0.8075000000000001
./Datasets/KADID10K/images/I64_10_02.png,0.05490591749548912,0.7325
./Datasets/KADID10K/images/I64_10_03.png,0.131949320435524,0.7425
./Datasets/KADID10K/images/I64_10_04.png,0.6592879295349121,0.2825
./Datasets/KADID10K/images/I64_10_05.png,0.8314871788024902,0.09999999999999998
./Datasets/KADID10K/images/I64_11_01.png,0.006043135188519955,0.685
./Datasets/KADID10K/images/I64_11_02.png,0.030813347548246384,0.5925
./Datasets/KADID10K/images/I64_11_03.png,0.06495126336812973,0.4675
./Datasets/KADID10K/images/I64_11_04.png,0.1020660325884819,0.44999999999999996
./Datasets/KADID10K/images/I64_11_05.png,0.22477185726165771,0.4075
./Datasets/KADID10K/images/I64_12_01.png,0.0008092607604339719,0.8674999999999999
./Datasets/KADID10K/images/I64_12_02.png,0.017720231786370277,0.7749999999999999
./Datasets/KADID10K/images/I64_12_03.png,0.05398128181695938,0.585
./Datasets/KADID10K/images/I64_12_04.png,0.15491540729999542,0.45999999999999996
./Datasets/KADID10K/images/I64_12_05.png,0.19486044347286224,0.4
./Datasets/KADID10K/images/I64_13_01.png,9.66713487287052e-05,0.6825
./Datasets/KADID10K/images/I64_13_02.png,0.0002146702609024942,0.5925
./Datasets/KADID10K/images/I64_13_03.png,0.00017482583643868566,0.475
./Datasets/KADID10K/images/I64_13_04.png,0.0069105238653719425,0.38249999999999995
./Datasets/KADID10K/images/I64_13_05.png,0.053659066557884216,0.30500000000000005
./Datasets/KADID10K/images/I64_14_01.png,0.00014171602379065007,0.8674999999999999
./Datasets/KADID10K/images/I64_14_02.png,0.0019898952450603247,0.7075
./Datasets/KADID10K/images/I64_14_03.png,0.00572986900806427,0.5825
./Datasets/KADID10K/images/I64_14_04.png,0.03524307161569595,0.38249999999999995
./Datasets/KADID10K/images/I64_14_05.png,0.12958607077598572,0.30000000000000004
./Datasets/KADID10K/images/I64_15_01.png,0.28554069995880127,0.7
./Datasets/KADID10K/images/I64_15_02.png,0.4576092064380646,0.5325
./Datasets/KADID10K/images/I64_15_03.png,0.5395793914794922,0.4075
./Datasets/KADID10K/images/I64_15_04.png,0.6270790100097656,0.1175
./Datasets/KADID10K/images/I64_15_05.png,0.636337399482727,0.1175
./Datasets/KADID10K/images/I64_16_01.png,5.130924182594754e-05,0.8574999999999999
./Datasets/KADID10K/images/I64_16_02.png,5.712758138542995e-05,0.825
./Datasets/KADID10K/images/I64_16_03.png,4.832591730519198e-05,0.6425
./Datasets/KADID10K/images/I64_16_04.png,0.00010345922783017159,0.4075
./Datasets/KADID10K/images/I64_16_05.png,0.005553091876208782,0.1325
./Datasets/KADID10K/images/I64_17_01.png,4.245063246344216e-05,0.8825000000000001
./Datasets/KADID10K/images/I64_17_02.png,3.793599898926914e-05,0.8925000000000001
./Datasets/KADID10K/images/I64_17_03.png,3.057465801248327e-05,0.8174999999999999
./Datasets/KADID10K/images/I64_17_04.png,1.450129275326617e-05,0.7
./Datasets/KADID10K/images/I64_17_05.png,9.314610360888764e-05,0.23249999999999998
./Datasets/KADID10K/images/I64_18_01.png,2.3222419258672744e-05,0.825
./Datasets/KADID10K/images/I64_18_02.png,2.7049458367400803e-05,0.8825000000000001
./Datasets/KADID10K/images/I64_18_03.png,4.766437268699519e-05,0.9175
./Datasets/KADID10K/images/I64_18_04.png,9.886323823593557e-06,0.9175
./Datasets/KADID10K/images/I64_18_05.png,1.2548866834549699e-05,0.7425
./Datasets/KADID10K/images/I64_19_01.png,0.0013626549625769258,0.8174999999999999
./Datasets/KADID10K/images/I64_19_02.png,0.01191452145576477,0.7
./Datasets/KADID10K/images/I64_19_03.png,0.21370424330234528,0.35750000000000004
./Datasets/KADID10K/images/I64_19_04.png,0.4045336842536926,0.08000000000000002
./Datasets/KADID10K/images/I64_19_05.png,0.45944592356681824,0.0675
./Datasets/KADID10K/images/I64_20_01.png,7.925260433694348e-05,0.8325
./Datasets/KADID10K/images/I64_20_02.png,0.00010547260899329558,0.8425
./Datasets/KADID10K/images/I64_20_03.png,0.00019376164709683508,0.7325
./Datasets/KADID10K/images/I64_20_04.png,0.0004234316002111882,0.725
./Datasets/KADID10K/images/I64_20_05.png,0.0006402839790098369,0.6325
./Datasets/KADID10K/images/I64_21_01.png,0.0007155484054237604,0.48250000000000004
./Datasets/KADID10K/images/I64_21_02.png,0.004893001168966293,0.34750000000000003
./Datasets/KADID10K/images/I64_21_03.png,0.05319788679480553,0.42500000000000004
./Datasets/KADID10K/images/I64_21_04.png,0.10489792376756668,0.26749999999999996
./Datasets/KADID10K/images/I64_21_05.png,0.49578213691711426,0.025000000000000022
./Datasets/KADID10K/images/I64_22_01.png,0.00015193955914583057,0.8425
./Datasets/KADID10K/images/I64_22_02.png,0.00035608591861091554,0.8325
./Datasets/KADID10K/images/I64_22_03.png,0.00029565280419774354,0.7675000000000001
./Datasets/KADID10K/images/I64_22_04.png,0.0006611632416024804,0.675
./Datasets/KADID10K/images/I64_22_05.png,0.0012200955534353852,0.5175
./Datasets/KADID10K/images/I64_23_01.png,8.429678564425558e-05,0.5425
./Datasets/KADID10K/images/I64_23_02.png,0.0001972431200556457,0.3425
./Datasets/KADID10K/images/I64_23_03.png,0.0004646112211048603,0.35750000000000004
./Datasets/KADID10K/images/I64_23_04.png,0.0006969831883907318,0.25
./Datasets/KADID10K/images/I64_23_05.png,0.00019194874039385468,0.35750000000000004
./Datasets/KADID10K/images/I64_24_01.png,1.831881832004001e-06,0.6575
./Datasets/KADID10K/images/I64_24_02.png,1.507706201664405e-06,0.4075
./Datasets/KADID10K/images/I64_24_03.png,3.342846412124345e-06,0.39249999999999996
./Datasets/KADID10K/images/I64_24_04.png,3.557656964403577e-05,0.2
./Datasets/KADID10K/images/I64_24_05.png,0.0007892486173659563,0.08250000000000002
./Datasets/KADID10K/images/I64_25_01.png,6.589666554646101e-06,0.7075
./Datasets/KADID10K/images/I64_25_02.png,8.127537512336858e-06,0.8
./Datasets/KADID10K/images/I64_25_03.png,1.5056934898893815e-05,0.8500000000000001
./Datasets/KADID10K/images/I64_25_04.png,0.0003021057927981019,0.8075000000000001
./Datasets/KADID10K/images/I64_25_05.png,0.002394948387518525,0.625
./Datasets/KADID10K/images/I65_01_01.png,0.07907501608133316,0.9424999999999999
./Datasets/KADID10K/images/I65_01_02.png,0.24310888350009918,0.8500000000000001
./Datasets/KADID10K/images/I65_01_03.png,0.44340044260025024,0.4
./Datasets/KADID10K/images/I65_01_04.png,0.6365306377410889,0.22499999999999998
./Datasets/KADID10K/images/I65_01_05.png,0.8379742503166199,0.08250000000000002
./Datasets/KADID10K/images/I65_02_01.png,0.35522544384002686,0.6325
./Datasets/KADID10K/images/I65_02_02.png,0.46691179275512695,0.2925
./Datasets/KADID10K/images/I65_02_03.png,0.666367769241333,0.16749999999999998
./Datasets/KADID10K/images/I65_02_04.png,0.7522351741790771,0.09999999999999998
./Datasets/KADID10K/images/I65_02_05.png,0.7924869060516357,0.03249999999999997
./Datasets/KADID10K/images/I65_03_01.png,0.07907501608133316,0.925
./Datasets/KADID10K/images/I65_03_02.png,0.27702611684799194,0.75
./Datasets/KADID10K/images/I65_03_03.png,0.4406692385673523,0.4
./Datasets/KADID10K/images/I65_03_04.png,0.4226948618888855,0.21750000000000003
./Datasets/KADID10K/images/I65_03_05.png,0.3845861852169037,0.125
./Datasets/KADID10K/images/I65_04_01.png,0.10057052224874496,0.925
./Datasets/KADID10K/images/I65_04_02.png,0.11488763242959976,0.55
./Datasets/KADID10K/images/I65_04_03.png,0.03820493444800377,0.20750000000000002
./Datasets/KADID10K/images/I65_04_04.png,0.024302814155817032,0.375
./Datasets/KADID10K/images/I65_04_05.png,0.04173141345381737,0.09999999999999998
./Datasets/KADID10K/images/I65_05_01.png,0.23333027958869934,0.6925
./Datasets/KADID10K/images/I65_05_02.png,0.32132765650749207,0.32499999999999996
./Datasets/KADID10K/images/I65_05_03.png,0.3493063449859619,0.2425
./Datasets/KADID10K/images/I65_05_04.png,0.3558622896671295,0.2425
./Datasets/KADID10K/images/I65_05_05.png,0.3464122414588928,0.1825
./Datasets/KADID10K/images/I65_06_01.png,0.0048186760395765305,0.8
./Datasets/KADID10K/images/I65_06_02.png,0.0017538428073748946,0.75
./Datasets/KADID10K/images/I65_06_03.png,0.002191225066781044,0.63
./Datasets/KADID10K/images/I65_06_04.png,0.001350701437331736,0.5
./Datasets/KADID10K/images/I65_06_05.png,0.010875852778553963,0.38249999999999995
./Datasets/KADID10K/images/I65_07_01.png,0.07335565984249115,0.5825
./Datasets/KADID10K/images/I65_07_02.png,0.09217334538698196,0.2825
./Datasets/KADID10K/images/I65_07_03.png,0.10401610285043716,0.3325
./Datasets/KADID10K/images/I65_07_04.png,0.11037077754735947,0.4
./Datasets/KADID10K/images/I65_07_05.png,0.1281469464302063,0.2825
./Datasets/KADID10K/images/I65_08_01.png,0.07907501608133316,0.9575
./Datasets/KADID10K/images/I65_08_02.png,0.10074508190155029,0.65
./Datasets/KADID10K/images/I65_08_03.png,0.14564961194992065,0.48250000000000004
./Datasets/KADID10K/images/I65_08_04.png,0.24101735651493073,0.2925
./Datasets/KADID10K/images/I65_08_05.png,0.3063860237598419,0.15749999999999997
./Datasets/KADID10K/images/I65_09_01.png,0.16170376539230347,0.875
./Datasets/KADID10K/images/I65_09_02.png,0.24972662329673767,0.8500000000000001
./Datasets/KADID10K/images/I65_09_03.png,0.3565971255302429,0.6
./Datasets/KADID10K/images/I65_09_04.png,0.5812218189239502,0.22499999999999998
./Datasets/KADID10K/images/I65_09_05.png,0.8475700616836548,0.07500000000000001
./Datasets/KADID10K/images/I65_10_01.png,0.18209309875965118,0.8574999999999999
./Datasets/KADID10K/images/I65_10_02.png,0.2373565286397934,0.8500000000000001
./Datasets/KADID10K/images/I65_10_03.png,0.2977703809738159,0.6925
./Datasets/KADID10K/images/I65_10_04.png,0.6527307033538818,0.1325
./Datasets/KADID10K/images/I65_10_05.png,0.864608108997345,0.057499999999999996
./Datasets/KADID10K/images/I65_11_01.png,0.2483096718788147,0.625
./Datasets/KADID10K/images/I65_11_02.png,0.3120514750480652,0.5425
./Datasets/KADID10K/images/I65_11_03.png,0.359549343585968,0.4325
./Datasets/KADID10K/images/I65_11_04.png,0.39765602350234985,0.3325
./Datasets/KADID10K/images/I65_11_05.png,0.4908169209957123,0.32499999999999996
./Datasets/KADID10K/images/I65_12_01.png,0.1391051709651947,0.875
./Datasets/KADID10K/images/I65_12_02.png,0.3055103123188019,0.6175
./Datasets/KADID10K/images/I65_12_03.png,0.34996896982192993,0.4675
./Datasets/KADID10K/images/I65_12_04.png,0.4103713631629944,0.375
./Datasets/KADID10K/images/I65_12_05.png,0.4897792637348175,0.22499999999999998
./Datasets/KADID10K/images/I65_13_01.png,0.0761459618806839,0.5825
./Datasets/KADID10K/images/I65_13_02.png,0.16350281238555908,0.5175
./Datasets/KADID10K/images/I65_13_03.png,0.12813197076320648,0.35750000000000004
./Datasets/KADID10K/images/I65_13_04.png,0.24409852921962738,0.20750000000000002
./Datasets/KADID10K/images/I65_13_05.png,0.3720807135105133,0.32499999999999996
./Datasets/KADID10K/images/I65_14_01.png,0.06313316524028778,0.75
./Datasets/KADID10K/images/I65_14_02.png,0.15948037803173065,0.5175
./Datasets/KADID10K/images/I65_14_03.png,0.253085732460022,0.4075
./Datasets/KADID10K/images/I65_14_04.png,0.3275805711746216,0.3075
./Datasets/KADID10K/images/I65_14_05.png,0.39697134494781494,0.2425
./Datasets/KADID10K/images/I65_15_01.png,0.4056398570537567,0.6575
./Datasets/KADID10K/images/I65_15_02.png,0.5129645466804504,0.35750000000000004
./Datasets/KADID10K/images/I65_15_03.png,0.5442510843276978,0.275
./Datasets/KADID10K/images/I65_15_04.png,0.6133304834365845,0.10749999999999998
./Datasets/KADID10K/images/I65_15_05.png,0.6482550501823425,0.1175
./Datasets/KADID10K/images/I65_16_01.png,0.07132307440042496,0.9175
./Datasets/KADID10K/images/I65_16_02.png,0.06575927883386612,0.8325
./Datasets/KADID10K/images/I65_16_03.png,0.04084303230047226,0.6925
./Datasets/KADID10K/images/I65_16_04.png,0.01810983382165432,0.5
./Datasets/KADID10K/images/I65_16_05.png,0.01612953469157219,0.1775
./Datasets/KADID10K/images/I65_17_01.png,0.07518281787633896,0.9075
./Datasets/KADID10K/images/I65_17_02.png,0.07129896432161331,0.8674999999999999
./Datasets/KADID10K/images/I65_17_03.png,0.05688779056072235,0.9175
./Datasets/KADID10K/images/I65_17_04.png,0.03578248620033264,0.65
./Datasets/KADID10K/images/I65_17_05.png,0.04766447842121124,0.39249999999999996
./Datasets/KADID10K/images/I65_18_01.png,0.02174878492951393,0.8325
./Datasets/KADID10K/images/I65_18_02.png,0.03633507713675499,0.925
./Datasets/KADID10K/images/I65_18_03.png,0.07907501608133316,0.875
./Datasets/KADID10K/images/I65_18_04.png,0.028849568217992783,0.8674999999999999
./Datasets/KADID10K/images/I65_18_05.png,0.02910909242928028,0.7425
./Datasets/KADID10K/images/I65_19_01.png,0.14133389294147491,0.8925000000000001
./Datasets/KADID10K/images/I65_19_02.png,0.17943422496318817,0.7325
./Datasets/KADID10K/images/I65_19_03.png,0.3859541416168213,0.375
./Datasets/KADID10K/images/I65_19_04.png,0.5023024082183838,0.15000000000000002
./Datasets/KADID10K/images/I65_19_05.png,0.3587433695793152,0.0675
./Datasets/KADID10K/images/I65_20_01.png,0.07134885340929031,0.8999999999999999
./Datasets/KADID10K/images/I65_20_02.png,0.10106714069843292,0.825
./Datasets/KADID10K/images/I65_20_03.png,0.10646209865808487,0.8
./Datasets/KADID10K/images/I65_20_04.png,0.14194521307945251,0.825
./Datasets/KADID10K/images/I65_20_05.png,0.15192443132400513,0.55
./Datasets/KADID10K/images/I65_21_01.png,0.09009110182523727,0.725
./Datasets/KADID10K/images/I65_21_02.png,0.06592404097318649,0.4575
./Datasets/KADID10K/images/I65_21_03.png,0.15256331861019135,0.4425
./Datasets/KADID10K/images/I65_21_04.png,0.19876539707183838,0.3325
./Datasets/KADID10K/images/I65_21_05.png,0.3189679980278015,0.0675
./Datasets/KADID10K/images/I65_22_01.png,0.20977649092674255,0.875
./Datasets/KADID10K/images/I65_22_02.png,0.26571306586265564,0.6325
./Datasets/KADID10K/images/I65_22_03.png,0.3061780035495758,0.55
./Datasets/KADID10K/images/I65_22_04.png,0.30004796385765076,0.4575
./Datasets/KADID10K/images/I65_22_05.png,0.28542545437812805,0.2925
./Datasets/KADID10K/images/I65_23_01.png,0.08897102624177933,0.49250000000000005
./Datasets/KADID10K/images/I65_23_02.png,0.10196439921855927,0.6175
./Datasets/KADID10K/images/I65_23_03.png,0.13369570672512054,0.5075
./Datasets/KADID10K/images/I65_23_04.png,0.21171100437641144,0.30000000000000004
./Datasets/KADID10K/images/I65_23_05.png,0.15378758311271667,0.22499999999999998
./Datasets/KADID10K/images/I65_24_01.png,0.0039179339073598385,0.6675
./Datasets/KADID10K/images/I65_24_02.png,0.004196734167635441,0.49250000000000005
./Datasets/KADID10K/images/I65_24_03.png,0.011080281808972359,0.26749999999999996
./Datasets/KADID10K/images/I65_24_04.png,0.054629817605018616,0.25
./Datasets/KADID10K/images/I65_24_05.png,0.09733480960130692,0.09250000000000003
./Datasets/KADID10K/images/I65_25_01.png,0.005403861869126558,0.7175
./Datasets/KADID10K/images/I65_25_02.png,0.006012132856994867,0.7675000000000001
./Datasets/KADID10K/images/I65_25_03.png,0.020624075084924698,0.8574999999999999
./Datasets/KADID10K/images/I65_25_04.png,0.17120519280433655,0.8674999999999999
./Datasets/KADID10K/images/I65_25_05.png,0.26527073979377747,0.6425
./Datasets/KADID10K/images/I66_01_01.png,5.223050152380893e-07,0.9075
./Datasets/KADID10K/images/I66_01_02.png,6.620601197937503e-05,0.8700000000000001
./Datasets/KADID10K/images/I66_01_03.png,0.04197600111365318,0.49250000000000005
./Datasets/KADID10K/images/I66_01_04.png,0.33324334025382996,0.1825
./Datasets/KADID10K/images/I66_01_05.png,0.755635678768158,0.09999999999999998
./Datasets/KADID10K/images/I66_02_01.png,0.0024491583462804556,0.7
./Datasets/KADID10K/images/I66_02_02.png,0.0832282081246376,0.4575
./Datasets/KADID10K/images/I66_02_03.png,0.40039101243019104,0.2
./Datasets/KADID10K/images/I66_02_04.png,0.5844404697418213,0.1325
./Datasets/KADID10K/images/I66_02_05.png,0.6786977648735046,0.09250000000000003
./Datasets/KADID10K/images/I66_03_01.png,5.223050152380893e-07,0.9075
./Datasets/KADID10K/images/I66_03_02.png,0.00020564610895235091,0.7749999999999999
./Datasets/KADID10K/images/I66_03_03.png,0.006465918384492397,0.4575
./Datasets/KADID10K/images/I66_03_04.png,0.08710087090730667,0.3075
./Datasets/KADID10K/images/I66_03_05.png,0.2911732792854309,0.125
./Datasets/KADID10K/images/I66_04_01.png,1.956230335053988e-06,0.8500000000000001
./Datasets/KADID10K/images/I66_04_02.png,8.554507076041773e-05,0.39249999999999996
./Datasets/KADID10K/images/I66_04_03.png,7.392155384877697e-05,0.175
./Datasets/KADID10K/images/I66_04_04.png,0.0004124173428863287,0.16749999999999998
./Datasets/KADID10K/images/I66_04_05.png,0.0027038196567445993,0.1175
./Datasets/KADID10K/images/I66_05_01.png,4.46321428171359e-05,0.7675000000000001
./Datasets/KADID10K/images/I66_05_02.png,0.00044243031879886985,0.32499999999999996
./Datasets/KADID10K/images/I66_05_03.png,0.0017087189480662346,0.22499999999999998
./Datasets/KADID10K/images/I66_05_04.png,0.002877852413803339,0.2
./Datasets/KADID10K/images/I66_05_05.png,0.0037774979136884212,0.16749999999999998
./Datasets/KADID10K/images/I66_06_01.png,7.59993326937547e-07,0.8
./Datasets/KADID10K/images/I66_06_02.png,8.340472277268418e-07,0.75
./Datasets/KADID10K/images/I66_06_03.png,2.1626456145895645e-06,0.6925
./Datasets/KADID10K/images/I66_06_04.png,1.7049763982868171e-06,0.5325
./Datasets/KADID10K/images/I66_06_05.png,1.4054148778086528e-05,0.35750000000000004
./Datasets/KADID10K/images/I66_07_01.png,5.206949936109595e-06,0.4075
./Datasets/KADID10K/images/I66_07_02.png,2.787254379654769e-05,0.30000000000000004
./Datasets/KADID10K/images/I66_07_03.png,0.00016025154036469758,0.39249999999999996
./Datasets/KADID10K/images/I66_07_04.png,0.0009539260063320398,0.3175
./Datasets/KADID10K/images/I66_07_05.png,0.00015315908240154386,0.25
./Datasets/KADID10K/images/I66_08_01.png,5.223050152380893e-07,0.875
./Datasets/KADID10K/images/I66_08_02.png,2.585120455478318e-05,0.6925
./Datasets/KADID10K/images/I66_08_03.png,0.0008595109102316201,0.35750000000000004
./Datasets/KADID10K/images/I66_08_04.png,0.018775632604956627,0.2425
./Datasets/KADID10K/images/I66_08_05.png,0.07850963622331619,0.1825
./Datasets/KADID10K/images/I66_09_01.png,1.7357182514388114e-05,0.8425
./Datasets/KADID10K/images/I66_09_02.png,0.005951941013336182,0.8425
./Datasets/KADID10K/images/I66_09_03.png,0.047056570649147034,0.7925
./Datasets/KADID10K/images/I66_09_04.png,0.4042155146598816,0.3075
./Datasets/KADID10K/images/I66_09_05.png,0.7290197014808655,0.0675
./Datasets/KADID10K/images/I66_10_01.png,0.0005179219879209995,0.8574999999999999
./Datasets/KADID10K/images/I66_10_02.png,0.000902337022125721,0.875
./Datasets/KADID10K/images/I66_10_03.png,0.015989838168025017,0.7425
./Datasets/KADID10K/images/I66_10_04.png,0.5517140030860901,0.275
./Datasets/KADID10K/images/I66_10_05.png,0.791408121585846,0.1175
./Datasets/KADID10K/images/I66_11_01.png,0.0001254231174243614,0.75
./Datasets/KADID10K/images/I66_11_02.png,0.0012406193418428302,0.5075
./Datasets/KADID10K/images/I66_11_03.png,0.008743011392652988,0.5075
./Datasets/KADID10K/images/I66_11_04.png,0.04996539652347565,0.4675
./Datasets/KADID10K/images/I66_11_05.png,0.2385692447423935,0.3175
./Datasets/KADID10K/images/I66_12_01.png,6.164587830426171e-06,0.8674999999999999
./Datasets/KADID10K/images/I66_12_02.png,0.0007289331406354904,0.55
./Datasets/KADID10K/images/I66_12_03.png,0.011927827261388302,0.5175
./Datasets/KADID10K/images/I66_12_04.png,0.09719103574752808,0.4175
./Datasets/KADID10K/images/I66_12_05.png,0.18306607007980347,0.35
./Datasets/KADID10K/images/I66_13_01.png,3.0759721880713187e-07,0.525
./Datasets/KADID10K/images/I66_13_02.png,1.000208058599128e-07,0.39249999999999996
./Datasets/KADID10K/images/I66_13_03.png,9.241318821295863e-07,0.35
./Datasets/KADID10K/images/I66_13_04.png,0.00027415022486820817,0.30000000000000004
./Datasets/KADID10K/images/I66_13_05.png,0.023922231048345566,0.34750000000000003
./Datasets/KADID10K/images/I66_14_01.png,5.738455683967914e-07,0.875
./Datasets/KADID10K/images/I66_14_02.png,1.176811201730743e-05,0.7325
./Datasets/KADID10K/images/I66_14_03.png,7.885344530222937e-05,0.6925
./Datasets/KADID10K/images/I66_14_04.png,0.0007197246886789799,0.5
./Datasets/KADID10K/images/I66_14_05.png,0.03080279752612114,0.35750000000000004
./Datasets/KADID10K/images/I66_15_01.png,0.03377692401409149,0.7649999999999999
./Datasets/KADID10K/images/I66_15_02.png,0.27951717376708984,0.55
./Datasets/KADID10K/images/I66_15_03.png,0.39026975631713867,0.35750000000000004
./Datasets/KADID10K/images/I66_15_04.png,0.5354278683662415,0.21750000000000003
./Datasets/KADID10K/images/I66_15_05.png,0.6094717979431152,0.07500000000000001
./Datasets/KADID10K/images/I66_16_01.png,5.934503519711143e-07,0.8925000000000001
./Datasets/KADID10K/images/I66_16_02.png,7.329649065468402e-07,0.8500000000000001
./Datasets/KADID10K/images/I66_16_03.png,6.771696803298255e-07,0.725
./Datasets/KADID10K/images/I66_16_04.png,3.1520590937361703e-07,0.575
./Datasets/KADID10K/images/I66_16_05.png,2.797361958073452e-06,0.3175
./Datasets/KADID10K/images/I66_17_01.png,4.2602513872225245e-07,0.8999999999999999
./Datasets/KADID10K/images/I66_17_02.png,3.282011391547712e-07,0.8425
./Datasets/KADID10K/images/I66_17_03.png,2.1653769977092452e-07,0.7675000000000001
./Datasets/KADID10K/images/I66_17_04.png,1.524203128155932e-07,0.6075
./Datasets/KADID10K/images/I66_17_05.png,8.489866741001606e-05,0.15000000000000002
./Datasets/KADID10K/images/I66_18_01.png,3.1292424296225363e-07,0.8674999999999999
./Datasets/KADID10K/images/I66_18_02.png,3.379257407232217e-07,0.8925000000000001
./Datasets/KADID10K/images/I66_18_03.png,5.223050152380893e-07,0.8925000000000001
./Datasets/KADID10K/images/I66_18_04.png,3.184460695138114e-08,0.8174999999999999
./Datasets/KADID10K/images/I66_18_05.png,2.9656405331479618e-08,0.7175
./Datasets/KADID10K/images/I66_19_01.png,4.571285444399109e-06,0.8425
./Datasets/KADID10K/images/I66_19_02.png,8.387221896555275e-05,0.7175
./Datasets/KADID10K/images/I66_19_03.png,0.008573330007493496,0.6075
./Datasets/KADID10K/images/I66_19_04.png,0.23226188123226166,0.23249999999999998
./Datasets/KADID10K/images/I66_19_05.png,0.15121792256832123,0.07250000000000001
./Datasets/KADID10K/images/I66_20_01.png,5.595381935563637e-07,0.8799999999999999
./Datasets/KADID10K/images/I66_20_02.png,8.440075021098892e-07,0.825
./Datasets/KADID10K/images/I66_20_03.png,1.3061060144536896e-06,0.625
./Datasets/KADID10K/images/I66_20_04.png,1.6658174217809574e-06,0.475
./Datasets/KADID10K/images/I66_20_05.png,1.8742416614259128e-06,0.7
./Datasets/KADID10K/images/I66_21_01.png,4.884770078206202e-06,0.7325
./Datasets/KADID10K/images/I66_21_02.png,7.362692122114822e-05,0.36750000000000005
./Datasets/KADID10K/images/I66_21_03.png,0.0014877929352223873,0.4075
./Datasets/KADID10K/images/I66_21_04.png,0.004224703647196293,0.5675
./Datasets/KADID10K/images/I66_21_05.png,0.42309242486953735,0.0675
./Datasets/KADID10K/images/I66_22_01.png,1.9017315935343504e-06,0.8325
./Datasets/KADID10K/images/I66_22_02.png,7.866191481298301e-06,0.825
./Datasets/KADID10K/images/I66_22_03.png,4.4693770178128034e-05,0.5
./Datasets/KADID10K/images/I66_22_04.png,2.738958028203342e-05,0.6325
./Datasets/KADID10K/images/I66_22_05.png,0.00012640596833080053,0.475
./Datasets/KADID10K/images/I66_23_01.png,8.065228485065745e-07,0.32499999999999996
./Datasets/KADID10K/images/I66_23_02.png,1.3508691836250364e-06,0.40249999999999997
./Datasets/KADID10K/images/I66_23_03.png,4.519515641732141e-06,0.42500000000000004
./Datasets/KADID10K/images/I66_23_04.png,5.802728082926478e-06,0.3075
./Datasets/KADID10K/images/I66_23_05.png,2.1715448383474723e-05,0.2925
./Datasets/KADID10K/images/I66_24_01.png,2.7875456609649518e-08,0.5925
./Datasets/KADID10K/images/I66_24_02.png,4.116418779176456e-07,0.32499999999999996
./Datasets/KADID10K/images/I66_24_03.png,3.428410991546116e-06,0.20750000000000002
./Datasets/KADID10K/images/I66_24_04.png,8.336373139172792e-05,0.1925
./Datasets/KADID10K/images/I66_24_05.png,0.0003607414837460965,0.04999999999999999
./Datasets/KADID10K/images/I66_25_01.png,1.6832924387699677e-08,0.6075
./Datasets/KADID10K/images/I66_25_02.png,1.578895769682731e-08,0.6825
./Datasets/KADID10K/images/I66_25_03.png,6.559787379956106e-08,0.7925
./Datasets/KADID10K/images/I66_25_04.png,1.8954884808408679e-06,0.8075000000000001
./Datasets/KADID10K/images/I66_25_05.png,1.60827021318255e-05,0.5425
./Datasets/KADID10K/images/I67_01_01.png,0.03504923731088638,0.9075
./Datasets/KADID10K/images/I67_01_02.png,0.14550524950027466,0.9075
./Datasets/KADID10K/images/I67_01_03.png,0.3970918357372284,0.525
./Datasets/KADID10K/images/I67_01_04.png,0.5580765604972839,0.22499999999999998
./Datasets/KADID10K/images/I67_01_05.png,0.796049177646637,0.0675
./Datasets/KADID10K/images/I67_02_01.png,0.2901606559753418,0.725
./Datasets/KADID10K/images/I67_02_02.png,0.44691354036331177,0.44999999999999996
./Datasets/KADID10K/images/I67_02_03.png,0.5896713733673096,0.175
./Datasets/KADID10K/images/I67_02_04.png,0.6671169996261597,0.10749999999999998
./Datasets/KADID10K/images/I67_02_05.png,0.7264910340309143,0.04249999999999998
./Datasets/KADID10K/images/I67_03_01.png,0.03504923731088638,0.875
./Datasets/KADID10K/images/I67_03_02.png,0.22182276844978333,0.8425
./Datasets/KADID10K/images/I67_03_03.png,0.35328689217567444,0.42500000000000004
./Datasets/KADID10K/images/I67_03_04.png,0.4485301375389099,0.375
./Datasets/KADID10K/images/I67_03_05.png,0.5033700466156006,0.15749999999999997
./Datasets/KADID10K/images/I67_04_01.png,0.051793791353702545,0.8174999999999999
./Datasets/KADID10K/images/I67_04_02.png,0.15785418450832367,0.15749999999999997
./Datasets/KADID10K/images/I67_04_03.png,0.23518039286136627,0.07500000000000001
./Datasets/KADID10K/images/I67_04_04.png,0.23426860570907593,0.03999999999999998
./Datasets/KADID10K/images/I67_04_05.png,0.28809499740600586,0.017500000000000016
./Datasets/KADID10K/images/I67_05_01.png,0.15022064745426178,0.825
./Datasets/KADID10K/images/I67_05_02.png,0.18731847405433655,0.3325
./Datasets/KADID10K/images/I67_05_03.png,0.24315457046031952,0.26749999999999996
./Datasets/KADID10K/images/I67_05_04.png,0.26555371284484863,0.25749999999999995
./Datasets/KADID10K/images/I67_05_05.png,0.26248830556869507,0.30000000000000004
./Datasets/KADID10K/images/I67_06_01.png,0.08853752911090851,0.6175
./Datasets/KADID10K/images/I67_06_02.png,0.07872699946165085,0.6
./Datasets/KADID10K/images/I67_06_03.png,0.07883519679307938,0.48250000000000004
./Datasets/KADID10K/images/I67_06_04.png,0.09170404821634293,0.36750000000000005
./Datasets/KADID10K/images/I67_06_05.png,0.03109443560242653,0.21750000000000003
./Datasets/KADID10K/images/I67_07_01.png,0.09359469264745712,0.4
./Datasets/KADID10K/images/I67_07_02.png,0.15738625824451447,0.175
./Datasets/KADID10K/images/I67_07_03.png,0.16902737319469452,0.4425
./Datasets/KADID10K/images/I67_07_04.png,0.146174356341362,0.275
./Datasets/KADID10K/images/I67_07_05.png,0.09725549072027206,0.25
./Datasets/KADID10K/images/I67_08_01.png,0.03504923731088638,0.8825000000000001
./Datasets/KADID10K/images/I67_08_02.png,0.06304005533456802,0.375
./Datasets/KADID10K/images/I67_08_03.png,0.14247596263885498,0.15749999999999997
./Datasets/KADID10K/images/I67_08_04.png,0.15250197052955627,0.09250000000000003
./Datasets/KADID10K/images/I67_08_05.png,0.18951646983623505,0.017500000000000016
./Datasets/KADID10K/images/I67_09_01.png,0.08163164556026459,0.9175
./Datasets/KADID10K/images/I67_09_02.png,0.25218039751052856,0.8174999999999999
./Datasets/KADID10K/images/I67_09_03.png,0.35785141587257385,0.65
./Datasets/KADID10K/images/I67_09_04.png,0.610618531703949,0.26749999999999996
./Datasets/KADID10K/images/I67_09_05.png,0.8079474568367004,0.03249999999999997
./Datasets/KADID10K/images/I67_10_01.png,0.17187745869159698,0.8500000000000001
./Datasets/KADID10K/images/I67_10_02.png,0.18036457896232605,0.825
./Datasets/KADID10K/images/I67_10_03.png,0.268150269985199,0.7425
./Datasets/KADID10K/images/I67_10_04.png,0.5944989323616028,0.21750000000000003
./Datasets/KADID10K/images/I67_10_05.png,0.7289735078811646,0.025000000000000022
./Datasets/KADID10K/images/I67_11_01.png,0.08280463516712189,0.7175
./Datasets/KADID10K/images/I67_11_02.png,0.1699264645576477,0.605
./Datasets/KADID10K/images/I67_11_03.png,0.20443987846374512,0.48250000000000004
./Datasets/KADID10K/images/I67_11_04.png,0.3419838845729828,0.4
./Datasets/KADID10K/images/I67_11_05.png,0.43273475766181946,0.32499999999999996
./Datasets/KADID10K/images/I67_12_01.png,0.04628682881593704,0.8925000000000001
./Datasets/KADID10K/images/I67_12_02.png,0.1584681123495102,0.65
./Datasets/KADID10K/images/I67_12_03.png,0.27169185876846313,0.5425
./Datasets/KADID10K/images/I67_12_04.png,0.3669935464859009,0.4075
./Datasets/KADID10K/images/I67_12_05.png,0.4321465790271759,0.35750000000000004
./Datasets/KADID10K/images/I67_13_01.png,0.023531433194875717,0.575
./Datasets/KADID10K/images/I67_13_02.png,0.04842066764831543,0.5075
./Datasets/KADID10K/images/I67_13_03.png,0.04190187528729439,0.42500000000000004
./Datasets/KADID10K/images/I67_13_04.png,0.13321606814861298,0.39249999999999996
./Datasets/KADID10K/images/I67_13_05.png,0.2758496403694153,0.26749999999999996
./Datasets/KADID10K/images/I67_14_01.png,0.04085439443588257,0.8674999999999999
./Datasets/KADID10K/images/I67_14_02.png,0.08266237378120422,0.6675
./Datasets/KADID10K/images/I67_14_03.png,0.17645859718322754,0.5325
./Datasets/KADID10K/images/I67_14_04.png,0.2751127779483795,0.38249999999999995
./Datasets/KADID10K/images/I67_14_05.png,0.40840306878089905,0.30000000000000004
./Datasets/KADID10K/images/I67_15_01.png,0.33701977133750916,0.65
./Datasets/KADID10K/images/I67_15_02.png,0.4890144169330597,0.38249999999999995
./Datasets/KADID10K/images/I67_15_03.png,0.5772185325622559,0.25
./Datasets/KADID10K/images/I67_15_04.png,0.6490426063537598,0.16749999999999998
./Datasets/KADID10K/images/I67_15_05.png,0.7258161306381226,0.125
./Datasets/KADID10K/images/I67_16_01.png,0.041680119931697845,0.8
./Datasets/KADID10K/images/I67_16_02.png,0.04892437532544136,0.75
./Datasets/KADID10K/images/I67_16_03.png,0.049645740538835526,0.6075
./Datasets/KADID10K/images/I67_16_04.png,0.03792142495512962,0.44999999999999996
./Datasets/KADID10K/images/I67_16_05.png,0.07818275690078735,0.20750000000000002
./Datasets/KADID10K/images/I67_17_01.png,0.030937518924474716,0.8925000000000001
./Datasets/KADID10K/images/I67_17_02.png,0.026567500084638596,0.8574999999999999
./Datasets/KADID10K/images/I67_17_03.png,0.018369035795331,0.7425
./Datasets/KADID10K/images/I67_17_04.png,0.005964796990156174,0.5825
./Datasets/KADID10K/images/I67_17_05.png,0.000725057499948889,0.2825
./Datasets/KADID10K/images/I67_18_01.png,0.028474945574998856,0.8
./Datasets/KADID10K/images/I67_18_02.png,0.03302039951086044,0.8574999999999999
./Datasets/KADID10K/images/I67_18_03.png,0.03504923731088638,0.9325000000000001
./Datasets/KADID10K/images/I67_18_04.png,0.01299649104475975,0.8425
./Datasets/KADID10K/images/I67_18_05.png,0.00641764746978879,0.735
./Datasets/KADID10K/images/I67_19_01.png,0.06426011770963669,0.8425
./Datasets/KADID10K/images/I67_19_02.png,0.11767616122961044,0.7275
./Datasets/KADID10K/images/I67_19_03.png,0.2191375494003296,0.5675
./Datasets/KADID10K/images/I67_19_04.png,0.4276804029941559,0.25
./Datasets/KADID10K/images/I67_19_05.png,0.5387932062149048,0.09999999999999998
./Datasets/KADID10K/images/I67_20_01.png,0.03732214868068695,0.8075000000000001
./Datasets/KADID10K/images/I67_20_02.png,0.02999352477490902,0.8325
./Datasets/KADID10K/images/I67_20_03.png,0.05081625655293465,0.7075
./Datasets/KADID10K/images/I67_20_04.png,0.04364071413874626,0.275
./Datasets/KADID10K/images/I67_20_05.png,0.05803772807121277,0.5325
./Datasets/KADID10K/images/I67_21_01.png,0.04824776574969292,0.7675000000000001
./Datasets/KADID10K/images/I67_21_02.png,0.05650107562541962,0.38249999999999995
./Datasets/KADID10K/images/I67_21_03.png,0.15108023583889008,0.36750000000000005
./Datasets/KADID10K/images/I67_21_04.png,0.24419920146465302,0.26749999999999996
./Datasets/KADID10K/images/I67_21_05.png,0.5430750846862793,0.04999999999999999
./Datasets/KADID10K/images/I67_22_01.png,0.045275717973709106,0.95
./Datasets/KADID10K/images/I67_22_02.png,0.04773624241352081,0.8925000000000001
./Datasets/KADID10K/images/I67_22_03.png,0.05302036553621292,0.8325
./Datasets/KADID10K/images/I67_22_04.png,0.05507029592990875,0.8
./Datasets/KADID10K/images/I67_22_05.png,0.11035843938589096,0.5575
./Datasets/KADID10K/images/I67_23_01.png,0.03815184533596039,0.6325
./Datasets/KADID10K/images/I67_23_02.png,0.050528716295957565,0.2825
./Datasets/KADID10K/images/I67_23_03.png,0.06739360094070435,0.38249999999999995
./Datasets/KADID10K/images/I67_23_04.png,0.05872105434536934,0.3325
./Datasets/KADID10K/images/I67_23_05.png,0.15357665717601776,0.25749999999999995
./Datasets/KADID10K/images/I67_24_01.png,0.006051975302398205,0.5575
./Datasets/KADID10K/images/I67_24_02.png,0.0033741870429366827,0.35
./Datasets/KADID10K/images/I67_24_03.png,0.002145483624190092,0.22499999999999998
./Datasets/KADID10K/images/I67_24_04.png,0.002495375694707036,0.10749999999999998
./Datasets/KADID10K/images/I67_24_05.png,0.004835399333387613,0.03249999999999997
./Datasets/KADID10K/images/I67_25_01.png,0.0026756664738059044,0.5575
./Datasets/KADID10K/images/I67_25_02.png,0.005315814167261124,0.7575000000000001
./Datasets/KADID10K/images/I67_25_03.png,0.012158195488154888,0.7675000000000001
./Datasets/KADID10K/images/I67_25_04.png,0.08917335420846939,0.6925
./Datasets/KADID10K/images/I67_25_05.png,0.17630742490291595,0.5675
./Datasets/KADID10K/images/I68_01_01.png,0.05793072283267975,0.9175
./Datasets/KADID10K/images/I68_01_02.png,0.15029320120811462,0.8325
./Datasets/KADID10K/images/I68_01_03.png,0.3212328851222992,0.4
./Datasets/KADID10K/images/I68_01_04.png,0.5092564821243286,0.16749999999999998
./Datasets/KADID10K/images/I68_01_05.png,0.7297561168670654,0.04249999999999998
./Datasets/KADID10K/images/I68_02_01.png,0.21733158826828003,0.65
./Datasets/KADID10K/images/I68_02_02.png,0.38343939185142517,0.30000000000000004
./Datasets/KADID10K/images/I68_02_03.png,0.5261169075965881,0.125
./Datasets/KADID10K/images/I68_02_04.png,0.5813905596733093,0.065
./Datasets/KADID10K/images/I68_02_05.png,0.6324434876441956,0.015000000000000013
./Datasets/KADID10K/images/I68_03_01.png,0.05793072283267975,0.8925000000000001
./Datasets/KADID10K/images/I68_03_02.png,0.17492233216762543,0.7749999999999999
./Datasets/KADID10K/images/I68_03_03.png,0.24802669882774353,0.35750000000000004
./Datasets/KADID10K/images/I68_03_04.png,0.3451245427131653,0.25
./Datasets/KADID10K/images/I68_03_05.png,0.4289931654930115,0.09999999999999998
./Datasets/KADID10K/images/I68_04_01.png,0.037770286202430725,0.8574999999999999
./Datasets/KADID10K/images/I68_04_02.png,0.2967199683189392,0.5075
./Datasets/KADID10K/images/I68_04_03.png,0.2938641309738159,0.1925
./Datasets/KADID10K/images/I68_04_04.png,0.2108561396598816,0.1175
./Datasets/KADID10K/images/I68_04_05.png,0.23115868866443634,0.07500000000000001
./Datasets/KADID10K/images/I68_05_01.png,0.10669685900211334,0.7675000000000001
./Datasets/KADID10K/images/I68_05_02.png,0.17369362711906433,0.2925
./Datasets/KADID10K/images/I68_05_03.png,0.1965123414993286,0.125
./Datasets/KADID10K/images/I68_05_04.png,0.17763052880764008,0.1925
./Datasets/KADID10K/images/I68_05_05.png,0.21265554428100586,0.1925
./Datasets/KADID10K/images/I68_06_01.png,0.028264278545975685,0.625
./Datasets/KADID10K/images/I68_06_02.png,0.025846941396594048,0.6075
./Datasets/KADID10K/images/I68_06_03.png,0.0216496754437685,0.525
./Datasets/KADID10K/images/I68_06_04.png,0.025075053796172142,0.49250000000000005
./Datasets/KADID10K/images/I68_06_05.png,0.026861203834414482,0.29000000000000004
./Datasets/KADID10K/images/I68_07_01.png,0.0755186602473259,0.4325
./Datasets/KADID10K/images/I68_07_02.png,0.10792508721351624,0.3175
./Datasets/KADID10K/images/I68_07_03.png,0.18447160720825195,0.26749999999999996
./Datasets/KADID10K/images/I68_07_04.png,0.2831503450870514,0.21750000000000003
./Datasets/KADID10K/images/I68_07_05.png,0.38794371485710144,0.1175
./Datasets/KADID10K/images/I68_08_01.png,0.05793072283267975,0.925
./Datasets/KADID10K/images/I68_08_02.png,0.24511760473251343,0.5675
./Datasets/KADID10K/images/I68_08_03.png,0.3229866623878479,0.375
./Datasets/KADID10K/images/I68_08_04.png,0.3526614308357239,0.2
./Datasets/KADID10K/images/I68_08_05.png,0.3618280291557312,0.16749999999999998
./Datasets/KADID10K/images/I68_09_01.png,0.1661524921655655,0.9175
./Datasets/KADID10K/images/I68_09_02.png,0.2316409945487976,0.8
./Datasets/KADID10K/images/I68_09_03.png,0.2882099151611328,0.6625
./Datasets/KADID10K/images/I68_09_04.png,0.4496879279613495,0.26749999999999996
./Datasets/KADID10K/images/I68_09_05.png,0.6953649520874023,0.0675
./Datasets/KADID10K/images/I68_10_01.png,0.16190923750400543,0.8
./Datasets/KADID10K/images/I68_10_02.png,0.19532305002212524,0.7825
./Datasets/KADID10K/images/I68_10_03.png,0.26476743817329407,0.65
./Datasets/KADID10K/images/I68_10_04.png,0.5656894445419312,0.2425
./Datasets/KADID10K/images/I68_10_05.png,0.7507805824279785,0.057499999999999996
./Datasets/KADID10K/images/I68_11_01.png,0.2463432401418686,0.725
./Datasets/KADID10K/images/I68_11_02.png,0.29417937994003296,0.5175
./Datasets/KADID10K/images/I68_11_03.png,0.31273066997528076,0.4325
./Datasets/KADID10K/images/I68_11_04.png,0.3770407736301422,0.44999999999999996
./Datasets/KADID10K/images/I68_11_05.png,0.4849712550640106,0.2925
./Datasets/KADID10K/images/I68_12_01.png,0.16110074520111084,0.8325
./Datasets/KADID10K/images/I68_12_02.png,0.2879592478275299,0.55
./Datasets/KADID10K/images/I68_12_03.png,0.3043040931224823,0.49250000000000005
./Datasets/KADID10K/images/I68_12_04.png,0.42209282517433167,0.375
./Datasets/KADID10K/images/I68_12_05.png,0.4642724394798279,0.2425
./Datasets/KADID10K/images/I68_13_01.png,0.022150497883558273,0.575
./Datasets/KADID10K/images/I68_13_02.png,0.0386357456445694,0.475
./Datasets/KADID10K/images/I68_13_03.png,0.0399344339966774,0.4425
./Datasets/KADID10K/images/I68_13_04.png,0.043663304299116135,0.3075
./Datasets/KADID10K/images/I68_13_05.png,0.12056247889995575,0.38249999999999995
./Datasets/KADID10K/images/I68_14_01.png,0.1316797137260437,0.8999999999999999
./Datasets/KADID10K/images/I68_14_02.png,0.2398672252893448,0.5825
./Datasets/KADID10K/images/I68_14_03.png,0.2851161062717438,0.475
./Datasets/KADID10K/images/I68_14_04.png,0.41464802622795105,0.375
./Datasets/KADID10K/images/I68_14_05.png,0.4969618022441864,0.21750000000000003
./Datasets/KADID10K/images/I68_15_01.png,0.2959875762462616,0.6575
./Datasets/KADID10K/images/I68_15_02.png,0.4429664611816406,0.3375
./Datasets/KADID10K/images/I68_15_03.png,0.5000908374786377,0.25
./Datasets/KADID10K/images/I68_15_04.png,0.5761357545852661,0.09999999999999998
./Datasets/KADID10K/images/I68_15_05.png,0.6391959190368652,0.08250000000000002
./Datasets/KADID10K/images/I68_16_01.png,0.0681280791759491,0.9325000000000001
./Datasets/KADID10K/images/I68_16_02.png,0.06973951309919357,0.8574999999999999
./Datasets/KADID10K/images/I68_16_03.png,0.05826490372419357,0.575
./Datasets/KADID10K/images/I68_16_04.png,0.06431815773248672,0.175
./Datasets/KADID10K/images/I68_16_05.png,0.22653423249721527,0.125
./Datasets/KADID10K/images/I68_17_01.png,0.05536337569355965,0.875
./Datasets/KADID10K/images/I68_17_02.png,0.05188855156302452,0.925
./Datasets/KADID10K/images/I68_17_03.png,0.04511592909693718,0.8174999999999999
./Datasets/KADID10K/images/I68_17_04.png,0.026525327935814857,0.65
./Datasets/KADID10K/images/I68_17_05.png,0.018492434173822403,0.3175
./Datasets/KADID10K/images/I68_18_01.png,0.04859934747219086,0.7575000000000001
./Datasets/KADID10K/images/I68_18_02.png,0.06302506476640701,0.9075
./Datasets/KADID10K/images/I68_18_03.png,0.05793072283267975,0.8999999999999999
./Datasets/KADID10K/images/I68_18_04.png,0.05100589245557785,0.8825000000000001
./Datasets/KADID10K/images/I68_18_05.png,0.034937355667352676,0.8
./Datasets/KADID10K/images/I68_19_01.png,0.1156485453248024,0.8999999999999999
./Datasets/KADID10K/images/I68_19_02.png,0.17865599691867828,0.8
./Datasets/KADID10K/images/I68_19_03.png,0.30686089396476746,0.4425
./Datasets/KADID10K/images/I68_19_04.png,0.39476707577705383,0.1925
./Datasets/KADID10K/images/I68_19_05.png,0.3007773458957672,0.04999999999999999
./Datasets/KADID10K/images/I68_20_01.png,0.06731735914945602,0.8574999999999999
./Datasets/KADID10K/images/I68_20_02.png,0.07486317306756973,0.75
./Datasets/KADID10K/images/I68_20_03.png,0.05836201086640358,0.8999999999999999
./Datasets/KADID10K/images/I68_20_04.png,0.13611476123332977,0.4675
./Datasets/KADID10K/images/I68_20_05.png,0.1184099093079567,0.6325
./Datasets/KADID10K/images/I68_21_01.png,0.10051865875720978,0.8075000000000001
./Datasets/KADID10K/images/I68_21_02.png,0.14655089378356934,0.44999999999999996
./Datasets/KADID10K/images/I68_21_03.png,0.17654526233673096,0.44499999999999995
./Datasets/KADID10K/images/I68_21_04.png,0.15994130074977875,0.4075
./Datasets/KADID10K/images/I68_21_05.png,0.3733418583869934,0.10749999999999998
./Datasets/KADID10K/images/I68_22_01.png,0.13466788828372955,0.8174999999999999
./Datasets/KADID10K/images/I68_22_02.png,0.16984067857265472,0.675
./Datasets/KADID10K/images/I68_22_03.png,0.23126380145549774,0.6925
./Datasets/KADID10K/images/I68_22_04.png,0.25913873314857483,0.5825
./Datasets/KADID10K/images/I68_22_05.png,0.3106210231781006,0.475
./Datasets/KADID10K/images/I68_23_01.png,0.08229178190231323,0.39249999999999996
./Datasets/KADID10K/images/I68_23_02.png,0.10006175190210342,0.375
./Datasets/KADID10K/images/I68_23_03.png,0.11448893696069717,0.375
./Datasets/KADID10K/images/I68_23_04.png,0.12660948932170868,0.30000000000000004
./Datasets/KADID10K/images/I68_23_05.png,0.21387536823749542,0.23249999999999998
./Datasets/KADID10K/images/I68_24_01.png,0.005619084928184748,0.5425
./Datasets/KADID10K/images/I68_24_02.png,0.0031687882728874683,0.23249999999999998
./Datasets/KADID10K/images/I68_24_03.png,0.0028382136952131987,0.20750000000000002
./Datasets/KADID10K/images/I68_24_04.png,0.0008425936684943736,0.14500000000000002
./Datasets/KADID10K/images/I68_24_05.png,0.0018521792953833938,0.025000000000000022
./Datasets/KADID10K/images/I68_25_01.png,0.02443995699286461,0.625
./Datasets/KADID10K/images/I68_25_02.png,0.0313977412879467,0.8075000000000001
./Datasets/KADID10K/images/I68_25_03.png,0.04718818888068199,0.8674999999999999
./Datasets/KADID10K/images/I68_25_04.png,0.0978250578045845,0.7575000000000001
./Datasets/KADID10K/images/I68_25_05.png,0.13142195343971252,0.6
./Datasets/KADID10K/images/I69_01_01.png,0.006043754518032074,0.8700000000000001
./Datasets/KADID10K/images/I69_01_02.png,0.04529419168829918,0.9075
./Datasets/KADID10K/images/I69_01_03.png,0.24040110409259796,0.6
./Datasets/KADID10K/images/I69_01_04.png,0.49964988231658936,0.2825
./Datasets/KADID10K/images/I69_01_05.png,0.8262698650360107,0.09999999999999998
./Datasets/KADID10K/images/I69_02_01.png,0.1143466979265213,0.7575000000000001
./Datasets/KADID10K/images/I69_02_02.png,0.26731419563293457,0.5575
./Datasets/KADID10K/images/I69_02_03.png,0.5551019310951233,0.125
./Datasets/KADID10K/images/I69_02_04.png,0.6472024321556091,0.09999999999999998
./Datasets/KADID10K/images/I69_02_05.png,0.7333808541297913,0.09999999999999998
./Datasets/KADID10K/images/I69_03_01.png,0.006043754518032074,0.875
./Datasets/KADID10K/images/I69_03_02.png,0.04684968665242195,0.7749999999999999
./Datasets/KADID10K/images/I69_03_03.png,0.2913142144680023,0.575
./Datasets/KADID10K/images/I69_03_04.png,0.380083829164505,0.35
./Datasets/KADID10K/images/I69_03_05.png,0.433655321598053,0.21750000000000003
./Datasets/KADID10K/images/I69_04_01.png,0.004993174225091934,0.8474999999999999
./Datasets/KADID10K/images/I69_04_02.png,0.004127322230488062,0.49250000000000005
./Datasets/KADID10K/images/I69_04_03.png,0.0014392526354640722,0.14250000000000002
./Datasets/KADID10K/images/I69_04_04.png,0.0024893060326576233,0.07500000000000001
./Datasets/KADID10K/images/I69_04_05.png,0.004740247968584299,0.04249999999999998
./Datasets/KADID10K/images/I69_05_01.png,0.023918701335787773,0.8999999999999999
./Datasets/KADID10K/images/I69_05_02.png,0.10684540867805481,0.5
./Datasets/KADID10K/images/I69_05_03.png,0.1756751388311386,0.23249999999999998
./Datasets/KADID10K/images/I69_05_04.png,0.19408810138702393,0.2825
./Datasets/KADID10K/images/I69_05_05.png,0.19436638057231903,0.36750000000000005
./Datasets/KADID10K/images/I69_06_01.png,0.0006141458288766444,0.8174999999999999
./Datasets/KADID10K/images/I69_06_02.png,0.00015963662008289248,0.675
./Datasets/KADID10K/images/I69_06_03.png,0.000359978002961725,0.6575
./Datasets/KADID10K/images/I69_06_04.png,0.000153085493366234,0.5675
./Datasets/KADID10K/images/I69_06_05.png,2.152473280148115e-05,0.4325
./Datasets/KADID10K/images/I69_07_01.png,0.04079285264015198,0.36750000000000005
./Datasets/KADID10K/images/I69_07_02.png,0.07918191701173782,0.37
./Datasets/KADID10K/images/I69_07_03.png,0.12621890008449554,0.34750000000000003
./Datasets/KADID10K/images/I69_07_04.png,0.14875607192516327,0.32499999999999996
./Datasets/KADID10K/images/I69_07_05.png,0.10740812122821808,0.395
./Datasets/KADID10K/images/I69_08_01.png,0.006043754518032074,0.825
./Datasets/KADID10K/images/I69_08_02.png,0.007586181629449129,0.6725
./Datasets/KADID10K/images/I69_08_03.png,0.01756659336388111,0.5575
./Datasets/KADID10K/images/I69_08_04.png,0.12662315368652344,0.25
./Datasets/KADID10K/images/I69_08_05.png,0.24400420486927032,0.14250000000000002
./Datasets/KADID10K/images/I69_09_01.png,0.01824098825454712,0.825
./Datasets/KADID10K/images/I69_09_02.png,0.08743374794721603,0.9175
./Datasets/KADID10K/images/I69_09_03.png,0.1507701873779297,0.8
./Datasets/KADID10K/images/I69_09_04.png,0.5303401350975037,0.525
./Datasets/KADID10K/images/I69_09_05.png,0.7646836638450623,0.1325
./Datasets/KADID10K/images/I69_10_01.png,0.09003105759620667,0.7675000000000001
./Datasets/KADID10K/images/I69_10_02.png,0.13919077813625336,0.7675000000000001
./Datasets/KADID10K/images/I69_10_03.png,0.28223901987075806,0.75
./Datasets/KADID10K/images/I69_10_04.png,0.7055845856666565,0.25749999999999995
./Datasets/KADID10K/images/I69_10_05.png,0.8883390426635742,0.0675
./Datasets/KADID10K/images/I69_11_01.png,0.14386193454265594,0.7
./Datasets/KADID10K/images/I69_11_02.png,0.32292163372039795,0.5675
./Datasets/KADID10K/images/I69_11_03.png,0.3809070587158203,0.5675
./Datasets/KADID10K/images/I69_11_04.png,0.46376925706863403,0.4425
./Datasets/KADID10K/images/I69_11_05.png,0.5174216032028198,0.3075
./Datasets/KADID10K/images/I69_12_01.png,0.03200479596853256,0.8425
./Datasets/KADID10K/images/I69_12_02.png,0.2442641705274582,0.5925
./Datasets/KADID10K/images/I69_12_03.png,0.37807026505470276,0.5325
./Datasets/KADID10K/images/I69_12_04.png,0.4800201654434204,0.4675
./Datasets/KADID10K/images/I69_12_05.png,0.4918055832386017,0.3175
./Datasets/KADID10K/images/I69_13_01.png,0.021360429003834724,0.7075
./Datasets/KADID10K/images/I69_13_02.png,0.02349516563117504,0.49250000000000005
./Datasets/KADID10K/images/I69_13_03.png,0.07964377105236053,0.4325
./Datasets/KADID10K/images/I69_13_04.png,0.21167705953121185,0.39249999999999996
./Datasets/KADID10K/images/I69_13_05.png,0.33688101172447205,0.2825
./Datasets/KADID10K/images/I69_14_01.png,0.009983674623072147,0.8999999999999999
./Datasets/KADID10K/images/I69_14_02.png,0.07342979311943054,0.7749999999999999
./Datasets/KADID10K/images/I69_14_03.png,0.12627148628234863,0.5425
./Datasets/KADID10K/images/I69_14_04.png,0.2463623434305191,0.48250000000000004
./Datasets/KADID10K/images/I69_14_05.png,0.42968395352363586,0.36750000000000005
./Datasets/KADID10K/images/I69_15_01.png,0.40490588545799255,0.6925
./Datasets/KADID10K/images/I69_15_02.png,0.5200561285018921,0.48250000000000004
./Datasets/KADID10K/images/I69_15_03.png,0.5542395114898682,0.36750000000000005
./Datasets/KADID10K/images/I69_15_04.png,0.647344708442688,0.14750000000000002
./Datasets/KADID10K/images/I69_15_05.png,0.6835265755653381,0.08250000000000002
./Datasets/KADID10K/images/I69_16_01.png,0.006144762504845858,0.8925000000000001
./Datasets/KADID10K/images/I69_16_02.png,0.0060244896449148655,0.7749999999999999
./Datasets/KADID10K/images/I69_16_03.png,0.0029642421286553144,0.6925
./Datasets/KADID10K/images/I69_16_04.png,0.00025492862914688885,0.5825
./Datasets/KADID10K/images/I69_16_05.png,0.0006132909911684692,0.35750000000000004
./Datasets/KADID10K/images/I69_17_01.png,0.005631490610539913,0.9175
./Datasets/KADID10K/images/I69_17_02.png,0.005058234091848135,0.9424999999999999
./Datasets/KADID10K/images/I69_17_03.png,0.003329754341393709,0.8174999999999999
./Datasets/KADID10K/images/I69_17_04.png,0.001156638259999454,0.625
./Datasets/KADID10K/images/I69_17_05.png,0.00023745591170154512,0.21750000000000003
./Datasets/KADID10K/images/I69_18_01.png,0.0010066005634143949,0.7675000000000001
./Datasets/KADID10K/images/I69_18_02.png,0.002784803742542863,0.8825000000000001
./Datasets/KADID10K/images/I69_18_03.png,0.006043754518032074,0.9175
./Datasets/KADID10K/images/I69_18_04.png,0.00046369893243536353,0.8574999999999999
./Datasets/KADID10K/images/I69_18_05.png,4.321687447372824e-05,0.7925
./Datasets/KADID10K/images/I69_19_01.png,0.025249594822525978,0.8174999999999999
./Datasets/KADID10K/images/I69_19_02.png,0.06991185247898102,0.7825
./Datasets/KADID10K/images/I69_19_03.png,0.17837564647197723,0.5075
./Datasets/KADID10K/images/I69_19_04.png,0.4325728714466095,0.25
./Datasets/KADID10K/images/I69_19_05.png,0.3934778571128845,0.07500000000000001
./Datasets/KADID10K/images/I69_20_01.png,0.006039971485733986,0.875
./Datasets/KADID10K/images/I69_20_02.png,0.010374382138252258,0.6575
./Datasets/KADID10K/images/I69_20_03.png,0.007899981923401356,0.825
./Datasets/KADID10K/images/I69_20_04.png,0.015374715439975262,0.7
./Datasets/KADID10K/images/I69_20_05.png,0.031254842877388,0.5925
./Datasets/KADID10K/images/I69_21_01.png,0.01924276165664196,0.65
./Datasets/KADID10K/images/I69_21_02.png,0.07710637897253036,0.55
./Datasets/KADID10K/images/I69_21_03.png,0.16160382330417633,0.5575
./Datasets/KADID10K/images/I69_21_04.png,0.23510430753231049,0.5575
./Datasets/KADID10K/images/I69_21_05.png,0.5619758367538452,0.14250000000000002
./Datasets/KADID10K/images/I69_22_01.png,0.025489727035164833,0.8075000000000001
./Datasets/KADID10K/images/I69_22_02.png,0.07628308236598969,0.8325
./Datasets/KADID10K/images/I69_22_03.png,0.070918969810009,0.7675000000000001
./Datasets/KADID10K/images/I69_22_04.png,0.055869173258543015,0.6925
./Datasets/KADID10K/images/I69_22_05.png,0.08992848545312881,0.4675
./Datasets/KADID10K/images/I69_23_01.png,0.0071816095151007175,0.30000000000000004
./Datasets/KADID10K/images/I69_23_02.png,0.009122434072196484,0.42000000000000004
./Datasets/KADID10K/images/I69_23_03.png,0.013322100043296814,0.35750000000000004
./Datasets/KADID10K/images/I69_23_04.png,0.02657298929989338,0.4
./Datasets/KADID10K/images/I69_23_05.png,0.09251322597265244,0.26749999999999996
./Datasets/KADID10K/images/I69_24_01.png,2.0906058125547133e-05,0.7175
./Datasets/KADID10K/images/I69_24_02.png,1.6917920220294036e-06,0.6
./Datasets/KADID10K/images/I69_24_03.png,1.6523054000572301e-06,0.36750000000000005
./Datasets/KADID10K/images/I69_24_04.png,1.1392590749892406e-05,0.125
./Datasets/KADID10K/images/I69_24_05.png,0.0006422125152312219,0.09250000000000003
./Datasets/KADID10K/images/I69_25_01.png,2.147662371498882e-06,0.6325
./Datasets/KADID10K/images/I69_25_02.png,2.5632596589275636e-05,0.7675000000000001
./Datasets/KADID10K/images/I69_25_03.png,0.0002980578865390271,0.875
./Datasets/KADID10K/images/I69_25_04.png,0.0695037692785263,0.6825
./Datasets/KADID10K/images/I69_25_05.png,0.2238920032978058,0.48250000000000004
./Datasets/KADID10K/images/I70_01_01.png,0.0008302218629978597,0.9325000000000001
./Datasets/KADID10K/images/I70_01_02.png,0.023727744817733765,0.9325000000000001
./Datasets/KADID10K/images/I70_01_03.png,0.27030032873153687,0.475
./Datasets/KADID10K/images/I70_01_04.png,0.5790543556213379,0.23249999999999998
./Datasets/KADID10K/images/I70_01_05.png,0.8722410202026367,0.057499999999999996
./Datasets/KADID10K/images/I70_02_01.png,0.13675469160079956,0.8075000000000001
./Datasets/KADID10K/images/I70_02_02.png,0.3360160291194916,0.42500000000000004
./Datasets/KADID10K/images/I70_02_03.png,0.6277127861976624,0.1925
./Datasets/KADID10K/images/I70_02_04.png,0.7915788292884827,0.15749999999999997
./Datasets/KADID10K/images/I70_02_05.png,0.8546396493911743,0.057499999999999996
./Datasets/KADID10K/images/I70_03_01.png,0.0008302218629978597,0.9075
./Datasets/KADID10K/images/I70_03_02.png,0.043102163821458817,0.875
./Datasets/KADID10K/images/I70_03_03.png,0.1373382806777954,0.48250000000000004
./Datasets/KADID10K/images/I70_03_04.png,0.2898867130279541,0.2925
./Datasets/KADID10K/images/I70_03_05.png,0.33160749077796936,0.1825
./Datasets/KADID10K/images/I70_04_01.png,0.0010047485120594501,0.9075
./Datasets/KADID10K/images/I70_04_02.png,0.005811589304357767,0.48250000000000004
./Datasets/KADID10K/images/I70_04_03.png,0.00379634159617126,0.1825
./Datasets/KADID10K/images/I70_04_04.png,0.0015254347817972302,0.08250000000000002
./Datasets/KADID10K/images/I70_04_05.png,0.002129417611286044,0.08250000000000002
./Datasets/KADID10K/images/I70_05_01.png,0.027396706864237785,0.8075000000000001
./Datasets/KADID10K/images/I70_05_02.png,0.11549090594053268,0.275
./Datasets/KADID10K/images/I70_05_03.png,0.21340587735176086,0.20750000000000002
./Datasets/KADID10K/images/I70_05_04.png,0.1878284364938736,0.22499999999999998
./Datasets/KADID10K/images/I70_05_05.png,0.20536640286445618,0.175
./Datasets/KADID10K/images/I70_06_01.png,0.0002812617749441415,0.7575000000000001
./Datasets/KADID10K/images/I70_06_02.png,0.0002103546867147088,0.725
./Datasets/KADID10K/images/I70_06_03.png,0.0001312531385337934,0.5575
./Datasets/KADID10K/images/I70_06_04.png,2.5373075914103538e-05,0.375
./Datasets/KADID10K/images/I70_06_05.png,2.6117018023796845e-06,0.16749999999999998
./Datasets/KADID10K/images/I70_07_01.png,0.00013280617713462561,0.32499999999999996
./Datasets/KADID10K/images/I70_07_02.png,0.0002882528060581535,0.2425
./Datasets/KADID10K/images/I70_07_03.png,0.0013489857083186507,0.2925
./Datasets/KADID10K/images/I70_07_04.png,0.0032309393864125013,0.32499999999999996
./Datasets/KADID10K/images/I70_07_05.png,0.010065156035125256,0.1925
./Datasets/KADID10K/images/I70_08_01.png,0.0008302218629978597,0.9325000000000001
./Datasets/KADID10K/images/I70_08_02.png,0.011310362257063389,0.7
./Datasets/KADID10K/images/I70_08_03.png,0.02014760673046112,0.4675
./Datasets/KADID10K/images/I70_08_04.png,0.04945104941725731,0.10749999999999998
./Datasets/KADID10K/images/I70_08_05.png,0.06302165985107422,0.057499999999999996
./Datasets/KADID10K/images/I70_09_01.png,0.0037074906285852194,0.8999999999999999
./Datasets/KADID10K/images/I70_09_02.png,0.026903077960014343,0.8825000000000001
./Datasets/KADID10K/images/I70_09_03.png,0.11602506041526794,0.7675000000000001
./Datasets/KADID10K/images/I70_09_04.png,0.5012257695198059,0.26749999999999996
./Datasets/KADID10K/images/I70_09_05.png,0.8360178470611572,0.057499999999999996
./Datasets/KADID10K/images/I70_10_01.png,0.05169163644313812,0.875
./Datasets/KADID10K/images/I70_10_02.png,0.06569208204746246,0.8500000000000001
./Datasets/KADID10K/images/I70_10_03.png,0.10377135127782822,0.7425
./Datasets/KADID10K/images/I70_10_04.png,0.6220558285713196,0.3075
./Datasets/KADID10K/images/I70_10_05.png,0.7799733281135559,0.057499999999999996
./Datasets/KADID10K/images/I70_11_01.png,0.010967410169541836,0.8500000000000001
./Datasets/KADID10K/images/I70_11_02.png,0.04494142532348633,0.625
./Datasets/KADID10K/images/I70_11_03.png,0.10955793410539627,0.4575
./Datasets/KADID10K/images/I70_11_04.png,0.15265250205993652,0.42500000000000004
./Datasets/KADID10K/images/I70_11_05.png,0.2588163912296295,0.25749999999999995
./Datasets/KADID10K/images/I70_12_01.png,0.0014642431633546948,0.9075
./Datasets/KADID10K/images/I70_12_02.png,0.041370924562215805,0.7575000000000001
./Datasets/KADID10K/images/I70_12_03.png,0.1022634208202362,0.525
./Datasets/KADID10K/images/I70_12_04.png,0.22122934460639954,0.375
./Datasets/KADID10K/images/I70_12_05.png,0.2795862555503845,0.38249999999999995
./Datasets/KADID10K/images/I70_13_01.png,0.00012915961269754916,0.6925
./Datasets/KADID10K/images/I70_13_02.png,4.487686601351015e-05,0.49250000000000005
./Datasets/KADID10K/images/I70_13_03.png,1.4199688848748337e-05,0.38249999999999995
./Datasets/KADID10K/images/I70_13_04.png,0.0006182588986121118,0.3075
./Datasets/KADID10K/images/I70_13_05.png,0.005002165213227272,0.26749999999999996
./Datasets/KADID10K/images/I70_14_01.png,0.0007477924227714539,0.8925000000000001
./Datasets/KADID10K/images/I70_14_02.png,0.004324696492403746,0.6825
./Datasets/KADID10K/images/I70_14_03.png,0.012251404114067554,0.5175
./Datasets/KADID10K/images/I70_14_04.png,0.03147400543093681,0.36750000000000005
./Datasets/KADID10K/images/I70_14_05.png,0.10845845192670822,0.275
./Datasets/KADID10K/images/I70_15_01.png,0.2957681715488434,0.7825
./Datasets/KADID10K/images/I70_15_02.png,0.46440833806991577,0.4675
./Datasets/KADID10K/images/I70_15_03.png,0.5350451469421387,0.375
./Datasets/KADID10K/images/I70_15_04.png,0.6176235675811768,0.1925
./Datasets/KADID10K/images/I70_15_05.png,0.6355004906654358,0.15000000000000002
./Datasets/KADID10K/images/I70_16_01.png,0.0007589600281789899,0.925
./Datasets/KADID10K/images/I70_16_02.png,0.0007142498507164419,0.925
./Datasets/KADID10K/images/I70_16_03.png,0.0005844373954460025,0.7575000000000001
./Datasets/KADID10K/images/I70_16_04.png,0.000415073154726997,0.4575
./Datasets/KADID10K/images/I70_16_05.png,0.002586180344223976,0.2825
./Datasets/KADID10K/images/I70_17_01.png,0.0008089338080026209,0.925
./Datasets/KADID10K/images/I70_17_02.png,0.0007543848478235304,0.925
./Datasets/KADID10K/images/I70_17_03.png,0.0006465198821388185,0.8825000000000001
./Datasets/KADID10K/images/I70_17_04.png,0.0004422245838213712,0.7425
./Datasets/KADID10K/images/I70_17_05.png,0.0005802554078400135,0.35750000000000004
./Datasets/KADID10K/images/I70_18_01.png,0.0004470905405469239,0.8425
./Datasets/KADID10K/images/I70_18_02.png,0.0005572147201746702,0.8925000000000001
./Datasets/KADID10K/images/I70_18_03.png,0.0008302218629978597,0.8999999999999999
./Datasets/KADID10K/images/I70_18_04.png,0.0007810486131347716,0.95
./Datasets/KADID10K/images/I70_18_05.png,0.0007580745732411742,0.8574999999999999
./Datasets/KADID10K/images/I70_19_01.png,0.01234898716211319,0.8574999999999999
./Datasets/KADID10K/images/I70_19_02.png,0.0589117705821991,0.725
./Datasets/KADID10K/images/I70_19_03.png,0.21827340126037598,0.5425
./Datasets/KADID10K/images/I70_19_04.png,0.4370972514152527,0.14250000000000002
./Datasets/KADID10K/images/I70_19_05.png,0.39102327823638916,0.09250000000000003
./Datasets/KADID10K/images/I70_20_01.png,0.001011948101222515,0.6925
./Datasets/KADID10K/images/I70_20_02.png,0.001181095140054822,0.7749999999999999
./Datasets/KADID10K/images/I70_20_03.png,0.002174300840124488,0.6325
./Datasets/KADID10K/images/I70_20_04.png,0.0013377321884036064,0.5425
./Datasets/KADID10K/images/I70_20_05.png,0.005444372072815895,0.185
./Datasets/KADID10K/images/I70_21_01.png,0.00833712238818407,0.6175
./Datasets/KADID10K/images/I70_21_02.png,0.020942838862538338,0.4
./Datasets/KADID10K/images/I70_21_03.png,0.07459006458520889,0.4425
./Datasets/KADID10K/images/I70_21_04.png,0.19115182757377625,0.30000000000000004
./Datasets/KADID10K/images/I70_21_05.png,0.3599981963634491,0.10749999999999998
./Datasets/KADID10K/images/I70_22_01.png,0.0005776899051852524,0.9075
./Datasets/KADID10K/images/I70_22_02.png,0.0011435585329309106,0.8825000000000001
./Datasets/KADID10K/images/I70_22_03.png,0.0016483354847878218,0.8425
./Datasets/KADID10K/images/I70_22_04.png,0.0022829638328403234,0.675
./Datasets/KADID10K/images/I70_22_05.png,0.009176434949040413,0.4325
./Datasets/KADID10K/images/I70_23_01.png,0.0010066359536722302,0.6
./Datasets/KADID10K/images/I70_23_02.png,0.0020073403138667345,0.35750000000000004
./Datasets/KADID10K/images/I70_23_03.png,0.01010525319725275,0.36750000000000005
./Datasets/KADID10K/images/I70_23_04.png,0.004277820698916912,0.4175
./Datasets/KADID10K/images/I70_23_05.png,0.0032276869751513004,0.3325
./Datasets/KADID10K/images/I70_24_01.png,6.911122181918472e-05,0.675
./Datasets/KADID10K/images/I70_24_02.png,0.00012385242735035717,0.3325
./Datasets/KADID10K/images/I70_24_03.png,0.00028728487086482346,0.25
./Datasets/KADID10K/images/I70_24_04.png,0.0004926265683025122,0.26749999999999996
./Datasets/KADID10K/images/I70_24_05.png,0.0014820286305621266,0.09250000000000003
./Datasets/KADID10K/images/I70_25_01.png,0.0007565066916868091,0.7
./Datasets/KADID10K/images/I70_25_02.png,0.0007522169034928083,0.75
./Datasets/KADID10K/images/I70_25_03.png,0.0007356951246038079,0.9075
./Datasets/KADID10K/images/I70_25_04.png,0.0009420666028745472,0.8075000000000001
./Datasets/KADID10K/images/I70_25_05.png,0.0015250783180817962,0.5
./Datasets/KADID10K/images/I71_01_01.png,0.06185997277498245,0.9075
./Datasets/KADID10K/images/I71_01_02.png,0.157467320561409,0.835
./Datasets/KADID10K/images/I71_01_03.png,0.2768656015396118,0.42500000000000004
./Datasets/KADID10K/images/I71_01_04.png,0.4904043674468994,0.09999999999999998
./Datasets/KADID10K/images/I71_01_05.png,0.7064822912216187,0.057499999999999996
./Datasets/KADID10K/images/I71_02_01.png,0.2040245085954666,0.67
./Datasets/KADID10K/images/I71_02_02.png,0.31876999139785767,0.3325
./Datasets/KADID10K/images/I71_02_03.png,0.4930099546909332,0.1925
./Datasets/KADID10K/images/I71_02_04.png,0.5431685447692871,0.09999999999999998
./Datasets/KADID10K/images/I71_02_05.png,0.5882105827331543,0.0675
./Datasets/KADID10K/images/I71_03_01.png,0.06185997277498245,0.8674999999999999
./Datasets/KADID10K/images/I71_03_02.png,0.2009926736354828,0.575
./Datasets/KADID10K/images/I71_03_03.png,0.19634193181991577,0.4675
./Datasets/KADID10K/images/I71_03_04.png,0.3064638078212738,0.25749999999999995
./Datasets/KADID10K/images/I71_03_05.png,0.18172426521778107,0.125
./Datasets/KADID10K/images/I71_04_01.png,0.07419964671134949,0.7749999999999999
./Datasets/KADID10K/images/I71_04_02.png,0.120418980717659,0.39249999999999996
./Datasets/KADID10K/images/I71_04_03.png,0.2124028354883194,0.09250000000000003
./Datasets/KADID10K/images/I71_04_04.png,0.18169881403446198,0.1175
./Datasets/KADID10K/images/I71_04_05.png,0.12074923515319824,0.04999999999999999
./Datasets/KADID10K/images/I71_05_01.png,0.08378755301237106,0.875
./Datasets/KADID10K/images/I71_05_02.png,0.13525575399398804,0.3175
./Datasets/KADID10K/images/I71_05_03.png,0.15908464789390564,0.21750000000000003
./Datasets/KADID10K/images/I71_05_04.png,0.1618533730506897,0.21750000000000003
./Datasets/KADID10K/images/I71_05_05.png,0.16622526943683624,0.1925
./Datasets/KADID10K/images/I71_06_01.png,0.00784232746809721,0.675
./Datasets/KADID10K/images/I71_06_02.png,0.0028960357885807753,0.7
./Datasets/KADID10K/images/I71_06_03.png,0.0011688288068398833,0.5825
./Datasets/KADID10K/images/I71_06_04.png,0.00012023320596199483,0.5575
./Datasets/KADID10K/images/I71_06_05.png,0.0024274911265820265,0.4175
./Datasets/KADID10K/images/I71_07_01.png,0.032787833362817764,0.5
./Datasets/KADID10K/images/I71_07_02.png,0.03819826990365982,0.36750000000000005
./Datasets/KADID10K/images/I71_07_03.png,0.05417044460773468,0.35
./Datasets/KADID10K/images/I71_07_04.png,0.08386169373989105,0.25
./Datasets/KADID10K/images/I71_07_05.png,0.29600393772125244,0.21750000000000003
./Datasets/KADID10K/images/I71_08_01.png,0.06185997277498245,0.9424999999999999
./Datasets/KADID10K/images/I71_08_02.png,0.08894671499729156,0.55
./Datasets/KADID10K/images/I71_08_03.png,0.11602623760700226,0.38
./Datasets/KADID10K/images/I71_08_04.png,0.2116667628288269,0.175
./Datasets/KADID10K/images/I71_08_05.png,0.2130548059940338,0.0675
./Datasets/KADID10K/images/I71_09_01.png,0.0694333091378212,0.8825000000000001
./Datasets/KADID10K/images/I71_09_02.png,0.19988901913166046,0.7175
./Datasets/KADID10K/images/I71_09_03.png,0.23722633719444275,0.65
./Datasets/KADID10K/images/I71_09_04.png,0.4230026602745056,0.21750000000000003
./Datasets/KADID10K/images/I71_09_05.png,0.6491795778274536,0.017500000000000016
./Datasets/KADID10K/images/I71_10_01.png,0.17475371062755585,0.8174999999999999
./Datasets/KADID10K/images/I71_10_02.png,0.23151804506778717,0.7175
./Datasets/KADID10K/images/I71_10_03.png,0.2692160904407501,0.5475
./Datasets/KADID10K/images/I71_10_04.png,0.6056008338928223,0.10749999999999998
./Datasets/KADID10K/images/I71_10_05.png,0.7607912421226501,0.08250000000000002
./Datasets/KADID10K/images/I71_11_01.png,0.1367361843585968,0.5825
./Datasets/KADID10K/images/I71_11_02.png,0.19756722450256348,0.4575
./Datasets/KADID10K/images/I71_11_03.png,0.22711685299873352,0.36750000000000005
./Datasets/KADID10K/images/I71_11_04.png,0.2826539874076843,0.36750000000000005
./Datasets/KADID10K/images/I71_11_05.png,0.33969345688819885,0.23249999999999998
./Datasets/KADID10K/images/I71_12_01.png,0.09264806658029556,0.8174999999999999
./Datasets/KADID10K/images/I71_12_02.png,0.1992991715669632,0.575
./Datasets/KADID10K/images/I71_12_03.png,0.23287495970726013,0.4425
./Datasets/KADID10K/images/I71_12_04.png,0.2606508433818817,0.3325
./Datasets/KADID10K/images/I71_12_05.png,0.3345908224582672,0.30000000000000004
./Datasets/KADID10K/images/I71_13_01.png,0.008059032261371613,0.625
./Datasets/KADID10K/images/I71_13_02.png,0.0029967897571623325,0.4
./Datasets/KADID10K/images/I71_13_03.png,0.007522274274379015,0.38249999999999995
./Datasets/KADID10K/images/I71_13_04.png,0.05782288312911987,0.35
./Datasets/KADID10K/images/I71_13_05.png,0.14746199548244476,0.26749999999999996
./Datasets/KADID10K/images/I71_14_01.png,0.09215295314788818,0.675
./Datasets/KADID10K/images/I71_14_02.png,0.21027351915836334,0.4675
./Datasets/KADID10K/images/I71_14_03.png,0.2888507544994354,0.3425
./Datasets/KADID10K/images/I71_14_04.png,0.32030120491981506,0.21750000000000003
./Datasets/KADID10K/images/I71_14_05.png,0.4605339765548706,0.16749999999999998
./Datasets/KADID10K/images/I71_15_01.png,0.2755732834339142,0.5
./Datasets/KADID10K/images/I71_15_02.png,0.41983672976493835,0.20750000000000002
./Datasets/KADID10K/images/I71_15_03.png,0.4944043457508087,0.16749999999999998
./Datasets/KADID10K/images/I71_15_04.png,0.579276978969574,0.07500000000000001
./Datasets/KADID10K/images/I71_15_05.png,0.6417326331138611,0.04249999999999998
./Datasets/KADID10K/images/I71_16_01.png,0.0777546614408493,0.8325
./Datasets/KADID10K/images/I71_16_02.png,0.08794663101434708,0.7925
./Datasets/KADID10K/images/I71_16_03.png,0.10884100943803787,0.625
./Datasets/KADID10K/images/I71_16_04.png,0.112436942756176,0.2925
./Datasets/KADID10K/images/I71_16_05.png,0.12738528847694397,0.09999999999999998
./Datasets/KADID10K/images/I71_17_01.png,0.051609884947538376,0.8574999999999999
./Datasets/KADID10K/images/I71_17_02.png,0.03931758552789688,0.8500000000000001
./Datasets/KADID10K/images/I71_17_03.png,0.027686137706041336,0.8075000000000001
./Datasets/KADID10K/images/I71_17_04.png,0.012591231614351273,0.6575
./Datasets/KADID10K/images/I71_17_05.png,0.0028616958297789097,0.375
./Datasets/KADID10K/images/I71_18_01.png,0.051904767751693726,0.6825
./Datasets/KADID10K/images/I71_18_02.png,0.05418003350496292,0.825
./Datasets/KADID10K/images/I71_18_03.png,0.06185997277498245,0.9075
./Datasets/KADID10K/images/I71_18_04.png,0.04340576007962227,0.8
./Datasets/KADID10K/images/I71_18_05.png,0.025023845955729485,0.7025
./Datasets/KADID10K/images/I71_19_01.png,0.09096772968769073,0.8825000000000001
./Datasets/KADID10K/images/I71_19_02.png,0.14335374534130096,0.675
./Datasets/KADID10K/images/I71_19_03.png,0.23730769753456116,0.4675
./Datasets/KADID10K/images/I71_19_04.png,0.3776872158050537,0.1325
./Datasets/KADID10K/images/I71_19_05.png,0.35597771406173706,0.15000000000000002
./Datasets/KADID10K/images/I71_20_01.png,0.07646030932664871,0.8674999999999999
./Datasets/KADID10K/images/I71_20_02.png,0.08574240654706955,0.675
./Datasets/KADID10K/images/I71_20_03.png,0.07374349981546402,0.4325
./Datasets/KADID10K/images/I71_20_04.png,0.09561047703027725,0.35750000000000004
./Datasets/KADID10K/images/I71_20_05.png,0.09068898111581802,0.4075
./Datasets/KADID10K/images/I71_21_01.png,0.08845711499452591,0.6075
./Datasets/KADID10K/images/I71_21_02.png,0.10600817203521729,0.48250000000000004
./Datasets/KADID10K/images/I71_21_03.png,0.15127071738243103,0.4
./Datasets/KADID10K/images/I71_21_04.png,0.13137120008468628,0.4075
./Datasets/KADID10K/images/I71_21_05.png,0.341552197933197,0.125
./Datasets/KADID10K/images/I71_22_01.png,0.09886875748634338,0.75
./Datasets/KADID10K/images/I71_22_02.png,0.1106061190366745,0.6325
./Datasets/KADID10K/images/I71_22_03.png,0.12215174734592438,0.625
./Datasets/KADID10K/images/I71_22_04.png,0.16638033092021942,0.5425
./Datasets/KADID10K/images/I71_22_05.png,0.21958386898040771,0.38249999999999995
./Datasets/KADID10K/images/I71_23_01.png,0.06865262240171432,0.32499999999999996
./Datasets/KADID10K/images/I71_23_02.png,0.07911062240600586,0.35750000000000004
./Datasets/KADID10K/images/I71_23_03.png,0.11383271962404251,0.2
./Datasets/KADID10K/images/I71_23_04.png,0.12336859107017517,0.25749999999999995
./Datasets/KADID10K/images/I71_23_05.png,0.1456110030412674,0.275
./Datasets/KADID10K/images/I71_24_01.png,0.009288719855248928,0.6925
./Datasets/KADID10K/images/I71_24_02.png,0.0041017113253474236,0.48250000000000004
./Datasets/KADID10K/images/I71_24_03.png,0.0026351180858910084,0.3175
./Datasets/KADID10K/images/I71_24_04.png,0.0023549406323581934,0.2
./Datasets/KADID10K/images/I71_24_05.png,0.01598554104566574,0.07500000000000001
./Datasets/KADID10K/images/I71_25_01.png,0.03352155163884163,0.575
./Datasets/KADID10K/images/I71_25_02.png,0.03597598522901535,0.6825
./Datasets/KADID10K/images/I71_25_03.png,0.042138393968343735,0.8075000000000001
./Datasets/KADID10K/images/I71_25_04.png,0.06933991611003876,0.825
./Datasets/KADID10K/images/I71_25_05.png,0.08074997365474701,0.6925
./Datasets/KADID10K/images/I72_01_01.png,0.00028442192706279457,0.8325
./Datasets/KADID10K/images/I72_01_02.png,0.005553452763706446,0.8174999999999999
./Datasets/KADID10K/images/I72_01_03.png,0.2565782070159912,0.4075
./Datasets/KADID10K/images/I72_01_04.png,0.4466647505760193,0.20750000000000002
./Datasets/KADID10K/images/I72_01_05.png,0.7255876660346985,0.007500000000000007
./Datasets/KADID10K/images/I72_02_01.png,0.07059772312641144,0.6175
./Datasets/KADID10K/images/I72_02_02.png,0.29769012331962585,0.3325
./Datasets/KADID10K/images/I72_02_03.png,0.4953930974006653,0.15000000000000002
./Datasets/KADID10K/images/I72_02_04.png,0.5949726104736328,0.0675
./Datasets/KADID10K/images/I72_02_05.png,0.6664368510246277,0.03249999999999997
./Datasets/KADID10K/images/I72_03_01.png,0.00028442192706279457,0.8825000000000001
./Datasets/KADID10K/images/I72_03_02.png,0.032513558864593506,0.7675000000000001
./Datasets/KADID10K/images/I72_03_03.png,0.14419956505298615,0.48250000000000004
./Datasets/KADID10K/images/I72_03_04.png,0.20060013234615326,0.22499999999999998
./Datasets/KADID10K/images/I72_03_05.png,0.15342533588409424,0.125
./Datasets/KADID10K/images/I72_04_01.png,4.343519321992062e-05,0.8174999999999999
./Datasets/KADID10K/images/I72_04_02.png,3.446437403908931e-05,0.4075
./Datasets/KADID10K/images/I72_04_03.png,4.1756753489607945e-05,0.26749999999999996
./Datasets/KADID10K/images/I72_04_04.png,5.054639041190967e-05,0.125
./Datasets/KADID10K/images/I72_04_05.png,9.257018973585218e-05,0.15000000000000002
./Datasets/KADID10K/images/I72_05_01.png,0.016300765797495842,0.7925
./Datasets/KADID10K/images/I72_05_02.png,0.20430350303649902,0.30000000000000004
./Datasets/KADID10K/images/I72_05_03.png,0.3003605306148529,0.14250000000000002
./Datasets/KADID10K/images/I72_05_04.png,0.30354660749435425,0.09999999999999998
./Datasets/KADID10K/images/I72_05_05.png,0.27977460622787476,0.0675
./Datasets/KADID10K/images/I72_06_01.png,0.00039382086833938956,0.7675000000000001
./Datasets/KADID10K/images/I72_06_02.png,0.00019687785243149847,0.7075
./Datasets/KADID10K/images/I72_06_03.png,0.0002333582378923893,0.525
./Datasets/KADID10K/images/I72_06_04.png,0.00019709911430254579,0.42500000000000004
./Datasets/KADID10K/images/I72_06_05.png,5.7151013606926426e-05,0.2925
./Datasets/KADID10K/images/I72_07_01.png,3.836757241515443e-05,0.35
./Datasets/KADID10K/images/I72_07_02.png,0.0003987490781582892,0.42500000000000004
./Datasets/KADID10K/images/I72_07_03.png,0.0011105170706287026,0.3175
./Datasets/KADID10K/images/I72_07_04.png,0.0015317818615585566,0.3425
./Datasets/KADID10K/images/I72_07_05.png,0.001607404788956046,0.3075
./Datasets/KADID10K/images/I72_08_01.png,0.00028442192706279457,0.8325
./Datasets/KADID10K/images/I72_08_02.png,0.005109565798193216,0.5825
./Datasets/KADID10K/images/I72_08_03.png,0.019725263118743896,0.4
./Datasets/KADID10K/images/I72_08_04.png,0.16970078647136688,0.07500000000000001
./Datasets/KADID10K/images/I72_08_05.png,0.3225235044956207,0.057499999999999996
./Datasets/KADID10K/images/I72_09_01.png,0.0008737700991332531,0.8674999999999999
./Datasets/KADID10K/images/I72_09_02.png,0.006252572406083345,0.8500000000000001
./Datasets/KADID10K/images/I72_09_03.png,0.019250668585300446,0.7649999999999999
./Datasets/KADID10K/images/I72_09_04.png,0.2583478093147278,0.2925
./Datasets/KADID10K/images/I72_09_05.png,0.5754392743110657,0.09999999999999998
./Datasets/KADID10K/images/I72_10_01.png,0.013743755407631397,0.7925
./Datasets/KADID10K/images/I72_10_02.png,0.019695447757840157,0.7575000000000001
./Datasets/KADID10K/images/I72_10_03.png,0.053915537893772125,0.725
./Datasets/KADID10K/images/I72_10_04.png,0.5241765975952148,0.20750000000000002
./Datasets/KADID10K/images/I72_10_05.png,0.7569335699081421,0.09999999999999998
./Datasets/KADID10K/images/I72_11_01.png,0.015778888016939163,0.7325
./Datasets/KADID10K/images/I72_11_02.png,0.04592262953519821,0.625
./Datasets/KADID10K/images/I72_11_03.png,0.10625280439853668,0.5
./Datasets/KADID10K/images/I72_11_04.png,0.18626455962657928,0.375
./Datasets/KADID10K/images/I72_11_05.png,0.2818947732448578,0.3325
./Datasets/KADID10K/images/I72_12_01.png,0.0019543904345482588,0.825
./Datasets/KADID10K/images/I72_12_02.png,0.04041992500424385,0.6325
./Datasets/KADID10K/images/I72_12_03.png,0.10194537043571472,0.5575
./Datasets/KADID10K/images/I72_12_04.png,0.17392073571681976,0.4075
./Datasets/KADID10K/images/I72_12_05.png,0.24777403473854065,0.275
./Datasets/KADID10K/images/I72_13_01.png,0.003954603336751461,0.7175
./Datasets/KADID10K/images/I72_13_02.png,0.0070587266236543655,0.49250000000000005
./Datasets/KADID10K/images/I72_13_03.png,0.015692222863435745,0.4075
./Datasets/KADID10K/images/I72_13_04.png,0.08713120222091675,0.32499999999999996
./Datasets/KADID10K/images/I72_13_05.png,0.18974605202674866,0.275
./Datasets/KADID10K/images/I72_14_01.png,0.0019189032027497888,0.8325
./Datasets/KADID10K/images/I72_14_02.png,0.019608281552791595,0.5575
./Datasets/KADID10K/images/I72_14_03.png,0.07603967189788818,0.38
./Datasets/KADID10K/images/I72_14_04.png,0.16142778098583221,0.35750000000000004
./Datasets/KADID10K/images/I72_14_05.png,0.2735673487186432,0.175
./Datasets/KADID10K/images/I72_15_01.png,0.3158881962299347,0.6925
./Datasets/KADID10K/images/I72_15_02.png,0.46032872796058655,0.475
./Datasets/KADID10K/images/I72_15_03.png,0.5129263997077942,0.36750000000000005
./Datasets/KADID10K/images/I72_15_04.png,0.5759264826774597,0.1925
./Datasets/KADID10K/images/I72_15_05.png,0.6118715405464172,0.14250000000000002
./Datasets/KADID10K/images/I72_16_01.png,0.0003093878331128508,0.8925000000000001
./Datasets/KADID10K/images/I72_16_02.png,0.0002660592435859144,0.75
./Datasets/KADID10K/images/I72_16_03.png,0.000243809845414944,0.5825
./Datasets/KADID10K/images/I72_16_04.png,0.001966387266293168,0.3325
./Datasets/KADID10K/images/I72_16_05.png,0.009952032938599586,0.1375
./Datasets/KADID10K/images/I72_17_01.png,0.00031113834120333195,0.875
./Datasets/KADID10K/images/I72_17_02.png,0.0002615129924379289,0.8574999999999999
./Datasets/KADID10K/images/I72_17_03.png,0.00023373319709207863,0.8999999999999999
./Datasets/KADID10K/images/I72_17_04.png,0.00019490120757836848,0.6675
./Datasets/KADID10K/images/I72_17_05.png,0.0006306390860117972,0.30000000000000004
./Datasets/KADID10K/images/I72_18_01.png,8.732070273254067e-05,0.6175
./Datasets/KADID10K/images/I72_18_02.png,4.531097874860279e-05,0.8075000000000001
./Datasets/KADID10K/images/I72_18_03.png,0.00028442192706279457,0.875
./Datasets/KADID10K/images/I72_18_04.png,8.228479418903589e-05,0.7925
./Datasets/KADID10K/images/I72_18_05.png,3.0215438528102823e-05,0.7175
./Datasets/KADID10K/images/I72_19_01.png,0.0037924463395029306,0.8
./Datasets/KADID10K/images/I72_19_02.png,0.033510252833366394,0.65
./Datasets/KADID10K/images/I72_19_03.png,0.1336214393377304,0.375
./Datasets/KADID10K/images/I72_19_04.png,0.3072037994861603,0.1325
./Datasets/KADID10K/images/I72_19_05.png,0.27079665660858154,0.07500000000000001
./Datasets/KADID10K/images/I72_20_01.png,0.0007218939135782421,0.8574999999999999
./Datasets/KADID10K/images/I72_20_02.png,0.0006841879803687334,0.725
./Datasets/KADID10K/images/I72_20_03.png,0.0007744953036308289,0.725
./Datasets/KADID10K/images/I72_20_04.png,0.0011082312557846308,0.65
./Datasets/KADID10K/images/I72_20_05.png,0.0008785570971667767,0.7749999999999999
./Datasets/KADID10K/images/I72_21_01.png,0.0011324912775307894,0.6825
./Datasets/KADID10K/images/I72_21_02.png,0.006028751377016306,0.3425
./Datasets/KADID10K/images/I72_21_03.png,0.020045403391122818,0.2425
./Datasets/KADID10K/images/I72_21_04.png,0.06516807526350021,0.26749999999999996
./Datasets/KADID10K/images/I72_21_05.png,0.581251859664917,0.057499999999999996
./Datasets/KADID10K/images/I72_22_01.png,0.000725866761058569,0.875
./Datasets/KADID10K/images/I72_22_02.png,0.0009400545386597514,0.7749999999999999
./Datasets/KADID10K/images/I72_22_03.png,0.0018111382378265262,0.7175
./Datasets/KADID10K/images/I72_22_04.png,0.0030384764540940523,0.6325
./Datasets/KADID10K/images/I72_22_05.png,0.005140913184732199,0.575
./Datasets/KADID10K/images/I72_23_01.png,0.0009353670757263899,0.30000000000000004
./Datasets/KADID10K/images/I72_23_02.png,0.0009226709953509271,0.3325
./Datasets/KADID10K/images/I72_23_03.png,0.0011497926898300648,0.23249999999999998
./Datasets/KADID10K/images/I72_23_04.png,0.003033984685316682,0.2
./Datasets/KADID10K/images/I72_23_05.png,0.0045045423321425915,0.2425
./Datasets/KADID10K/images/I72_24_01.png,5.970158235868439e-05,0.485
./Datasets/KADID10K/images/I72_24_02.png,0.0001409582037013024,0.2
./Datasets/KADID10K/images/I72_24_03.png,0.0005268078530207276,0.1925
./Datasets/KADID10K/images/I72_24_04.png,0.010740820318460464,0.0675
./Datasets/KADID10K/images/I72_24_05.png,0.08807948231697083,0.08250000000000002
./Datasets/KADID10K/images/I72_25_01.png,5.653947937389603e-06,0.375
./Datasets/KADID10K/images/I72_25_02.png,1.1467082003946416e-05,0.65
./Datasets/KADID10K/images/I72_25_03.png,5.901958866161294e-05,0.7675000000000001
./Datasets/KADID10K/images/I72_25_04.png,0.0007441545021720231,0.8
./Datasets/KADID10K/images/I72_25_05.png,0.00228513078764081,0.625
./Datasets/KADID10K/images/I73_01_01.png,0.018045546486973763,0.9075
./Datasets/KADID10K/images/I73_01_02.png,0.12294390052556992,0.8999999999999999
./Datasets/KADID10K/images/I73_01_03.png,0.4308411478996277,0.5325
./Datasets/KADID10K/images/I73_01_04.png,0.5246406197547913,0.23249999999999998
./Datasets/KADID10K/images/I73_01_05.png,0.7461872696876526,0.04249999999999998
./Datasets/KADID10K/images/I73_02_01.png,0.25178369879722595,0.8325
./Datasets/KADID10K/images/I73_02_02.png,0.4461551904678345,0.3375
./Datasets/KADID10K/images/I73_02_03.png,0.5443078279495239,0.2
./Datasets/KADID10K/images/I73_02_04.png,0.5993213653564453,0.07500000000000001
./Datasets/KADID10K/images/I73_02_05.png,0.6366159319877625,0.04249999999999998
./Datasets/KADID10K/images/I73_03_01.png,0.018045546486973763,0.9075
./Datasets/KADID10K/images/I73_03_02.png,0.08831115067005157,0.8574999999999999
./Datasets/KADID10K/images/I73_03_03.png,0.2827067971229553,0.5925
./Datasets/KADID10K/images/I73_03_04.png,0.2029455006122589,0.30000000000000004
./Datasets/KADID10K/images/I73_03_05.png,0.3124115765094757,0.1925
./Datasets/KADID10K/images/I73_04_01.png,0.03347954526543617,0.875
./Datasets/KADID10K/images/I73_04_02.png,0.22209937870502472,0.5075
./Datasets/KADID10K/images/I73_04_03.png,0.2658514976501465,0.25749999999999995
./Datasets/KADID10K/images/I73_04_04.png,0.2701464891433716,0.175
./Datasets/KADID10K/images/I73_04_05.png,0.276412695646286,0.09999999999999998
./Datasets/KADID10K/images/I73_05_01.png,0.162136048078537,0.7675000000000001
./Datasets/KADID10K/images/I73_05_02.png,0.28300896286964417,0.55
./Datasets/KADID10K/images/I73_05_03.png,0.3567405939102173,0.35
./Datasets/KADID10K/images/I73_05_04.png,0.3638751804828644,0.36750000000000005
./Datasets/KADID10K/images/I73_05_05.png,0.3601786494255066,0.1825
./Datasets/KADID10K/images/I73_06_01.png,0.014213443733751774,0.8825000000000001
./Datasets/KADID10K/images/I73_06_02.png,0.011811478063464165,0.8174999999999999
./Datasets/KADID10K/images/I73_06_03.png,0.01556259486824274,0.7675000000000001
./Datasets/KADID10K/images/I73_06_04.png,0.0016899019246920943,0.6075
./Datasets/KADID10K/images/I73_06_05.png,0.0006135125295259058,0.55
./Datasets/KADID10K/images/I73_07_01.png,0.04115055128931999,0.5175
./Datasets/KADID10K/images/I73_07_02.png,0.1291811615228653,0.39249999999999996
./Datasets/KADID10K/images/I73_07_03.png,0.20716595649719238,0.30000000000000004
./Datasets/KADID10K/images/I73_07_04.png,0.23315323889255524,0.3425
./Datasets/KADID10K/images/I73_07_05.png,0.18184033036231995,0.20750000000000002
./Datasets/KADID10K/images/I73_08_01.png,0.018045546486973763,0.8925000000000001
./Datasets/KADID10K/images/I73_08_02.png,0.1514185518026352,0.5825
./Datasets/KADID10K/images/I73_08_03.png,0.21390806138515472,0.49250000000000005
./Datasets/KADID10K/images/I73_08_04.png,0.447613388299942,0.26749999999999996
./Datasets/KADID10K/images/I73_08_05.png,0.4733700752258301,0.235
./Datasets/KADID10K/images/I73_09_01.png,0.10104984790086746,0.9325000000000001
./Datasets/KADID10K/images/I73_09_02.png,0.24820658564567566,0.7325
./Datasets/KADID10K/images/I73_09_03.png,0.31308573484420776,0.48250000000000004
./Datasets/KADID10K/images/I73_09_04.png,0.5655935406684875,0.2
./Datasets/KADID10K/images/I73_09_05.png,0.804553747177124,0.10749999999999998
./Datasets/KADID10K/images/I73_10_01.png,0.14606592059135437,0.8825000000000001
./Datasets/KADID10K/images/I73_10_02.png,0.14199066162109375,0.7675000000000001
./Datasets/KADID10K/images/I73_10_03.png,0.2482237070798874,0.6575
./Datasets/KADID10K/images/I73_10_04.png,0.5767476558685303,0.25
./Datasets/KADID10K/images/I73_10_05.png,0.7882350087165833,0.0675
./Datasets/KADID10K/images/I73_11_01.png,0.1186375692486763,0.7325
./Datasets/KADID10K/images/I73_11_02.png,0.18924552202224731,0.6325
./Datasets/KADID10K/images/I73_11_03.png,0.24524785578250885,0.39249999999999996
./Datasets/KADID10K/images/I73_11_04.png,0.2750903069972992,0.4325
./Datasets/KADID10K/images/I73_11_05.png,0.43777382373809814,0.31499999999999995
./Datasets/KADID10K/images/I73_12_01.png,0.03918847069144249,0.8999999999999999
./Datasets/KADID10K/images/I73_12_02.png,0.15339843928813934,0.6425
./Datasets/KADID10K/images/I73_12_03.png,0.20484724640846252,0.5075
./Datasets/KADID10K/images/I73_12_04.png,0.298084020614624,0.36750000000000005
./Datasets/KADID10K/images/I73_12_05.png,0.4148353636264801,0.3075
./Datasets/KADID10K/images/I73_13_01.png,0.016592321917414665,0.5075
./Datasets/KADID10K/images/I73_13_02.png,0.0457950197160244,0.4325
./Datasets/KADID10K/images/I73_13_03.png,0.030572518706321716,0.36750000000000005
./Datasets/KADID10K/images/I73_13_04.png,0.06904752552509308,0.35
./Datasets/KADID10K/images/I73_13_05.png,0.20003896951675415,0.30000000000000004
./Datasets/KADID10K/images/I73_14_01.png,0.03388611972332001,0.8999999999999999
./Datasets/KADID10K/images/I73_14_02.png,0.12449165433645248,0.625
./Datasets/KADID10K/images/I73_14_03.png,0.21831277012825012,0.4325
./Datasets/KADID10K/images/I73_14_04.png,0.2702184021472931,0.4075
./Datasets/KADID10K/images/I73_14_05.png,0.38942381739616394,0.23249999999999998
./Datasets/KADID10K/images/I73_15_01.png,0.33501553535461426,0.7
./Datasets/KADID10K/images/I73_15_02.png,0.4637911319732666,0.4075
./Datasets/KADID10K/images/I73_15_03.png,0.5172258019447327,0.26749999999999996
./Datasets/KADID10K/images/I73_15_04.png,0.5834283232688904,0.2
./Datasets/KADID10K/images/I73_15_05.png,0.6168814301490784,0.15749999999999997
./Datasets/KADID10K/images/I73_16_01.png,0.01894756592810154,0.8925000000000001
./Datasets/KADID10K/images/I73_16_02.png,0.018659096211194992,0.8425
./Datasets/KADID10K/images/I73_16_03.png,0.014595534652471542,0.75
./Datasets/KADID10K/images/I73_16_04.png,0.012341476045548916,0.525
./Datasets/KADID10K/images/I73_16_05.png,0.09343014657497406,0.2925
./Datasets/KADID10K/images/I73_17_01.png,0.019069189205765724,0.9575
./Datasets/KADID10K/images/I73_17_02.png,0.019046319648623466,0.8999999999999999
./Datasets/KADID10K/images/I73_17_03.png,0.018693730235099792,0.8325
./Datasets/KADID10K/images/I73_17_04.png,0.014174524694681168,0.7075
./Datasets/KADID10K/images/I73_17_05.png,0.006191988941282034,0.4575
./Datasets/KADID10K/images/I73_18_01.png,0.016063876450061798,0.7925
./Datasets/KADID10K/images/I73_18_02.png,0.01404844131320715,0.825
./Datasets/KADID10K/images/I73_18_03.png,0.018045546486973763,0.9075
./Datasets/KADID10K/images/I73_18_04.png,0.006972380913794041,0.875
./Datasets/KADID10K/images/I73_18_05.png,0.004263180773705244,0.8174999999999999
./Datasets/KADID10K/images/I73_19_01.png,0.06293283402919769,0.8925000000000001
./Datasets/KADID10K/images/I73_19_02.png,0.07694017142057419,0.7575000000000001
./Datasets/KADID10K/images/I73_19_03.png,0.23646357655525208,0.48250000000000004
./Datasets/KADID10K/images/I73_19_04.png,0.40962791442871094,0.16749999999999998
./Datasets/KADID10K/images/I73_19_05.png,0.229605033993721,0.03999999999999998
./Datasets/KADID10K/images/I73_20_01.png,0.018047867342829704,0.5825
./Datasets/KADID10K/images/I73_20_02.png,0.027755817398428917,0.7175
./Datasets/KADID10K/images/I73_20_03.png,0.023189421743154526,0.35750000000000004
./Datasets/KADID10K/images/I73_20_04.png,0.023640580475330353,0.5875
./Datasets/KADID10K/images/I73_20_05.png,0.022306321188807487,0.35
./Datasets/KADID10K/images/I73_21_01.png,0.022208238020539284,0.4575
./Datasets/KADID10K/images/I73_21_02.png,0.050446607172489166,0.42500000000000004
./Datasets/KADID10K/images/I73_21_03.png,0.14918938279151917,0.275
./Datasets/KADID10K/images/I73_21_04.png,0.2472856044769287,0.26749999999999996
./Datasets/KADID10K/images/I73_21_05.png,0.601994514465332,0.08250000000000002
./Datasets/KADID10K/images/I73_22_01.png,0.0659191831946373,0.8325
./Datasets/KADID10K/images/I73_22_02.png,0.10666165500879288,0.7925
./Datasets/KADID10K/images/I73_22_03.png,0.12842272222042084,0.7
./Datasets/KADID10K/images/I73_22_04.png,0.14316560328006744,0.5675
./Datasets/KADID10K/images/I73_22_05.png,0.17896921932697296,0.48250000000000004
./Datasets/KADID10K/images/I73_23_01.png,0.03246524930000305,0.4575
./Datasets/KADID10K/images/I73_23_02.png,0.0405917651951313,0.3325
./Datasets/KADID10K/images/I73_23_03.png,0.061725638806819916,0.36750000000000005
./Datasets/KADID10K/images/I73_23_04.png,0.05994170159101486,0.26749999999999996
./Datasets/KADID10K/images/I73_23_05.png,0.12360610067844391,0.38249999999999995
./Datasets/KADID10K/images/I73_24_01.png,0.0005256587755866349,0.825
./Datasets/KADID10K/images/I73_24_02.png,0.00039340826333500445,0.55
./Datasets/KADID10K/images/I73_24_03.png,0.0006971073453314602,0.36750000000000005
./Datasets/KADID10K/images/I73_24_04.png,0.0017130449414253235,0.25
./Datasets/KADID10K/images/I73_24_05.png,0.004658467136323452,0.1325
./Datasets/KADID10K/images/I73_25_01.png,0.006654425989836454,0.6425
./Datasets/KADID10K/images/I73_25_02.png,0.007522885221987963,0.7725
./Datasets/KADID10K/images/I73_25_03.png,0.010081255808472633,0.875
./Datasets/KADID10K/images/I73_25_04.png,0.036831870675086975,0.8075000000000001
./Datasets/KADID10K/images/I73_25_05.png,0.11112596839666367,0.5825
./Datasets/KADID10K/images/I74_01_01.png,0.001995827304199338,0.925
./Datasets/KADID10K/images/I74_01_02.png,0.00965194869786501,0.8574999999999999
./Datasets/KADID10K/images/I74_01_03.png,0.10728904604911804,0.5
./Datasets/KADID10K/images/I74_01_04.png,0.3478256165981293,0.275
./Datasets/KADID10K/images/I74_01_05.png,0.7127012610435486,0.09999999999999998
./Datasets/KADID10K/images/I74_02_01.png,0.036074571311473846,0.7749999999999999
./Datasets/KADID10K/images/I74_02_02.png,0.1413176953792572,0.4675
./Datasets/KADID10K/images/I74_02_03.png,0.440716952085495,0.20750000000000002
./Datasets/KADID10K/images/I74_02_04.png,0.6041061282157898,0.09250000000000003
./Datasets/KADID10K/images/I74_02_05.png,0.6283693909645081,0.09749999999999998
./Datasets/KADID10K/images/I74_03_01.png,0.001995827304199338,0.8925000000000001
./Datasets/KADID10K/images/I74_03_02.png,0.016827121376991272,0.8325
./Datasets/KADID10K/images/I74_03_03.png,0.09604007750749588,0.5
./Datasets/KADID10K/images/I74_03_04.png,0.13467326760292053,0.3175
./Datasets/KADID10K/images/I74_03_05.png,0.3837251365184784,0.1825
./Datasets/KADID10K/images/I74_04_01.png,0.0016727717593312263,0.895
./Datasets/KADID10K/images/I74_04_02.png,0.00041853426955640316,0.475
./Datasets/KADID10K/images/I74_04_03.png,0.0006507551297545433,0.36750000000000005
./Datasets/KADID10K/images/I74_04_04.png,0.001139641972258687,0.2825
./Datasets/KADID10K/images/I74_04_05.png,0.005146522540599108,0.14250000000000002
./Datasets/KADID10K/images/I74_05_01.png,0.012156689539551735,0.8999999999999999
./Datasets/KADID10K/images/I74_05_02.png,0.24459628760814667,0.475
./Datasets/KADID10K/images/I74_05_03.png,0.3656737208366394,0.2
./Datasets/KADID10K/images/I74_05_04.png,0.3794184923171997,0.2
./Datasets/KADID10K/images/I74_05_05.png,0.3529720604419708,0.07500000000000001
./Datasets/KADID10K/images/I74_06_01.png,0.0007431400008499622,0.825
./Datasets/KADID10K/images/I74_06_02.png,0.0011239295126870275,0.8075000000000001
./Datasets/KADID10K/images/I74_06_03.png,0.0018284781835973263,0.7749999999999999
./Datasets/KADID10K/images/I74_06_04.png,0.003059732960537076,0.5575
./Datasets/KADID10K/images/I74_06_05.png,0.003875834634527564,0.4425
./Datasets/KADID10K/images/I74_07_01.png,0.003046786179766059,0.4325
./Datasets/KADID10K/images/I74_07_02.png,0.005994443316012621,0.3325
./Datasets/KADID10K/images/I74_07_03.png,0.00751357851549983,0.44999999999999996
./Datasets/KADID10K/images/I74_07_04.png,0.008548351004719734,0.275
./Datasets/KADID10K/images/I74_07_05.png,0.007530821952968836,0.35
./Datasets/KADID10K/images/I74_08_01.png,0.001995827304199338,0.8999999999999999
./Datasets/KADID10K/images/I74_08_02.png,0.004187778104096651,0.5
./Datasets/KADID10K/images/I74_08_03.png,0.008625437505543232,0.4075
./Datasets/KADID10K/images/I74_08_04.png,0.17477072775363922,0.20750000000000002
./Datasets/KADID10K/images/I74_08_05.png,0.42933374643325806,0.15749999999999997
./Datasets/KADID10K/images/I74_09_01.png,0.005842849146574736,0.8500000000000001
./Datasets/KADID10K/images/I74_09_02.png,0.031031684949994087,0.8925000000000001
./Datasets/KADID10K/images/I74_09_03.png,0.08711375296115875,0.7575000000000001
./Datasets/KADID10K/images/I74_09_04.png,0.36941438913345337,0.39249999999999996
./Datasets/KADID10K/images/I74_09_05.png,0.7357234358787537,0.057499999999999996
./Datasets/KADID10K/images/I74_10_01.png,0.009557187557220459,0.8425
./Datasets/KADID10K/images/I74_10_02.png,0.012974250130355358,0.875
./Datasets/KADID10K/images/I74_10_03.png,0.02316456474363804,0.7825
./Datasets/KADID10K/images/I74_10_04.png,0.3081163763999939,0.475
./Datasets/KADID10K/images/I74_10_05.png,0.5976473689079285,0.25749999999999995
./Datasets/KADID10K/images/I74_11_01.png,0.004810028709471226,0.8500000000000001
./Datasets/KADID10K/images/I74_11_02.png,0.00970184151083231,0.8075000000000001
./Datasets/KADID10K/images/I74_11_03.png,0.018103959038853645,0.6825
./Datasets/KADID10K/images/I74_11_04.png,0.06330535560846329,0.6075
./Datasets/KADID10K/images/I74_11_05.png,0.14627063274383545,0.5575
./Datasets/KADID10K/images/I74_12_01.png,0.002260291250422597,0.8425
./Datasets/KADID10K/images/I74_12_02.png,0.00914028286933899,0.8425
./Datasets/KADID10K/images/I74_12_03.png,0.0334073044359684,0.75
./Datasets/KADID10K/images/I74_12_04.png,0.09157228469848633,0.645
./Datasets/KADID10K/images/I74_12_05.png,0.11927995085716248,0.5475
./Datasets/KADID10K/images/I74_13_01.png,0.0013282019644975662,0.8
./Datasets/KADID10K/images/I74_13_02.png,0.0021699259523302317,0.6825
./Datasets/KADID10K/images/I74_13_03.png,0.009336150251328945,0.5
./Datasets/KADID10K/images/I74_13_04.png,0.04098891466856003,0.4
./Datasets/KADID10K/images/I74_13_05.png,0.08311242610216141,0.2825
./Datasets/KADID10K/images/I74_14_01.png,0.002846976974979043,0.9175
./Datasets/KADID10K/images/I74_14_02.png,0.010356289334595203,0.825
./Datasets/KADID10K/images/I74_14_03.png,0.02828633412718773,0.6825
./Datasets/KADID10K/images/I74_14_04.png,0.11123912036418915,0.5
./Datasets/KADID10K/images/I74_14_05.png,0.2924121916294098,0.4
./Datasets/KADID10K/images/I74_15_01.png,0.059535913169384,0.7675000000000001
./Datasets/KADID10K/images/I74_15_02.png,0.19500732421875,0.5175
./Datasets/KADID10K/images/I74_15_03.png,0.26205286383628845,0.38249999999999995
./Datasets/KADID10K/images/I74_15_04.png,0.4304404556751251,0.23249999999999998
./Datasets/KADID10K/images/I74_15_05.png,0.5809975266456604,0.21750000000000003
./Datasets/KADID10K/images/I74_16_01.png,0.0021013664081692696,0.825
./Datasets/KADID10K/images/I74_16_02.png,0.0020247541833668947,0.855
./Datasets/KADID10K/images/I74_16_03.png,0.0013332093367353082,0.6675
./Datasets/KADID10K/images/I74_16_04.png,0.000715065049007535,0.4
./Datasets/KADID10K/images/I74_16_05.png,0.003715614089742303,0.1925
./Datasets/KADID10K/images/I74_17_01.png,0.0018421506974846125,0.95
./Datasets/KADID10K/images/I74_17_02.png,0.0016116350889205933,0.8325
./Datasets/KADID10K/images/I74_17_03.png,0.001094246283173561,0.7925
./Datasets/KADID10K/images/I74_17_04.png,0.00030692090513184667,0.75
./Datasets/KADID10K/images/I74_17_05.png,0.0002883047563955188,0.4175
./Datasets/KADID10K/images/I74_18_01.png,0.0007077198242768645,0.8
./Datasets/KADID10K/images/I74_18_02.png,0.001211227965541184,0.8999999999999999
./Datasets/KADID10K/images/I74_18_03.png,0.001995827304199338,0.8574999999999999
./Datasets/KADID10K/images/I74_18_04.png,0.0003305278078187257,0.8500000000000001
./Datasets/KADID10K/images/I74_18_05.png,7.103539246600121e-05,0.7175
./Datasets/KADID10K/images/I74_19_01.png,0.004885855130851269,0.8325
./Datasets/KADID10K/images/I74_19_02.png,0.01142497081309557,0.7749999999999999
./Datasets/KADID10K/images/I74_19_03.png,0.12760643661022186,0.4325
./Datasets/KADID10K/images/I74_19_04.png,0.2435690313577652,0.125
./Datasets/KADID10K/images/I74_19_05.png,0.29728880524635315,0.1325
./Datasets/KADID10K/images/I74_20_01.png,0.001489582471549511,0.825
./Datasets/KADID10K/images/I74_20_02.png,0.00178626854903996,0.6675
./Datasets/KADID10K/images/I74_20_03.png,0.002004366833716631,0.6575
./Datasets/KADID10K/images/I74_20_04.png,0.0019929506815969944,0.525
./Datasets/KADID10K/images/I74_20_05.png,0.0029523519333451986,0.4175
./Datasets/KADID10K/images/I74_21_01.png,0.003862787038087845,0.7325
./Datasets/KADID10K/images/I74_21_02.png,0.025382811203598976,0.5575
./Datasets/KADID10K/images/I74_21_03.png,0.08684016764163971,0.3175
./Datasets/KADID10K/images/I74_21_04.png,0.0894535705447197,0.35750000000000004
./Datasets/KADID10K/images/I74_21_05.png,0.5555733442306519,0.1175
./Datasets/KADID10K/images/I74_22_01.png,0.0012578231981024146,0.8574999999999999
./Datasets/KADID10K/images/I74_22_02.png,0.000993644935078919,0.875
./Datasets/KADID10K/images/I74_22_03.png,0.0006295869825407863,0.825
./Datasets/KADID10K/images/I74_22_04.png,0.0009744712733663619,0.8500000000000001
./Datasets/KADID10K/images/I74_22_05.png,0.00026209335192106664,0.6675
./Datasets/KADID10K/images/I74_23_01.png,0.0023317968007177114,0.3175
./Datasets/KADID10K/images/I74_23_02.png,0.006129865534603596,0.32499999999999996
./Datasets/KADID10K/images/I74_23_03.png,0.0027905842289328575,0.3075
./Datasets/KADID10K/images/I74_23_04.png,0.008224285207688808,0.20750000000000002
./Datasets/KADID10K/images/I74_23_05.png,0.01118871383368969,0.25749999999999995
./Datasets/KADID10K/images/I74_24_01.png,3.1217627110891044e-05,0.6575
./Datasets/KADID10K/images/I74_24_02.png,4.925857138005085e-05,0.4075
./Datasets/KADID10K/images/I74_24_03.png,0.00030001765117049217,0.3325
./Datasets/KADID10K/images/I74_24_04.png,0.0029727306682616472,0.1825
./Datasets/KADID10K/images/I74_24_05.png,0.003609192091971636,0.07500000000000001
./Datasets/KADID10K/images/I74_25_01.png,2.09302543225931e-05,0.625
./Datasets/KADID10K/images/I74_25_02.png,6.358728569466621e-05,0.7175
./Datasets/KADID10K/images/I74_25_03.png,0.00036352212191559374,0.8574999999999999
./Datasets/KADID10K/images/I74_25_04.png,0.005551322363317013,0.725
./Datasets/KADID10K/images/I74_25_05.png,0.012087294831871986,0.5075
./Datasets/KADID10K/images/I75_01_01.png,0.0027604340575635433,0.8425
./Datasets/KADID10K/images/I75_01_02.png,0.03463549539446831,0.8574999999999999
./Datasets/KADID10K/images/I75_01_03.png,0.20384636521339417,0.375
./Datasets/KADID10K/images/I75_01_04.png,0.3494028151035309,0.21750000000000003
./Datasets/KADID10K/images/I75_01_05.png,0.6741694211959839,0.09999999999999998
./Datasets/KADID10K/images/I75_02_01.png,0.11693020164966583,0.7575000000000001
./Datasets/KADID10K/images/I75_02_02.png,0.2161032110452652,0.4175
./Datasets/KADID10K/images/I75_02_03.png,0.40688928961753845,0.13
./Datasets/KADID10K/images/I75_02_04.png,0.5782065391540527,0.15000000000000002
./Datasets/KADID10K/images/I75_02_05.png,0.6385070085525513,0.0675
./Datasets/KADID10K/images/I75_03_01.png,0.0027604340575635433,0.875
./Datasets/KADID10K/images/I75_03_02.png,0.05138900503516197,0.7425
./Datasets/KADID10K/images/I75_03_03.png,0.18996097147464752,0.39249999999999996
./Datasets/KADID10K/images/I75_03_04.png,0.2133203148841858,0.25749999999999995
./Datasets/KADID10K/images/I75_03_05.png,0.2790721654891968,0.2
./Datasets/KADID10K/images/I75_04_01.png,0.003981012385338545,0.8674999999999999
./Datasets/KADID10K/images/I75_04_02.png,0.05578836426138878,0.40249999999999997
./Datasets/KADID10K/images/I75_04_03.png,0.15228772163391113,0.1825
./Datasets/KADID10K/images/I75_04_04.png,0.21282629668712616,0.175
./Datasets/KADID10K/images/I75_04_05.png,0.20492036640644073,0.15000000000000002
./Datasets/KADID10K/images/I75_05_01.png,0.03318294510245323,0.7825
./Datasets/KADID10K/images/I75_05_02.png,0.06482130289077759,0.23249999999999998
./Datasets/KADID10K/images/I75_05_03.png,0.07198712229728699,0.21000000000000002
./Datasets/KADID10K/images/I75_05_04.png,0.07075896114110947,0.15000000000000002
./Datasets/KADID10K/images/I75_05_05.png,0.07716266065835953,0.1925
./Datasets/KADID10K/images/I75_06_01.png,0.003792327595874667,0.8325
./Datasets/KADID10K/images/I75_06_02.png,0.004633499309420586,0.7825
./Datasets/KADID10K/images/I75_06_03.png,0.005540135316550732,0.7325
./Datasets/KADID10K/images/I75_06_04.png,0.004166723228991032,0.625
./Datasets/KADID10K/images/I75_06_05.png,0.0006666191038675606,0.44999999999999996
./Datasets/KADID10K/images/I75_07_01.png,0.008853645995259285,0.4075
./Datasets/KADID10K/images/I75_07_02.png,0.026637306436896324,0.38249999999999995
./Datasets/KADID10K/images/I75_07_03.png,0.03765412047505379,0.49250000000000005
./Datasets/KADID10K/images/I75_07_04.png,0.03978121280670166,0.2825
./Datasets/KADID10K/images/I75_07_05.png,0.012783668003976345,0.3175
./Datasets/KADID10K/images/I75_08_01.png,0.0027604340575635433,0.9175
./Datasets/KADID10K/images/I75_08_02.png,0.016235854476690292,0.4675
./Datasets/KADID10K/images/I75_08_03.png,0.07364228367805481,0.4
./Datasets/KADID10K/images/I75_08_04.png,0.2005324363708496,0.3175
./Datasets/KADID10K/images/I75_08_05.png,0.25096595287323,0.20750000000000002
./Datasets/KADID10K/images/I75_09_01.png,0.005095278844237328,0.875
./Datasets/KADID10K/images/I75_09_02.png,0.013745280914008617,0.8825000000000001
./Datasets/KADID10K/images/I75_09_03.png,0.028745252639055252,0.8999999999999999
./Datasets/KADID10K/images/I75_09_04.png,0.27562177181243896,0.6
./Datasets/KADID10K/images/I75_09_05.png,0.6216275691986084,0.2
./Datasets/KADID10K/images/I75_10_01.png,0.09119400382041931,0.7825
./Datasets/KADID10K/images/I75_10_02.png,0.1001756340265274,0.7825
./Datasets/KADID10K/images/I75_10_03.png,0.2179252952337265,0.6925
./Datasets/KADID10K/images/I75_10_04.png,0.5877799391746521,0.15000000000000002
./Datasets/KADID10K/images/I75_10_05.png,0.7625383138656616,0.057499999999999996
./Datasets/KADID10K/images/I75_11_01.png,0.07344149798154831,0.6575
./Datasets/KADID10K/images/I75_11_02.png,0.139492005109787,0.525
./Datasets/KADID10K/images/I75_11_03.png,0.19161508977413177,0.4425
./Datasets/KADID10K/images/I75_11_04.png,0.27197158336639404,0.4425
./Datasets/KADID10K/images/I75_11_05.png,0.3330332338809967,0.35
./Datasets/KADID10K/images/I75_12_01.png,0.022907845675945282,0.8825000000000001
./Datasets/KADID10K/images/I75_12_02.png,0.12688210606575012,0.5675
./Datasets/KADID10K/images/I75_12_03.png,0.19750195741653442,0.5075
./Datasets/KADID10K/images/I75_12_04.png,0.2716997563838959,0.38249999999999995
./Datasets/KADID10K/images/I75_12_05.png,0.33068278431892395,0.35
./Datasets/KADID10K/images/I75_13_01.png,0.0002526853932067752,0.6175
./Datasets/KADID10K/images/I75_13_02.png,1.2178276847407687e-05,0.39249999999999996
./Datasets/KADID10K/images/I75_13_03.png,0.0001694126840448007,0.375
./Datasets/KADID10K/images/I75_13_04.png,0.01095901895314455,0.35750000000000004
./Datasets/KADID10K/images/I75_13_05.png,0.08795292675495148,0.25
./Datasets/KADID10K/images/I75_14_01.png,0.013865948654711246,0.8
./Datasets/KADID10K/images/I75_14_02.png,0.06385646015405655,0.5825
./Datasets/KADID10K/images/I75_14_03.png,0.11117658764123917,0.4675
./Datasets/KADID10K/images/I75_14_04.png,0.19399034976959229,0.3175
./Datasets/KADID10K/images/I75_14_05.png,0.3245127201080322,0.25
./Datasets/KADID10K/images/I75_15_01.png,0.2889355421066284,0.6825
./Datasets/KADID10K/images/I75_15_02.png,0.3971119821071625,0.42500000000000004
./Datasets/KADID10K/images/I75_15_03.png,0.4750446379184723,0.25749999999999995
./Datasets/KADID10K/images/I75_15_04.png,0.5645092725753784,0.16749999999999998
./Datasets/KADID10K/images/I75_15_05.png,0.6058069467544556,0.04249999999999998
./Datasets/KADID10K/images/I75_16_01.png,0.0034771631471812725,0.8825000000000001
./Datasets/KADID10K/images/I75_16_02.png,0.0042889732867479324,0.7575000000000001
./Datasets/KADID10K/images/I75_16_03.png,0.004392857663333416,0.625
./Datasets/KADID10K/images/I75_16_04.png,0.006071465089917183,0.49250000000000005
./Datasets/KADID10K/images/I75_16_05.png,0.036264240741729736,0.21750000000000003
./Datasets/KADID10K/images/I75_17_01.png,0.002535465871915221,0.9175
./Datasets/KADID10K/images/I75_17_02.png,0.0022455714643001556,0.875
./Datasets/KADID10K/images/I75_17_03.png,0.0018862348515540361,0.825
./Datasets/KADID10K/images/I75_17_04.png,0.0012188816908746958,0.5675
./Datasets/KADID10K/images/I75_17_05.png,0.0035904590040445328,0.20750000000000002
./Datasets/KADID10K/images/I75_18_01.png,0.002394892508164048,0.8
./Datasets/KADID10K/images/I75_18_02.png,0.0021077152341604233,0.875
./Datasets/KADID10K/images/I75_18_03.png,0.0027604340575635433,0.95
./Datasets/KADID10K/images/I75_18_04.png,0.0005874388152733445,0.8300000000000001
./Datasets/KADID10K/images/I75_18_05.png,0.00039916191599331796,0.625
./Datasets/KADID10K/images/I75_19_01.png,0.01187426783144474,0.8674999999999999
./Datasets/KADID10K/images/I75_19_02.png,0.031205561012029648,0.7425
./Datasets/KADID10K/images/I75_19_03.png,0.0829954519867897,0.5575
./Datasets/KADID10K/images/I75_19_04.png,0.16942457854747772,0.16749999999999998
./Datasets/KADID10K/images/I75_19_05.png,0.12420166283845901,0.04999999999999999
./Datasets/KADID10K/images/I75_20_01.png,0.0025398205034434795,0.5825
./Datasets/KADID10K/images/I75_20_02.png,0.002723856596276164,0.7325
./Datasets/KADID10K/images/I75_20_03.png,0.00207615178078413,0.4675
./Datasets/KADID10K/images/I75_20_04.png,0.0038288841024041176,0.4575
./Datasets/KADID10K/images/I75_20_05.png,0.003332290565595031,0.5175
./Datasets/KADID10K/images/I75_21_01.png,0.0033967120107263327,0.625
./Datasets/KADID10K/images/I75_21_02.png,0.010527223348617554,0.3325
./Datasets/KADID10K/images/I75_21_03.png,0.03864751756191254,0.36750000000000005
./Datasets/KADID10K/images/I75_21_04.png,0.08220028877258301,0.32499999999999996
./Datasets/KADID10K/images/I75_21_05.png,0.28137725591659546,0.10749999999999998
./Datasets/KADID10K/images/I75_22_01.png,0.014946586452424526,0.8500000000000001
./Datasets/KADID10K/images/I75_22_02.png,0.025207029655575752,0.7075
./Datasets/KADID10K/images/I75_22_03.png,0.030234865844249725,0.6575
./Datasets/KADID10K/images/I75_22_04.png,0.059938944876194,0.39249999999999996
./Datasets/KADID10K/images/I75_22_05.png,0.06206414848566055,0.3425
./Datasets/KADID10K/images/I75_23_01.png,0.005554674658924341,0.375
./Datasets/KADID10K/images/I75_23_02.png,0.005027757957577705,0.3325
./Datasets/KADID10K/images/I75_23_03.png,0.0046123624779284,0.275
./Datasets/KADID10K/images/I75_23_04.png,0.00490747531875968,0.20750000000000002
./Datasets/KADID10K/images/I75_23_05.png,0.0038119922392070293,0.22499999999999998
./Datasets/KADID10K/images/I75_24_01.png,0.0002673762501217425,0.6325
./Datasets/KADID10K/images/I75_24_02.png,0.00017640370060689747,0.35
./Datasets/KADID10K/images/I75_24_03.png,0.00022003601770848036,0.32499999999999996
./Datasets/KADID10K/images/I75_24_04.png,0.0003043462347704917,0.1825
./Datasets/KADID10K/images/I75_24_05.png,0.001649768091738224,0.09999999999999998
./Datasets/KADID10K/images/I75_25_01.png,0.00039812634349800646,0.5675
./Datasets/KADID10K/images/I75_25_02.png,0.0005989327910356224,0.7
./Datasets/KADID10K/images/I75_25_03.png,0.0011725393123924732,0.8574999999999999
./Datasets/KADID10K/images/I75_25_04.png,0.010861815884709358,0.7425
./Datasets/KADID10K/images/I75_25_05.png,0.027845287695527077,0.4675
./Datasets/KADID10K/images/I76_01_01.png,0.005673468578606844,0.9275
./Datasets/KADID10K/images/I76_01_02.png,0.06557102501392365,0.8674999999999999
./Datasets/KADID10K/images/I76_01_03.png,0.24125893414020538,0.4675
./Datasets/KADID10K/images/I76_01_04.png,0.47235196828842163,0.14250000000000002
./Datasets/KADID10K/images/I76_01_05.png,0.7921374440193176,0.08250000000000002
./Datasets/KADID10K/images/I76_02_01.png,0.16882191598415375,0.7075
./Datasets/KADID10K/images/I76_02_02.png,0.2771172821521759,0.4
./Datasets/KADID10K/images/I76_02_03.png,0.48464590311050415,0.15000000000000002
./Datasets/KADID10K/images/I76_02_04.png,0.6375615000724792,0.0675
./Datasets/KADID10K/images/I76_02_05.png,0.7025808691978455,0.0675
./Datasets/KADID10K/images/I76_03_01.png,0.005673468578606844,0.925
./Datasets/KADID10K/images/I76_03_02.png,0.0679883360862732,0.7075
./Datasets/KADID10K/images/I76_03_03.png,0.3461209535598755,0.38249999999999995
./Datasets/KADID10K/images/I76_03_04.png,0.2790052890777588,0.20750000000000002
./Datasets/KADID10K/images/I76_03_05.png,0.35143908858299255,0.15749999999999997
./Datasets/KADID10K/images/I76_04_01.png,0.007649384438991547,0.8925000000000001
./Datasets/KADID10K/images/I76_04_02.png,0.016300879418849945,0.39249999999999996
./Datasets/KADID10K/images/I76_04_03.png,0.01834043487906456,0.15749999999999997
./Datasets/KADID10K/images/I76_04_04.png,0.019678344950079918,0.14500000000000002
./Datasets/KADID10K/images/I76_04_05.png,0.019371313974261284,0.08250000000000002
./Datasets/KADID10K/images/I76_05_01.png,0.04660019651055336,0.875
./Datasets/KADID10K/images/I76_05_02.png,0.24962861835956573,0.36750000000000005
./Datasets/KADID10K/images/I76_05_03.png,0.3360964357852936,0.1825
./Datasets/KADID10K/images/I76_05_04.png,0.3199009597301483,0.1825
./Datasets/KADID10K/images/I76_05_05.png,0.3181746006011963,0.1925
./Datasets/KADID10K/images/I76_06_01.png,0.0006215803441591561,0.8174999999999999
./Datasets/KADID10K/images/I76_06_02.png,0.0001407234522048384,0.7425
./Datasets/KADID10K/images/I76_06_03.png,0.00023541580594610423,0.65
./Datasets/KADID10K/images/I76_06_04.png,0.0005967859760858119,0.5175
./Datasets/KADID10K/images/I76_06_05.png,0.00012643502850551158,0.3175
./Datasets/KADID10K/images/I76_07_01.png,0.010795102454721928,0.5175
./Datasets/KADID10K/images/I76_07_02.png,0.026061320677399635,0.3425
./Datasets/KADID10K/images/I76_07_03.png,0.03541051968932152,0.4
./Datasets/KADID10K/images/I76_07_04.png,0.02674020268023014,0.35
./Datasets/KADID10K/images/I76_07_05.png,0.048488762229681015,0.2825
./Datasets/KADID10K/images/I76_08_01.png,0.005673468578606844,0.875
./Datasets/KADID10K/images/I76_08_02.png,0.022575508803129196,0.575
./Datasets/KADID10K/images/I76_08_03.png,0.08150814473628998,0.3325
./Datasets/KADID10K/images/I76_08_04.png,0.2062753587961197,0.14250000000000002
./Datasets/KADID10K/images/I76_08_05.png,0.20864750444889069,0.09250000000000003
./Datasets/KADID10K/images/I76_09_01.png,0.05081906542181969,0.8075000000000001
./Datasets/KADID10K/images/I76_09_02.png,0.18388913571834564,0.625
./Datasets/KADID10K/images/I76_09_03.png,0.39286211133003235,0.525
./Datasets/KADID10K/images/I76_09_04.png,0.6000434756278992,0.15000000000000002
./Datasets/KADID10K/images/I76_09_05.png,0.8309295773506165,0.1175
./Datasets/KADID10K/images/I76_10_01.png,0.052929140627384186,0.8500000000000001
./Datasets/KADID10K/images/I76_10_02.png,0.043630629777908325,0.7675000000000001
./Datasets/KADID10K/images/I76_10_03.png,0.11032946407794952,0.7
./Datasets/KADID10K/images/I76_10_04.png,0.5604811310768127,0.21750000000000003
./Datasets/KADID10K/images/I76_10_05.png,0.8135830163955688,0.09999999999999998
./Datasets/KADID10K/images/I76_11_01.png,0.011190206743776798,0.7675000000000001
./Datasets/KADID10K/images/I76_11_02.png,0.031669292598962784,0.6675
./Datasets/KADID10K/images/I76_11_03.png,0.06546245515346527,0.5425
./Datasets/KADID10K/images/I76_11_04.png,0.1396118849515915,0.49250000000000005
./Datasets/KADID10K/images/I76_11_05.png,0.2846340239048004,0.32499999999999996
./Datasets/KADID10K/images/I76_12_01.png,0.005545223597437143,0.8174999999999999
./Datasets/KADID10K/images/I76_12_02.png,0.02556346170604229,0.675
./Datasets/KADID10K/images/I76_12_03.png,0.06846270710229874,0.6175
./Datasets/KADID10K/images/I76_12_04.png,0.1578909456729889,0.4425
./Datasets/KADID10K/images/I76_12_05.png,0.230819433927536,0.32499999999999996
./Datasets/KADID10K/images/I76_13_01.png,0.0076068914495408535,0.7825
./Datasets/KADID10K/images/I76_13_02.png,0.01262715458869934,0.4575
./Datasets/KADID10K/images/I76_13_03.png,0.035727012902498245,0.4075
./Datasets/KADID10K/images/I76_13_04.png,0.08053575456142426,0.275
./Datasets/KADID10K/images/I76_13_05.png,0.2102389633655548,0.3075
./Datasets/KADID10K/images/I76_14_01.png,0.005967259872704744,0.8500000000000001
./Datasets/KADID10K/images/I76_14_02.png,0.01548511441797018,0.7425
./Datasets/KADID10K/images/I76_14_03.png,0.023550696671009064,0.5975
./Datasets/KADID10K/images/I76_14_04.png,0.05909668654203415,0.5425
./Datasets/KADID10K/images/I76_14_05.png,0.1619126796722412,0.32499999999999996
./Datasets/KADID10K/images/I76_15_01.png,0.30049389600753784,0.71
./Datasets/KADID10K/images/I76_15_02.png,0.4740883409976959,0.4575
./Datasets/KADID10K/images/I76_15_03.png,0.5574104189872742,0.4
./Datasets/KADID10K/images/I76_15_04.png,0.6479482054710388,0.1325
./Datasets/KADID10K/images/I76_15_05.png,0.6942256093025208,0.09250000000000003
./Datasets/KADID10K/images/I76_16_01.png,0.00699950847774744,0.8500000000000001
./Datasets/KADID10K/images/I76_16_02.png,0.007820194587111473,0.8075000000000001
./Datasets/KADID10K/images/I76_16_03.png,0.008920719847083092,0.6675
./Datasets/KADID10K/images/I76_16_04.png,0.010622786357998848,0.3325
./Datasets/KADID10K/images/I76_16_05.png,0.009363897144794464,0.3075
./Datasets/KADID10K/images/I76_17_01.png,0.004652190487831831,0.9075
./Datasets/KADID10K/images/I76_17_02.png,0.003585000755265355,0.8574999999999999
./Datasets/KADID10K/images/I76_17_03.png,0.001808134838938713,0.7825
./Datasets/KADID10K/images/I76_17_04.png,0.00037834601243957877,0.7325
./Datasets/KADID10K/images/I76_17_05.png,0.00014653422113042325,0.21750000000000003
./Datasets/KADID10K/images/I76_18_01.png,0.005202229134738445,0.8500000000000001
./Datasets/KADID10K/images/I76_18_02.png,0.00533855939283967,0.8674999999999999
./Datasets/KADID10K/images/I76_18_03.png,0.005673468578606844,0.895
./Datasets/KADID10K/images/I76_18_04.png,0.00036196663859300315,0.8174999999999999
./Datasets/KADID10K/images/I76_18_05.png,7.514502067351714e-05,0.725
./Datasets/KADID10K/images/I76_19_01.png,0.028681213036179543,0.8
./Datasets/KADID10K/images/I76_19_02.png,0.08699014037847519,0.6825
./Datasets/KADID10K/images/I76_19_03.png,0.10999986529350281,0.5175
./Datasets/KADID10K/images/I76_19_04.png,0.3687138259410858,0.08250000000000002
./Datasets/KADID10K/images/I76_19_05.png,0.3958249092102051,0.08250000000000002
./Datasets/KADID10K/images/I76_20_01.png,0.005716389045119286,0.8325
./Datasets/KADID10K/images/I76_20_02.png,0.005748280789703131,0.8425
./Datasets/KADID10K/images/I76_20_03.png,0.0063138557597994804,0.8825000000000001
./Datasets/KADID10K/images/I76_20_04.png,0.009773962199687958,0.75
./Datasets/KADID10K/images/I76_20_05.png,0.007313023786991835,0.6925
./Datasets/KADID10K/images/I76_21_01.png,0.011104820296168327,0.7075
./Datasets/KADID10K/images/I76_21_02.png,0.014861032366752625,0.4
./Datasets/KADID10K/images/I76_21_03.png,0.03373109549283981,0.39249999999999996
./Datasets/KADID10K/images/I76_21_04.png,0.040692150592803955,0.32499999999999996
./Datasets/KADID10K/images/I76_21_05.png,0.4735562801361084,0.04249999999999998
./Datasets/KADID10K/images/I76_22_01.png,0.006468517240136862,0.8500000000000001
./Datasets/KADID10K/images/I76_22_02.png,0.002928519155830145,0.8674999999999999
./Datasets/KADID10K/images/I76_22_03.png,0.0018295157933607697,0.7825
./Datasets/KADID10K/images/I76_22_04.png,0.0016813363181427121,0.8
./Datasets/KADID10K/images/I76_22_05.png,0.0018756837816908956,0.5925
./Datasets/KADID10K/images/I76_23_01.png,0.0073322332464158535,0.4325
./Datasets/KADID10K/images/I76_23_02.png,0.010460426099598408,0.36750000000000005
./Datasets/KADID10K/images/I76_23_03.png,0.011966158635914326,0.3175
./Datasets/KADID10K/images/I76_23_04.png,0.011450397782027721,0.2925
./Datasets/KADID10K/images/I76_23_05.png,0.02998846024274826,0.1925
./Datasets/KADID10K/images/I76_24_01.png,8.248929225374013e-05,0.5675
./Datasets/KADID10K/images/I76_24_02.png,5.296091330819763e-05,0.32499999999999996
./Datasets/KADID10K/images/I76_24_03.png,0.00016435822180937976,0.25
./Datasets/KADID10K/images/I76_24_04.png,0.0044034565798938274,0.1325
./Datasets/KADID10K/images/I76_24_05.png,0.043122339993715286,0.025000000000000022
./Datasets/KADID10K/images/I76_25_01.png,8.668593363836408e-05,0.5425
./Datasets/KADID10K/images/I76_25_02.png,0.000285950256511569,0.7075
./Datasets/KADID10K/images/I76_25_03.png,0.001134305726736784,0.7175
./Datasets/KADID10K/images/I76_25_04.png,0.01852978579699993,0.7925
./Datasets/KADID10K/images/I76_25_05.png,0.04637110233306885,0.5675
./Datasets/KADID10K/images/I77_01_01.png,1.4765732885280158e-06,0.9075
./Datasets/KADID10K/images/I77_01_02.png,0.00029777525924146175,0.8999999999999999
./Datasets/KADID10K/images/I77_01_03.png,0.08196256309747696,0.4675
./Datasets/KADID10K/images/I77_01_04.png,0.2815340757369995,0.25
./Datasets/KADID10K/images/I77_01_05.png,0.6793327331542969,0.10749999999999998
./Datasets/KADID10K/images/I77_02_01.png,0.009360270574688911,0.7025
./Datasets/KADID10K/images/I77_02_02.png,0.1268521547317505,0.44999999999999996
./Datasets/KADID10K/images/I77_02_03.png,0.2937012314796448,0.21750000000000003
./Datasets/KADID10K/images/I77_02_04.png,0.4362886846065521,0.1175
./Datasets/KADID10K/images/I77_02_05.png,0.5609390735626221,0.1175
./Datasets/KADID10K/images/I77_03_01.png,1.4765732885280158e-06,0.9125000000000001
./Datasets/KADID10K/images/I77_03_02.png,0.00055950932437554,0.7675000000000001
./Datasets/KADID10K/images/I77_03_03.png,0.02136966399848461,0.4425
./Datasets/KADID10K/images/I77_03_04.png,0.058134935796260834,0.26749999999999996
./Datasets/KADID10K/images/I77_03_05.png,0.09048071503639221,0.14250000000000002
./Datasets/KADID10K/images/I77_04_01.png,1.0401929102954455e-05,0.8674999999999999
./Datasets/KADID10K/images/I77_04_02.png,0.0007887798128649592,0.23249999999999998
./Datasets/KADID10K/images/I77_04_03.png,0.018613243475556374,0.10749999999999998
./Datasets/KADID10K/images/I77_04_04.png,0.06801584362983704,0.08250000000000002
./Datasets/KADID10K/images/I77_04_05.png,0.156000018119812,0.07500000000000001
./Datasets/KADID10K/images/I77_05_01.png,1.274237274628831e-05,0.875
./Datasets/KADID10K/images/I77_05_02.png,7.605931023135781e-05,0.39249999999999996
./Datasets/KADID10K/images/I77_05_03.png,0.0002681413316167891,0.36750000000000005
./Datasets/KADID10K/images/I77_05_04.png,0.00037264800630509853,0.32499999999999996
./Datasets/KADID10K/images/I77_05_05.png,0.0005024538259021938,0.3325
./Datasets/KADID10K/images/I77_06_01.png,1.9298731785966083e-06,0.8425
./Datasets/KADID10K/images/I77_06_02.png,1.041492623699014e-06,0.7425
./Datasets/KADID10K/images/I77_06_03.png,8.357249043910997e-07,0.75
./Datasets/KADID10K/images/I77_06_04.png,3.578897462830355e-07,0.5675
./Datasets/KADID10K/images/I77_06_05.png,1.026400468617794e-06,0.4325
./Datasets/KADID10K/images/I77_07_01.png,0.00015078793512657285,0.3425
./Datasets/KADID10K/images/I77_07_02.png,0.006267065182328224,0.32499999999999996
./Datasets/KADID10K/images/I77_07_03.png,0.019623203203082085,0.23249999999999998
./Datasets/KADID10K/images/I77_07_04.png,0.019035231322050095,0.3075
./Datasets/KADID10K/images/I77_07_05.png,0.0013690795749425888,0.1925
./Datasets/KADID10K/images/I77_08_01.png,1.4765732885280158e-06,0.9325000000000001
./Datasets/KADID10K/images/I77_08_02.png,0.00025743315927684307,0.4675
./Datasets/KADID10K/images/I77_08_03.png,0.006702894810587168,0.26749999999999996
./Datasets/KADID10K/images/I77_08_04.png,0.09000201523303986,0.08000000000000002
./Datasets/KADID10K/images/I77_08_05.png,0.18695995211601257,0.0675
./Datasets/KADID10K/images/I77_09_01.png,4.3199117499170825e-05,0.9575
./Datasets/KADID10K/images/I77_09_02.png,0.0018948223441839218,0.7825
./Datasets/KADID10K/images/I77_09_03.png,0.023109540343284607,0.7075
./Datasets/KADID10K/images/I77_09_04.png,0.27832022309303284,0.3175
./Datasets/KADID10K/images/I77_09_05.png,0.6539908051490784,0.09749999999999998
./Datasets/KADID10K/images/I77_10_01.png,0.0004126517160329968,0.8674999999999999
./Datasets/KADID10K/images/I77_10_02.png,0.000350948772393167,0.8425
./Datasets/KADID10K/images/I77_10_03.png,0.0020865409169346094,0.825
./Datasets/KADID10K/images/I77_10_04.png,0.3371483087539673,0.25749999999999995
./Datasets/KADID10K/images/I77_10_05.png,0.7260165810585022,0.09749999999999998
./Datasets/KADID10K/images/I77_11_01.png,0.00017955194925889373,0.855
./Datasets/KADID10K/images/I77_11_02.png,0.0010472533758729696,0.6825
./Datasets/KADID10K/images/I77_11_03.png,0.005241659935563803,0.625
./Datasets/KADID10K/images/I77_11_04.png,0.014774157665669918,0.4325
./Datasets/KADID10K/images/I77_11_05.png,0.09267135709524155,0.3425
./Datasets/KADID10K/images/I77_12_01.png,6.394158845068887e-06,0.8825000000000001
./Datasets/KADID10K/images/I77_12_02.png,0.0003616271133068949,0.79
./Datasets/KADID10K/images/I77_12_03.png,0.004802800714969635,0.6175
./Datasets/KADID10K/images/I77_12_04.png,0.0448579341173172,0.5325
./Datasets/KADID10K/images/I77_12_05.png,0.1199800968170166,0.35
./Datasets/KADID10K/images/I77_13_01.png,9.436707415488854e-09,0.65
./Datasets/KADID10K/images/I77_13_02.png,1.0091339222584317e-11,0.5575
./Datasets/KADID10K/images/I77_13_03.png,8.260066242105069e-12,0.475
./Datasets/KADID10K/images/I77_13_04.png,1.1515652431626222e-07,0.32499999999999996
./Datasets/KADID10K/images/I77_13_05.png,0.00028448321972973645,0.26749999999999996
./Datasets/KADID10K/images/I77_14_01.png,3.0979651910456596e-06,0.8925000000000001
./Datasets/KADID10K/images/I77_14_02.png,9.2319656687323e-05,0.75
./Datasets/KADID10K/images/I77_14_03.png,0.0007206940790638328,0.6575
./Datasets/KADID10K/images/I77_14_04.png,0.005607411731034517,0.5
./Datasets/KADID10K/images/I77_14_05.png,0.08524652570486069,0.26749999999999996
./Datasets/KADID10K/images/I77_15_01.png,0.008576905354857445,0.6325
./Datasets/KADID10K/images/I77_15_02.png,0.1985720694065094,0.4425
./Datasets/KADID10K/images/I77_15_03.png,0.33484864234924316,0.35750000000000004
./Datasets/KADID10K/images/I77_15_04.png,0.55268794298172,0.2
./Datasets/KADID10K/images/I77_15_05.png,0.6389489769935608,0.1825
./Datasets/KADID10K/images/I77_16_01.png,2.387988160990062e-06,0.8500000000000001
./Datasets/KADID10K/images/I77_16_02.png,3.774636752496008e-06,0.7825
./Datasets/KADID10K/images/I77_16_03.png,1.1014053598046303e-05,0.6925
./Datasets/KADID10K/images/I77_16_04.png,1.126367806136841e-05,0.5675
./Datasets/KADID10K/images/I77_16_05.png,1.749713374010753e-05,0.275
./Datasets/KADID10K/images/I77_17_01.png,1.109058530346374e-06,0.875
./Datasets/KADID10K/images/I77_17_02.png,8.012307830540522e-07,0.9424999999999999
./Datasets/KADID10K/images/I77_17_03.png,4.716442276730959e-07,0.7925
./Datasets/KADID10K/images/I77_17_04.png,1.4947180204671895e-07,0.6925
./Datasets/KADID10K/images/I77_17_05.png,3.4035481348837493e-06,0.3075
./Datasets/KADID10K/images/I77_18_01.png,1.985918743230286e-06,0.8500000000000001
./Datasets/KADID10K/images/I77_18_02.png,1.5074185739649693e-06,0.925
./Datasets/KADID10K/images/I77_18_03.png,1.4765732885280158e-06,0.875
./Datasets/KADID10K/images/I77_18_04.png,1.1901054364216179e-07,0.8425
./Datasets/KADID10K/images/I77_18_05.png,4.931756336645776e-08,0.7825
./Datasets/KADID10K/images/I77_19_01.png,1.6615460481261835e-05,0.7749999999999999
./Datasets/KADID10K/images/I77_19_02.png,7.103267125785351e-05,0.7749999999999999
./Datasets/KADID10K/images/I77_19_03.png,0.0017492964398115873,0.5575
./Datasets/KADID10K/images/I77_19_04.png,0.07373063266277313,0.3075
./Datasets/KADID10K/images/I77_19_05.png,0.16045215725898743,0.14250000000000002
./Datasets/KADID10K/images/I77_20_01.png,1.059294845617842e-06,0.9175
./Datasets/KADID10K/images/I77_20_02.png,4.1944946360672475e-07,0.7925
./Datasets/KADID10K/images/I77_20_03.png,2.5710000954859424e-06,0.7925
./Datasets/KADID10K/images/I77_20_04.png,1.1519313147800858e-06,0.7575000000000001
./Datasets/KADID10K/images/I77_20_05.png,3.592237135308096e-06,0.7175
./Datasets/KADID10K/images/I77_21_01.png,6.398495770554291e-06,0.7325
./Datasets/KADID10K/images/I77_21_02.png,4.2811112507479265e-05,0.5
./Datasets/KADID10K/images/I77_21_03.png,0.00010482557991053909,0.4575
./Datasets/KADID10K/images/I77_21_04.png,0.0005885681021027267,0.42500000000000004
./Datasets/KADID10K/images/I77_21_05.png,0.313400536775589,0.1925
./Datasets/KADID10K/images/I77_22_01.png,1.1180745786987245e-05,0.8999999999999999
./Datasets/KADID10K/images/I77_22_02.png,1.5142702068260405e-05,0.8925000000000001
./Datasets/KADID10K/images/I77_22_03.png,1.8988728697877377e-05,0.8174999999999999
./Datasets/KADID10K/images/I77_22_04.png,3.20858925988432e-05,0.8
./Datasets/KADID10K/images/I77_22_05.png,0.0001929979189299047,0.6675
./Datasets/KADID10K/images/I77_23_01.png,5.49267269889242e-06,0.36750000000000005
./Datasets/KADID10K/images/I77_23_02.png,8.092431926343124e-06,0.25
./Datasets/KADID10K/images/I77_23_03.png,2.422310171823483e-05,0.1825
./Datasets/KADID10K/images/I77_23_04.png,2.1345398636185564e-05,0.2925
./Datasets/KADID10K/images/I77_23_05.png,0.0002769417769741267,0.3175
./Datasets/KADID10K/images/I77_24_01.png,2.016411372096627e-06,0.7575000000000001
./Datasets/KADID10K/images/I77_24_02.png,5.661690465785796e-06,0.4075
./Datasets/KADID10K/images/I77_24_03.png,1.2771216461260337e-05,0.2925
./Datasets/KADID10K/images/I77_24_04.png,2.2784848624723963e-05,0.1775
./Datasets/KADID10K/images/I77_24_05.png,2.6576015443424694e-05,0.0675
./Datasets/KADID10K/images/I77_25_01.png,2.471247739777027e-07,0.7075
./Datasets/KADID10K/images/I77_25_02.png,3.1146859669206606e-07,0.7175
./Datasets/KADID10K/images/I77_25_03.png,6.457772769863368e-07,0.8500000000000001
./Datasets/KADID10K/images/I77_25_04.png,5.601299108093372e-06,0.7925
./Datasets/KADID10K/images/I77_25_05.png,3.836457108263858e-05,0.675
./Datasets/KADID10K/images/I78_01_01.png,0.07394912093877792,0.875
./Datasets/KADID10K/images/I78_01_02.png,0.17133651673793793,0.8574999999999999
./Datasets/KADID10K/images/I78_01_03.png,0.3790225088596344,0.5
./Datasets/KADID10K/images/I78_01_04.png,0.5632978081703186,0.2925
./Datasets/KADID10K/images/I78_01_05.png,0.7718824744224548,0.16749999999999998
./Datasets/KADID10K/images/I78_02_01.png,0.28895801305770874,0.7825
./Datasets/KADID10K/images/I78_02_02.png,0.4034157693386078,0.475
./Datasets/KADID10K/images/I78_02_03.png,0.5828952193260193,0.22499999999999998
./Datasets/KADID10K/images/I78_02_04.png,0.5711592435836792,0.16749999999999998
./Datasets/KADID10K/images/I78_02_05.png,0.6784975528717041,0.1325
./Datasets/KADID10K/images/I78_03_01.png,0.07394912093877792,0.9175
./Datasets/KADID10K/images/I78_03_02.png,0.24213862419128418,0.8700000000000001
./Datasets/KADID10K/images/I78_03_03.png,0.3397183418273926,0.4675
./Datasets/KADID10K/images/I78_03_04.png,0.3484070599079132,0.2825
./Datasets/KADID10K/images/I78_03_05.png,0.45361918210983276,0.275
./Datasets/KADID10K/images/I78_04_01.png,0.09535674750804901,0.8999999999999999
./Datasets/KADID10K/images/I78_04_02.png,0.033573951572179794,0.4675
./Datasets/KADID10K/images/I78_04_03.png,0.06342894583940506,0.22499999999999998
./Datasets/KADID10K/images/I78_04_04.png,0.11518462747335434,0.125
./Datasets/KADID10K/images/I78_04_05.png,0.21148806810379028,0.1175
./Datasets/KADID10K/images/I78_05_01.png,0.22875967621803284,0.8174999999999999
./Datasets/KADID10K/images/I78_05_02.png,0.3276217579841614,0.5825
./Datasets/KADID10K/images/I78_05_03.png,0.30451563000679016,0.32499999999999996
./Datasets/KADID10K/images/I78_05_04.png,0.31551796197891235,0.375
./Datasets/KADID10K/images/I78_05_05.png,0.35031718015670776,0.30000000000000004
./Datasets/KADID10K/images/I78_06_01.png,0.0005804589600302279,0.8999999999999999
./Datasets/KADID10K/images/I78_06_02.png,0.00019589628209359944,0.8325
./Datasets/KADID10K/images/I78_06_03.png,0.00013112429587636143,0.7425
./Datasets/KADID10K/images/I78_06_04.png,0.00022260156401898712,0.7675000000000001
./Datasets/KADID10K/images/I78_06_05.png,0.00010805812053149566,0.5825
./Datasets/KADID10K/images/I78_07_01.png,0.1398686021566391,0.6075
./Datasets/KADID10K/images/I78_07_02.png,0.2149183452129364,0.38249999999999995
./Datasets/KADID10K/images/I78_07_03.png,0.25224509835243225,0.3425
./Datasets/KADID10K/images/I78_07_04.png,0.26639384031295776,0.25
./Datasets/KADID10K/images/I78_07_05.png,0.2603027820587158,0.36750000000000005
./Datasets/KADID10K/images/I78_08_01.png,0.07394912093877792,0.8999999999999999
./Datasets/KADID10K/images/I78_08_02.png,0.02710099332034588,0.5825
./Datasets/KADID10K/images/I78_08_03.png,0.04932321235537529,0.42500000000000004
./Datasets/KADID10K/images/I78_08_04.png,0.18903736770153046,0.1925
./Datasets/KADID10K/images/I78_08_05.png,0.2366108000278473,0.14250000000000002
./Datasets/KADID10K/images/I78_09_01.png,0.14042186737060547,0.9199999999999999
./Datasets/KADID10K/images/I78_09_02.png,0.2779078483581543,0.8574999999999999
./Datasets/KADID10K/images/I78_09_03.png,0.35897836089134216,0.75
./Datasets/KADID10K/images/I78_09_04.png,0.5485393404960632,0.35
./Datasets/KADID10K/images/I78_09_05.png,0.7344954609870911,0.04999999999999999
./Datasets/KADID10K/images/I78_10_01.png,0.2928144931793213,0.8925000000000001
./Datasets/KADID10K/images/I78_10_02.png,0.30879220366477966,0.825
./Datasets/KADID10K/images/I78_10_03.png,0.3487253487110138,0.7
./Datasets/KADID10K/images/I78_10_04.png,0.670905351638794,0.15000000000000002
./Datasets/KADID10K/images/I78_10_05.png,0.753023624420166,0.09250000000000003
./Datasets/KADID10K/images/I78_11_01.png,0.2413436472415924,0.675
./Datasets/KADID10K/images/I78_11_02.png,0.31477344036102295,0.6075
./Datasets/KADID10K/images/I78_11_03.png,0.3311455249786377,0.5
./Datasets/KADID10K/images/I78_11_04.png,0.38875722885131836,0.49250000000000005
./Datasets/KADID10K/images/I78_11_05.png,0.4795139729976654,0.35750000000000004
./Datasets/KADID10K/images/I78_12_01.png,0.09759803116321564,0.875
./Datasets/KADID10K/images/I78_12_02.png,0.2907910943031311,0.6575
./Datasets/KADID10K/images/I78_12_03.png,0.3351210057735443,0.5925
./Datasets/KADID10K/images/I78_12_04.png,0.42016172409057617,0.4175
./Datasets/KADID10K/images/I78_12_05.png,0.454720139503479,0.3075
./Datasets/KADID10K/images/I78_13_01.png,0.027996981516480446,0.6675
./Datasets/KADID10K/images/I78_13_02.png,0.07137513905763626,0.5075
./Datasets/KADID10K/images/I78_13_03.png,0.23070308566093445,0.5075
./Datasets/KADID10K/images/I78_13_04.png,0.350974440574646,0.38249999999999995
./Datasets/KADID10K/images/I78_13_05.png,0.44572609663009644,0.32499999999999996
./Datasets/KADID10K/images/I78_14_01.png,0.12004362046718597,0.8574999999999999
./Datasets/KADID10K/images/I78_14_02.png,0.26476967334747314,0.65
./Datasets/KADID10K/images/I78_14_03.png,0.3098544478416443,0.525
./Datasets/KADID10K/images/I78_14_04.png,0.34561726450920105,0.38249999999999995
./Datasets/KADID10K/images/I78_14_05.png,0.46415719389915466,0.26749999999999996
./Datasets/KADID10K/images/I78_15_01.png,0.4337555170059204,0.6925
./Datasets/KADID10K/images/I78_15_02.png,0.5259074568748474,0.5075
./Datasets/KADID10K/images/I78_15_03.png,0.537053108215332,0.25
./Datasets/KADID10K/images/I78_15_04.png,0.5774527788162231,0.2
./Datasets/KADID10K/images/I78_15_05.png,0.6139711737632751,0.1325
./Datasets/KADID10K/images/I78_16_01.png,0.0747578889131546,0.8999999999999999
./Datasets/KADID10K/images/I78_16_02.png,0.07136671245098114,0.8425
./Datasets/KADID10K/images/I78_16_03.png,0.04943245276808739,0.7749999999999999
./Datasets/KADID10K/images/I78_16_04.png,0.02102402038872242,0.5
./Datasets/KADID10K/images/I78_16_05.png,0.13632552325725555,0.16749999999999998
./Datasets/KADID10K/images/I78_17_01.png,0.06747525930404663,0.8925000000000001
./Datasets/KADID10K/images/I78_17_02.png,0.0598558709025383,0.8574999999999999
./Datasets/KADID10K/images/I78_17_03.png,0.03970436379313469,0.8574999999999999
./Datasets/KADID10K/images/I78_17_04.png,0.017243189737200737,0.675
./Datasets/KADID10K/images/I78_17_05.png,0.0014468629378825426,0.475
./Datasets/KADID10K/images/I78_18_01.png,0.015590350143611431,0.8925000000000001
./Datasets/KADID10K/images/I78_18_02.png,0.031264398247003555,0.875
./Datasets/KADID10K/images/I78_18_03.png,0.07394912093877792,0.8999999999999999
./Datasets/KADID10K/images/I78_18_04.png,0.029112454503774643,0.8999999999999999
./Datasets/KADID10K/images/I78_18_05.png,0.013691062107682228,0.7925
./Datasets/KADID10K/images/I78_19_01.png,0.10322276502847672,0.925
./Datasets/KADID10K/images/I78_19_02.png,0.15987180173397064,0.8174999999999999
./Datasets/KADID10K/images/I78_19_03.png,0.25061964988708496,0.525
./Datasets/KADID10K/images/I78_19_04.png,0.43804433941841125,0.25
./Datasets/KADID10K/images/I78_19_05.png,0.3553774654865265,0.057499999999999996
./Datasets/KADID10K/images/I78_20_01.png,0.05861496552824974,0.875
./Datasets/KADID10K/images/I78_20_02.png,0.06521371006965637,0.6
./Datasets/KADID10K/images/I78_20_03.png,0.06326375901699066,0.6425
./Datasets/KADID10K/images/I78_20_04.png,0.05960927531123161,0.4325
./Datasets/KADID10K/images/I78_20_05.png,0.053731124848127365,0.3425
./Datasets/KADID10K/images/I78_21_01.png,0.09258026629686356,0.4325
./Datasets/KADID10K/images/I78_21_02.png,0.13586847484111786,0.39249999999999996
./Datasets/KADID10K/images/I78_21_03.png,0.18340657651424408,0.36750000000000005
./Datasets/KADID10K/images/I78_21_04.png,0.26986056566238403,0.2425
./Datasets/KADID10K/images/I78_21_05.png,0.5444396734237671,0.125
./Datasets/KADID10K/images/I78_22_01.png,0.21447961032390594,0.7
./Datasets/KADID10K/images/I78_22_02.png,0.19763655960559845,0.55
./Datasets/KADID10K/images/I78_22_03.png,0.14259697496891022,0.6825
./Datasets/KADID10K/images/I78_22_04.png,0.1998218446969986,0.42500000000000004
./Datasets/KADID10K/images/I78_22_05.png,0.19244565069675446,0.30000000000000004
./Datasets/KADID10K/images/I78_23_01.png,0.0742046907544136,0.2825
./Datasets/KADID10K/images/I78_23_02.png,0.12323878705501556,0.275
./Datasets/KADID10K/images/I78_23_03.png,0.09453184902667999,0.3175
./Datasets/KADID10K/images/I78_23_04.png,0.1265275627374649,0.25
./Datasets/KADID10K/images/I78_23_05.png,0.13091687858104706,0.2925
./Datasets/KADID10K/images/I78_24_01.png,0.0017464219126850367,0.685
./Datasets/KADID10K/images/I78_24_02.png,0.00045776841579936445,0.4425
./Datasets/KADID10K/images/I78_24_03.png,0.000720517011359334,0.32499999999999996
./Datasets/KADID10K/images/I78_24_04.png,0.0016374470433220267,0.1825
./Datasets/KADID10K/images/I78_24_05.png,0.00912706833332777,0.15000000000000002
./Datasets/KADID10K/images/I78_25_01.png,0.0015736798522993922,0.65
./Datasets/KADID10K/images/I78_25_02.png,0.005168356467038393,0.7325
./Datasets/KADID10K/images/I78_25_03.png,0.017559681087732315,0.8325
./Datasets/KADID10K/images/I78_25_04.png,0.14974671602249146,0.8325
./Datasets/KADID10K/images/I78_25_05.png,0.24149778485298157,0.5075
./Datasets/KADID10K/images/I79_01_01.png,0.07911355048418045,0.925
./Datasets/KADID10K/images/I79_01_02.png,0.22972539067268372,0.9075
./Datasets/KADID10K/images/I79_01_03.png,0.5000697374343872,0.5925
./Datasets/KADID10K/images/I79_01_04.png,0.6102036833763123,0.36750000000000005
./Datasets/KADID10K/images/I79_01_05.png,0.7591223120689392,0.1325
./Datasets/KADID10K/images/I79_02_01.png,0.37013036012649536,0.7925
./Datasets/KADID10K/images/I79_02_02.png,0.5283423066139221,0.5575
./Datasets/KADID10K/images/I79_02_03.png,0.6255626678466797,0.32499999999999996
./Datasets/KADID10K/images/I79_02_04.png,0.6741397380828857,0.21750000000000003
./Datasets/KADID10K/images/I79_02_05.png,0.730948805809021,0.14250000000000002
./Datasets/KADID10K/images/I79_03_01.png,0.07911355048418045,0.8825000000000001
./Datasets/KADID10K/images/I79_03_02.png,0.3046249747276306,0.8075000000000001
./Datasets/KADID10K/images/I79_03_03.png,0.4730720520019531,0.575
./Datasets/KADID10K/images/I79_03_04.png,0.5078126788139343,0.49250000000000005
./Datasets/KADID10K/images/I79_03_05.png,0.5491456389427185,0.26749999999999996
./Datasets/KADID10K/images/I79_04_01.png,0.12391211092472076,0.8825000000000001
./Datasets/KADID10K/images/I79_04_02.png,0.37622225284576416,0.32499999999999996
./Datasets/KADID10K/images/I79_04_03.png,0.5093816518783569,0.1175
./Datasets/KADID10K/images/I79_04_04.png,0.4881247878074646,0.07500000000000001
./Datasets/KADID10K/images/I79_04_05.png,0.4660604000091553,0.03249999999999997
./Datasets/KADID10K/images/I79_05_01.png,0.120803602039814,0.8425
./Datasets/KADID10K/images/I79_05_02.png,0.11867736279964447,0.5925
./Datasets/KADID10K/images/I79_05_03.png,0.23706313967704773,0.375
./Datasets/KADID10K/images/I79_05_04.png,0.2692394554615021,0.4075
./Datasets/KADID10K/images/I79_05_05.png,0.30169183015823364,0.49250000000000005
./Datasets/KADID10K/images/I79_06_01.png,0.0624927282333374,0.8
./Datasets/KADID10K/images/I79_06_02.png,0.0899612307548523,0.8174999999999999
./Datasets/KADID10K/images/I79_06_03.png,0.07347642630338669,0.675
./Datasets/KADID10K/images/I79_06_04.png,0.05577566847205162,0.575
./Datasets/KADID10K/images/I79_06_05.png,0.0031238088849931955,0.35750000000000004
./Datasets/KADID10K/images/I79_07_01.png,0.11035151779651642,0.26749999999999996
./Datasets/KADID10K/images/I79_07_02.png,0.15348781645298004,0.2825
./Datasets/KADID10K/images/I79_07_03.png,0.15385590493679047,0.175
./Datasets/KADID10K/images/I79_07_04.png,0.17258988320827484,0.20750000000000002
./Datasets/KADID10K/images/I79_07_05.png,0.15471011400222778,0.14250000000000002
./Datasets/KADID10K/images/I79_08_01.png,0.07911355048418045,0.8825000000000001
./Datasets/KADID10K/images/I79_08_02.png,0.25964903831481934,0.6425
./Datasets/KADID10K/images/I79_08_03.png,0.39270368218421936,0.4525
./Datasets/KADID10K/images/I79_08_04.png,0.519646942615509,0.1325
./Datasets/KADID10K/images/I79_08_05.png,0.5199352502822876,0.10749999999999998
./Datasets/KADID10K/images/I79_09_01.png,0.15962691605091095,0.9325000000000001
./Datasets/KADID10K/images/I79_09_02.png,0.3806638717651367,0.8574999999999999
./Datasets/KADID10K/images/I79_09_03.png,0.5139297246932983,0.815
./Datasets/KADID10K/images/I79_09_04.png,0.6317161917686462,0.3075
./Datasets/KADID10K/images/I79_09_05.png,0.829605221748352,0.057499999999999996
./Datasets/KADID10K/images/I79_10_01.png,0.38237541913986206,0.8075000000000001
./Datasets/KADID10K/images/I79_10_02.png,0.41286298632621765,0.7575000000000001
./Datasets/KADID10K/images/I79_10_03.png,0.4632933437824249,0.7575000000000001
./Datasets/KADID10K/images/I79_10_04.png,0.6421124935150146,0.2825
./Datasets/KADID10K/images/I79_10_05.png,0.808113157749176,0.10749999999999998
./Datasets/KADID10K/images/I79_11_01.png,0.2702488601207733,0.8574999999999999
./Datasets/KADID10K/images/I79_11_02.png,0.372940331697464,0.6
./Datasets/KADID10K/images/I79_11_03.png,0.42821064591407776,0.5425
./Datasets/KADID10K/images/I79_11_04.png,0.4567168653011322,0.5075
./Datasets/KADID10K/images/I79_11_05.png,0.5037391781806946,0.375
./Datasets/KADID10K/images/I79_12_01.png,0.10900701582431793,0.9175
./Datasets/KADID10K/images/I79_12_02.png,0.3706353008747101,0.6925
./Datasets/KADID10K/images/I79_12_03.png,0.449767142534256,0.6075
./Datasets/KADID10K/images/I79_12_04.png,0.4626007676124573,0.44999999999999996
./Datasets/KADID10K/images/I79_12_05.png,0.4961274266242981,0.3425
./Datasets/KADID10K/images/I79_13_01.png,0.05574539303779602,0.6925
./Datasets/KADID10K/images/I79_13_02.png,0.12737911939620972,0.4675
./Datasets/KADID10K/images/I79_13_03.png,0.10990582406520844,0.38249999999999995
./Datasets/KADID10K/images/I79_13_04.png,0.19146844744682312,0.3175
./Datasets/KADID10K/images/I79_13_05.png,0.30241894721984863,0.3075
./Datasets/KADID10K/images/I79_14_01.png,0.09122603386640549,0.9199999999999999
./Datasets/KADID10K/images/I79_14_02.png,0.18452908098697662,0.7575000000000001
./Datasets/KADID10K/images/I79_14_03.png,0.22832804918289185,0.65
./Datasets/KADID10K/images/I79_14_04.png,0.33136656880378723,0.4575
./Datasets/KADID10K/images/I79_14_05.png,0.3793865442276001,0.35
./Datasets/KADID10K/images/I79_15_01.png,0.45310550928115845,0.75
./Datasets/KADID10K/images/I79_15_02.png,0.5149838924407959,0.5175
./Datasets/KADID10K/images/I79_15_03.png,0.5521734356880188,0.4175
./Datasets/KADID10K/images/I79_15_04.png,0.6483567357063293,0.275
./Datasets/KADID10K/images/I79_15_05.png,0.7022296786308289,0.15749999999999997
./Datasets/KADID10K/images/I79_16_01.png,0.08900605142116547,0.825
./Datasets/KADID10K/images/I79_16_02.png,0.10134781152009964,0.7925
./Datasets/KADID10K/images/I79_16_03.png,0.11022426187992096,0.6425
./Datasets/KADID10K/images/I79_16_04.png,0.0801599994301796,0.5925
./Datasets/KADID10K/images/I79_16_05.png,0.041414134204387665,0.36750000000000005
./Datasets/KADID10K/images/I79_17_01.png,0.07396390289068222,0.8674999999999999
./Datasets/KADID10K/images/I79_17_02.png,0.06920122355222702,0.9075
./Datasets/KADID10K/images/I79_17_03.png,0.056632183492183685,0.7575000000000001
./Datasets/KADID10K/images/I79_17_04.png,0.03072538785636425,0.725
./Datasets/KADID10K/images/I79_17_05.png,0.00644667586311698,0.36750000000000005
./Datasets/KADID10K/images/I79_18_01.png,0.08499247580766678,0.855
./Datasets/KADID10K/images/I79_18_02.png,0.07778751105070114,0.925
./Datasets/KADID10K/images/I79_18_03.png,0.07911355048418045,0.8999999999999999
./Datasets/KADID10K/images/I79_18_04.png,0.03770855441689491,0.8325
./Datasets/KADID10K/images/I79_18_05.png,0.01843966543674469,0.7
./Datasets/KADID10K/images/I79_19_01.png,0.1357683390378952,0.825
./Datasets/KADID10K/images/I79_19_02.png,0.1738538295030594,0.8425
./Datasets/KADID10K/images/I79_19_03.png,0.37469422817230225,0.6675
./Datasets/KADID10K/images/I79_19_04.png,0.4802171587944031,0.4
./Datasets/KADID10K/images/I79_19_05.png,0.5055497884750366,0.15000000000000002
./Datasets/KADID10K/images/I79_20_01.png,0.07393539696931839,0.8500000000000001
./Datasets/KADID10K/images/I79_20_02.png,0.07036648690700531,0.7
./Datasets/KADID10K/images/I79_20_03.png,0.07163011282682419,0.39249999999999996
./Datasets/KADID10K/images/I79_20_04.png,0.10718078911304474,0.4575
./Datasets/KADID10K/images/I79_20_05.png,0.1269797682762146,0.5
./Datasets/KADID10K/images/I79_21_01.png,0.1394300013780594,0.8075000000000001
./Datasets/KADID10K/images/I79_21_02.png,0.1819143146276474,0.6825
./Datasets/KADID10K/images/I79_21_03.png,0.18138356506824493,0.6175
./Datasets/KADID10K/images/I79_21_04.png,0.21160759031772614,0.6
./Datasets/KADID10K/images/I79_21_05.png,0.3612143397331238,0.25
./Datasets/KADID10K/images/I79_22_01.png,0.10864377021789551,0.8825000000000001
./Datasets/KADID10K/images/I79_22_02.png,0.13818077743053436,0.825
./Datasets/KADID10K/images/I79_22_03.png,0.12789927423000336,0.8174999999999999
./Datasets/KADID10K/images/I79_22_04.png,0.15189999341964722,0.5325
./Datasets/KADID10K/images/I79_22_05.png,0.22069963812828064,0.35
./Datasets/KADID10K/images/I79_23_01.png,0.08458136022090912,0.4175
./Datasets/KADID10K/images/I79_23_02.png,0.09475395828485489,0.42500000000000004
./Datasets/KADID10K/images/I79_23_03.png,0.08856891840696335,0.2925
./Datasets/KADID10K/images/I79_23_04.png,0.12303143739700317,0.375
./Datasets/KADID10K/images/I79_23_05.png,0.16508041322231293,0.175
./Datasets/KADID10K/images/I79_24_01.png,0.029553428292274475,0.7175
./Datasets/KADID10K/images/I79_24_02.png,0.015684563666582108,0.5825
./Datasets/KADID10K/images/I79_24_03.png,0.0075340052135288715,0.35
./Datasets/KADID10K/images/I79_24_04.png,0.0034949553664773703,0.20750000000000002
./Datasets/KADID10K/images/I79_24_05.png,0.007816154509782791,0.14250000000000002
./Datasets/KADID10K/images/I79_25_01.png,0.022564968094229698,0.7325
./Datasets/KADID10K/images/I79_25_02.png,0.03379230946302414,0.7325
./Datasets/KADID10K/images/I79_25_03.png,0.05223154276609421,0.875
./Datasets/KADID10K/images/I79_25_04.png,0.10683805495500565,0.7
./Datasets/KADID10K/images/I79_25_05.png,0.16490736603736877,0.55
./Datasets/KADID10K/images/I80_01_01.png,0.2308695912361145,0.9075
./Datasets/KADID10K/images/I80_01_02.png,0.3656262457370758,0.8574999999999999
./Datasets/KADID10K/images/I80_01_03.png,0.4818626344203949,0.5675
./Datasets/KADID10K/images/I80_01_04.png,0.6314767599105835,0.275
./Datasets/KADID10K/images/I80_01_05.png,0.8297911882400513,0.1325
./Datasets/KADID10K/images/I80_02_01.png,0.41311898827552795,0.7075
./Datasets/KADID10K/images/I80_02_02.png,0.5034171342849731,0.5075
./Datasets/KADID10K/images/I80_02_03.png,0.6256197690963745,0.22499999999999998
./Datasets/KADID10K/images/I80_02_04.png,0.6729084253311157,0.1175
./Datasets/KADID10K/images/I80_02_05.png,0.7276501059532166,0.025000000000000022
./Datasets/KADID10K/images/I80_03_01.png,0.2308695912361145,0.875
./Datasets/KADID10K/images/I80_03_02.png,0.3637450337409973,0.825
./Datasets/KADID10K/images/I80_03_03.png,0.5565610527992249,0.5325
./Datasets/KADID10K/images/I80_03_04.png,0.481411337852478,0.4325
./Datasets/KADID10K/images/I80_03_05.png,0.5110751986503601,0.22499999999999998
./Datasets/KADID10K/images/I80_04_01.png,0.31432655453681946,0.8674999999999999
./Datasets/KADID10K/images/I80_04_02.png,0.26924896240234375,0.23249999999999998
./Datasets/KADID10K/images/I80_04_03.png,0.17174050211906433,0.09250000000000003
./Datasets/KADID10K/images/I80_04_04.png,0.11699619889259338,0.21750000000000003
./Datasets/KADID10K/images/I80_04_05.png,0.16363169252872467,0.09250000000000003
./Datasets/KADID10K/images/I80_05_01.png,0.3535056412220001,0.8075000000000001
./Datasets/KADID10K/images/I80_05_02.png,0.369320809841156,0.5825
./Datasets/KADID10K/images/I80_05_03.png,0.40289896726608276,0.44999999999999996
./Datasets/KADID10K/images/I80_05_04.png,0.35867175459861755,0.5325
./Datasets/KADID10K/images/I80_05_05.png,0.40364256501197815,0.42500000000000004
./Datasets/KADID10K/images/I80_06_01.png,0.14445021748542786,0.8425
./Datasets/KADID10K/images/I80_06_02.png,0.13048340380191803,0.8
./Datasets/KADID10K/images/I80_06_03.png,0.09018444269895554,0.7575000000000001
./Datasets/KADID10K/images/I80_06_04.png,0.06086311116814613,0.6325
./Datasets/KADID10K/images/I80_06_05.png,0.004911433439701796,0.4675
./Datasets/KADID10K/images/I80_07_01.png,0.2734905779361725,0.39249999999999996
./Datasets/KADID10K/images/I80_07_02.png,0.31471720337867737,0.35
./Datasets/KADID10K/images/I80_07_03.png,0.29050466418266296,0.3175
./Datasets/KADID10K/images/I80_07_04.png,0.23156559467315674,0.25
./Datasets/KADID10K/images/I80_07_05.png,0.2153245359659195,0.2825
./Datasets/KADID10K/images/I80_08_01.png,0.2308695912361145,0.875
./Datasets/KADID10K/images/I80_08_02.png,0.37450656294822693,0.4575
./Datasets/KADID10K/images/I80_08_03.png,0.45980021357536316,0.3175
./Datasets/KADID10K/images/I80_08_04.png,0.4567503333091736,0.23249999999999998
./Datasets/KADID10K/images/I80_08_05.png,0.4319716691970825,0.125
./Datasets/KADID10K/images/I80_09_01.png,0.31552785634994507,0.925
./Datasets/KADID10K/images/I80_09_02.png,0.40397021174430847,0.7575000000000001
./Datasets/KADID10K/images/I80_09_03.png,0.5222301483154297,0.685
./Datasets/KADID10K/images/I80_09_04.png,0.6874375343322754,0.39249999999999996
./Datasets/KADID10K/images/I80_09_05.png,0.8388734459877014,0.21750000000000003
./Datasets/KADID10K/images/I80_10_01.png,0.377003937959671,0.8574999999999999
./Datasets/KADID10K/images/I80_10_02.png,0.3700030744075775,0.875
./Datasets/KADID10K/images/I80_10_03.png,0.4254103899002075,0.8174999999999999
./Datasets/KADID10K/images/I80_10_04.png,0.7246727347373962,0.15000000000000002
./Datasets/KADID10K/images/I80_10_05.png,0.8966037034988403,0.125
./Datasets/KADID10K/images/I80_11_01.png,0.3147331178188324,0.8674999999999999
./Datasets/KADID10K/images/I80_11_02.png,0.3432289958000183,0.7425
./Datasets/KADID10K/images/I80_11_03.png,0.41939088702201843,0.65
./Datasets/KADID10K/images/I80_11_04.png,0.4705909788608551,0.575
./Datasets/KADID10K/images/I80_11_05.png,0.5396183729171753,0.36750000000000005
./Datasets/KADID10K/images/I80_12_01.png,0.24960024654865265,0.9424999999999999
./Datasets/KADID10K/images/I80_12_02.png,0.35973912477493286,0.8574999999999999
./Datasets/KADID10K/images/I80_12_03.png,0.3737541437149048,0.7175
./Datasets/KADID10K/images/I80_12_04.png,0.468189537525177,0.525
./Datasets/KADID10K/images/I80_12_05.png,0.5170508623123169,0.4425
./Datasets/KADID10K/images/I80_13_01.png,0.2958064675331116,0.7825
./Datasets/KADID10K/images/I80_13_02.png,0.33564281463623047,0.65
./Datasets/KADID10K/images/I80_13_03.png,0.34292516112327576,0.49250000000000005
./Datasets/KADID10K/images/I80_13_04.png,0.4481595754623413,0.39249999999999996
./Datasets/KADID10K/images/I80_13_05.png,0.4568040072917938,0.3325
./Datasets/KADID10K/images/I80_14_01.png,0.2563430070877075,0.8999999999999999
./Datasets/KADID10K/images/I80_14_02.png,0.31409746408462524,0.7675000000000001
./Datasets/KADID10K/images/I80_14_03.png,0.37194836139678955,0.6575
./Datasets/KADID10K/images/I80_14_04.png,0.45103704929351807,0.5075
./Datasets/KADID10K/images/I80_14_05.png,0.5174476504325867,0.3075
./Datasets/KADID10K/images/I80_15_01.png,0.5142945647239685,0.7075
./Datasets/KADID10K/images/I80_15_02.png,0.5964491963386536,0.5575
./Datasets/KADID10K/images/I80_15_03.png,0.6471301317214966,0.5675
./Datasets/KADID10K/images/I80_15_04.png,0.7037417888641357,0.35750000000000004
./Datasets/KADID10K/images/I80_15_05.png,0.7401758432388306,0.23249999999999998
./Datasets/KADID10K/images/I80_16_01.png,0.245935320854187,0.8174999999999999
./Datasets/KADID10K/images/I80_16_02.png,0.2430461049079895,0.7575000000000001
./Datasets/KADID10K/images/I80_16_03.png,0.24891851842403412,0.6425
./Datasets/KADID10K/images/I80_16_04.png,0.21660569310188293,0.44999999999999996
./Datasets/KADID10K/images/I80_16_05.png,0.15480294823646545,0.10749999999999998
./Datasets/KADID10K/images/I80_17_01.png,0.2252504527568817,0.9175
./Datasets/KADID10K/images/I80_17_02.png,0.2123352438211441,0.8574999999999999
./Datasets/KADID10K/images/I80_17_03.png,0.19497765600681305,0.7675000000000001
./Datasets/KADID10K/images/I80_17_04.png,0.13177219033241272,0.5075
./Datasets/KADID10K/images/I80_17_05.png,0.06859009712934494,0.3425
./Datasets/KADID10K/images/I80_18_01.png,0.22542330622673035,0.7075
./Datasets/KADID10K/images/I80_18_02.png,0.2236417829990387,0.8999999999999999
./Datasets/KADID10K/images/I80_18_03.png,0.2308695912361145,0.875
./Datasets/KADID10K/images/I80_18_04.png,0.17162755131721497,0.8174999999999999
./Datasets/KADID10K/images/I80_18_05.png,0.1577734798192978,0.6925
./Datasets/KADID10K/images/I80_19_01.png,0.3266542851924896,0.8574999999999999
./Datasets/KADID10K/images/I80_19_02.png,0.37004682421684265,0.8
./Datasets/KADID10K/images/I80_19_03.png,0.48126208782196045,0.6325
./Datasets/KADID10K/images/I80_19_04.png,0.5938777923583984,0.3075
./Datasets/KADID10K/images/I80_19_05.png,0.6117033362388611,0.09999999999999998
./Datasets/KADID10K/images/I80_20_01.png,0.23684397339820862,0.8574999999999999
./Datasets/KADID10K/images/I80_20_02.png,0.23059193789958954,0.7825
./Datasets/KADID10K/images/I80_20_03.png,0.24019503593444824,0.6925
./Datasets/KADID10K/images/I80_20_04.png,0.24212369322776794,0.6825
./Datasets/KADID10K/images/I80_20_05.png,0.24538718163967133,0.6175
./Datasets/KADID10K/images/I80_21_01.png,0.24102674424648285,0.7825
./Datasets/KADID10K/images/I80_21_02.png,0.29227185249328613,0.625
./Datasets/KADID10K/images/I80_21_03.png,0.27650851011276245,0.6175
./Datasets/KADID10K/images/I80_21_04.png,0.27250275015830994,0.5575
./Datasets/KADID10K/images/I80_21_05.png,0.5322540998458862,0.15749999999999997
./Datasets/KADID10K/images/I80_22_01.png,0.2295287847518921,0.875
./Datasets/KADID10K/images/I80_22_02.png,0.21839548647403717,0.8674999999999999
./Datasets/KADID10K/images/I80_22_03.png,0.2304319590330124,0.8325
./Datasets/KADID10K/images/I80_22_04.png,0.21815134584903717,0.6825
./Datasets/KADID10K/images/I80_22_05.png,0.1703568994998932,0.49250000000000005
./Datasets/KADID10K/images/I80_23_01.png,0.23227860033512115,0.525
./Datasets/KADID10K/images/I80_23_02.png,0.25220227241516113,0.3425
./Datasets/KADID10K/images/I80_23_03.png,0.3059571385383606,0.375
./Datasets/KADID10K/images/I80_23_04.png,0.3183349072933197,0.3075
./Datasets/KADID10K/images/I80_23_05.png,0.3255351483821869,0.3075
./Datasets/KADID10K/images/I80_24_01.png,0.10487722605466843,0.575
./Datasets/KADID10K/images/I80_24_02.png,0.054456714540719986,0.4325
./Datasets/KADID10K/images/I80_24_03.png,0.03650478273630142,0.2425
./Datasets/KADID10K/images/I80_24_04.png,0.03974119946360588,0.15000000000000002
./Datasets/KADID10K/images/I80_24_05.png,0.06003309786319733,0.10749999999999998
./Datasets/KADID10K/images/I80_25_01.png,0.1863528937101364,0.525
./Datasets/KADID10K/images/I80_25_02.png,0.1908227652311325,0.5675
./Datasets/KADID10K/images/I80_25_03.png,0.20480072498321533,0.7425
./Datasets/KADID10K/images/I80_25_04.png,0.27344223856925964,0.8174999999999999
./Datasets/KADID10K/images/I80_25_05.png,0.36147427558898926,0.5075
./Datasets/KADID10K/images/I81_01_01.png,0.022158276289701462,0.9175
./Datasets/KADID10K/images/I81_01_02.png,0.1214074119925499,0.875
./Datasets/KADID10K/images/I81_01_03.png,0.3643173575401306,0.475
./Datasets/KADID10K/images/I81_01_04.png,0.6137152910232544,0.21750000000000003
./Datasets/KADID10K/images/I81_01_05.png,0.8097652196884155,0.04999999999999999
./Datasets/KADID10K/images/I81_02_01.png,0.2257455438375473,0.7175
./Datasets/KADID10K/images/I81_02_02.png,0.4232713282108307,0.39249999999999996
./Datasets/KADID10K/images/I81_02_03.png,0.6442553400993347,0.2
./Datasets/KADID10K/images/I81_02_04.png,0.7353944778442383,0.08250000000000002
./Datasets/KADID10K/images/I81_02_05.png,0.7844191193580627,0.0675
./Datasets/KADID10K/images/I81_03_01.png,0.022158276289701462,0.95
./Datasets/KADID10K/images/I81_03_02.png,0.1237202063202858,0.8174999999999999
./Datasets/KADID10K/images/I81_03_03.png,0.2603778541088104,0.4
./Datasets/KADID10K/images/I81_03_04.png,0.3532944917678833,0.2925
./Datasets/KADID10K/images/I81_03_05.png,0.5106662511825562,0.1325
./Datasets/KADID10K/images/I81_04_01.png,0.03520263358950615,0.875
./Datasets/KADID10K/images/I81_04_02.png,0.04440804570913315,0.4575
./Datasets/KADID10K/images/I81_04_03.png,0.07792592793703079,0.08250000000000002
./Datasets/KADID10K/images/I81_04_04.png,0.08675223588943481,0.09250000000000003
./Datasets/KADID10K/images/I81_04_05.png,0.06109534576535225,0.057499999999999996
./Datasets/KADID10K/images/I81_05_01.png,0.14370161294937134,0.8325
./Datasets/KADID10K/images/I81_05_02.png,0.3052249252796173,0.36750000000000005
./Datasets/KADID10K/images/I81_05_03.png,0.36084598302841187,0.09250000000000003
./Datasets/KADID10K/images/I81_05_04.png,0.356572687625885,0.0675
./Datasets/KADID10K/images/I81_05_05.png,0.38470155000686646,0.09250000000000003
./Datasets/KADID10K/images/I81_06_01.png,0.008392044343054295,0.5425
./Datasets/KADID10K/images/I81_06_02.png,0.010339915752410889,0.525
./Datasets/KADID10K/images/I81_06_03.png,0.008167234249413013,0.475
./Datasets/KADID10K/images/I81_06_04.png,0.004558558110147715,0.36750000000000005
./Datasets/KADID10K/images/I81_06_05.png,7.808444934198633e-05,0.23249999999999998
./Datasets/KADID10K/images/I81_07_01.png,0.044752802699804306,0.38249999999999995
./Datasets/KADID10K/images/I81_07_02.png,0.07318265736103058,0.3175
./Datasets/KADID10K/images/I81_07_03.png,0.12681864202022552,0.35
./Datasets/KADID10K/images/I81_07_04.png,0.17611627280712128,0.3175
./Datasets/KADID10K/images/I81_07_05.png,0.26545998454093933,0.275
./Datasets/KADID10K/images/I81_08_01.png,0.022158276289701462,0.8825000000000001
./Datasets/KADID10K/images/I81_08_02.png,0.023746445775032043,0.5425
./Datasets/KADID10K/images/I81_08_03.png,0.05441330373287201,0.4325
./Datasets/KADID10K/images/I81_08_04.png,0.0700298398733139,0.04999999999999999
./Datasets/KADID10K/images/I81_08_05.png,0.0812707394361496,0.04999999999999999
./Datasets/KADID10K/images/I81_09_01.png,0.038832198828458786,0.9275
./Datasets/KADID10K/images/I81_09_02.png,0.07034118473529816,0.9275
./Datasets/KADID10K/images/I81_09_03.png,0.08113595098257065,0.8425
./Datasets/KADID10K/images/I81_09_04.png,0.5095977783203125,0.36750000000000005
./Datasets/KADID10K/images/I81_09_05.png,0.768215000629425,0.08250000000000002
./Datasets/KADID10K/images/I81_10_01.png,0.1083230972290039,0.7575000000000001
./Datasets/KADID10K/images/I81_10_02.png,0.15850830078125,0.7425
./Datasets/KADID10K/images/I81_10_03.png,0.2652628421783447,0.5875
./Datasets/KADID10K/images/I81_10_04.png,0.6791002750396729,0.10749999999999998
./Datasets/KADID10K/images/I81_10_05.png,0.8356484770774841,0.057499999999999996
./Datasets/KADID10K/images/I81_11_01.png,0.1999775767326355,0.5825
./Datasets/KADID10K/images/I81_11_02.png,0.33865001797676086,0.35
./Datasets/KADID10K/images/I81_11_03.png,0.39719077944755554,0.4325
./Datasets/KADID10K/images/I81_11_04.png,0.5032774806022644,0.2825
./Datasets/KADID10K/images/I81_11_05.png,0.5447947382926941,0.29000000000000004
./Datasets/KADID10K/images/I81_12_01.png,0.07644300162792206,0.8574999999999999
./Datasets/KADID10K/images/I81_12_02.png,0.293179988861084,0.5975
./Datasets/KADID10K/images/I81_12_03.png,0.4332149028778076,0.4175
./Datasets/KADID10K/images/I81_12_04.png,0.5326584577560425,0.34750000000000003
./Datasets/KADID10K/images/I81_12_05.png,0.5309610366821289,0.3175
./Datasets/KADID10K/images/I81_13_01.png,0.0025295910891145468,0.44999999999999996
./Datasets/KADID10K/images/I81_13_02.png,0.007996803149580956,0.4675
./Datasets/KADID10K/images/I81_13_03.png,0.004259886685758829,0.2925
./Datasets/KADID10K/images/I81_13_04.png,0.06463996320962906,0.30000000000000004
./Datasets/KADID10K/images/I81_13_05.png,0.21768219769001007,0.2925
./Datasets/KADID10K/images/I81_14_01.png,0.05375201255083084,0.8325
./Datasets/KADID10K/images/I81_14_02.png,0.2204502522945404,0.5075
./Datasets/KADID10K/images/I81_14_03.png,0.3279867172241211,0.42500000000000004
./Datasets/KADID10K/images/I81_14_04.png,0.4543168544769287,0.30000000000000004
./Datasets/KADID10K/images/I81_14_05.png,0.5309388637542725,0.16749999999999998
./Datasets/KADID10K/images/I81_15_01.png,0.35009580850601196,0.5325
./Datasets/KADID10K/images/I81_15_02.png,0.5193790197372437,0.2
./Datasets/KADID10K/images/I81_15_03.png,0.5373137593269348,0.1175
./Datasets/KADID10K/images/I81_15_04.png,0.6424200534820557,0.11249999999999999
./Datasets/KADID10K/images/I81_15_05.png,0.6958743929862976,0.057499999999999996
./Datasets/KADID10K/images/I81_16_01.png,0.02254754863679409,0.9075
./Datasets/KADID10K/images/I81_16_02.png,0.021613148972392082,0.7925
./Datasets/KADID10K/images/I81_16_03.png,0.017102591693401337,0.6675
./Datasets/KADID10K/images/I81_16_04.png,0.005038704257458448,0.4175
./Datasets/KADID10K/images/I81_16_05.png,0.01562519371509552,0.14250000000000002
./Datasets/KADID10K/images/I81_17_01.png,0.020586026832461357,0.9175
./Datasets/KADID10K/images/I81_17_02.png,0.018125426024198532,0.9325000000000001
./Datasets/KADID10K/images/I81_17_03.png,0.01370946317911148,0.8425
./Datasets/KADID10K/images/I81_17_04.png,0.005092579871416092,0.6825
./Datasets/KADID10K/images/I81_17_05.png,0.0009150812984444201,0.3325
./Datasets/KADID10K/images/I81_18_01.png,0.010660569183528423,0.8174999999999999
./Datasets/KADID10K/images/I81_18_02.png,0.014337582513689995,0.9075
./Datasets/KADID10K/images/I81_18_03.png,0.022158276289701462,0.9325000000000001
./Datasets/KADID10K/images/I81_18_04.png,0.0068175941705703735,0.895
./Datasets/KADID10K/images/I81_18_05.png,0.0034449496306478977,0.8
./Datasets/KADID10K/images/I81_19_01.png,0.031127598136663437,0.875
./Datasets/KADID10K/images/I81_19_02.png,0.03444664925336838,0.8325
./Datasets/KADID10K/images/I81_19_03.png,0.13038289546966553,0.5
./Datasets/KADID10K/images/I81_19_04.png,0.2850984036922455,0.15000000000000002
./Datasets/KADID10K/images/I81_19_05.png,0.23265601694583893,0.04249999999999998
./Datasets/KADID10K/images/I81_20_01.png,0.029129739850759506,0.8
./Datasets/KADID10K/images/I81_20_02.png,0.019621629267930984,0.3425
./Datasets/KADID10K/images/I81_20_03.png,0.013595758005976677,0.7675000000000001
./Datasets/KADID10K/images/I81_20_04.png,0.04071247577667236,0.3175
./Datasets/KADID10K/images/I81_20_05.png,0.021241575479507446,0.08250000000000002
./Datasets/KADID10K/images/I81_21_01.png,0.03786616399884224,0.5075
./Datasets/KADID10K/images/I81_21_02.png,0.11230655759572983,0.3325
./Datasets/KADID10K/images/I81_21_03.png,0.1430700570344925,0.36750000000000005
./Datasets/KADID10K/images/I81_21_04.png,0.1916516125202179,0.25
./Datasets/KADID10K/images/I81_21_05.png,0.4162977635860443,0.1325
./Datasets/KADID10K/images/I81_22_01.png,0.06275372207164764,0.75
./Datasets/KADID10K/images/I81_22_02.png,0.1061209887266159,0.725
./Datasets/KADID10K/images/I81_22_03.png,0.11650441586971283,0.5925
./Datasets/KADID10K/images/I81_22_04.png,0.15140193700790405,0.48250000000000004
./Datasets/KADID10K/images/I81_22_05.png,0.208692729473114,0.22499999999999998
./Datasets/KADID10K/images/I81_23_01.png,0.02420676499605179,0.4575
./Datasets/KADID10K/images/I81_23_02.png,0.027590112760663033,0.22499999999999998
./Datasets/KADID10K/images/I81_23_03.png,0.03677778318524361,0.4325
./Datasets/KADID10K/images/I81_23_04.png,0.057639673352241516,0.16749999999999998
./Datasets/KADID10K/images/I81_23_05.png,0.1253725290298462,0.2825
./Datasets/KADID10K/images/I81_24_01.png,0.0009294027113355696,0.6175
./Datasets/KADID10K/images/I81_24_02.png,0.0005118486587889493,0.4325
./Datasets/KADID10K/images/I81_24_03.png,0.0006897571729496121,0.3075
./Datasets/KADID10K/images/I81_24_04.png,0.0027078306302428246,0.16749999999999998
./Datasets/KADID10K/images/I81_24_05.png,0.00281508662737906,0.09250000000000003
./Datasets/KADID10K/images/I81_25_01.png,0.0006676898337900639,0.5825
./Datasets/KADID10K/images/I81_25_02.png,0.001808452419936657,0.6825
./Datasets/KADID10K/images/I81_25_03.png,0.005088602192699909,0.825
./Datasets/KADID10K/images/I81_25_04.png,0.06355611979961395,0.7825
./Datasets/KADID10K/images/I81_25_05.png,0.1404949575662613,0.5675
